-- phpMyAdmin SQL Dump
-- version 3.2.4
-- http://www.phpmyadmin.net
--
-- Host: localhost
-- Generation Time: Jan 09, 2014 at 12:48 AM
-- Server version: 5.1.41
-- PHP Version: 5.3.1

SET SQL_MODE="NO_AUTO_VALUE_ON_ZERO";


/*!40101 SET @OLD_CHARACTER_SET_CLIENT=@@CHARACTER_SET_CLIENT */;
/*!40101 SET @OLD_CHARACTER_SET_RESULTS=@@CHARACTER_SET_RESULTS */;
/*!40101 SET @OLD_COLLATION_CONNECTION=@@COLLATION_CONNECTION */;
/*!40101 SET NAMES utf8 */;

--
-- Database: `hotel`
--

-- --------------------------------------------------------

--
-- Table structure for table `account_ledger`
--

CREATE TABLE IF NOT EXISTS `account_ledger` (
  `id` int(11) NOT NULL AUTO_INCREMENT,
  `dr` int(11) NOT NULL,
  `cr` int(11) NOT NULL,
  `amount` int(11) NOT NULL,
  `chkin_id` varchar(15) DEFAULT NULL,
  `created_date` datetime NOT NULL,
  `updated_date` datetime NOT NULL,
  PRIMARY KEY (`id`),
  KEY `dr` (`dr`,`cr`),
  KEY `cr` (`cr`)
) ENGINE=InnoDB  DEFAULT CHARSET=utf8 AUTO_INCREMENT=230 ;

--
-- Dumping data for table `account_ledger`
--

INSERT INTO `account_ledger` (`id`, `dr`, `cr`, `amount`, `chkin_id`, `created_date`, `updated_date`) VALUES
(1, 32, 17, 4000, '13', '2013-11-24 00:00:00', '0000-00-00 00:00:00'),
(2, 25, 17, 4000, '7', '2013-11-24 00:00:00', '0000-00-00 00:00:00'),
(3, 26, 17, 4000, '8', '2013-11-24 00:00:00', '0000-00-00 00:00:00'),
(4, 28, 17, 4500, '9', '2013-11-24 00:00:00', '0000-00-00 00:00:00'),
(5, 31, 17, 4000, '12', '2013-11-24 00:00:00', '0000-00-00 00:00:00'),
(6, 31, 18, 680, '12', '2013-11-24 00:00:00', '0000-00-00 00:00:00'),
(7, 25, 17, 4000, '7', '2013-11-25 00:00:00', '0000-00-00 00:00:00'),
(8, 26, 17, 4000, '8', '2013-11-25 00:00:00', '0000-00-00 00:00:00'),
(9, 35, 17, 4500, '9', '2013-11-25 00:00:00', '0000-00-00 00:00:00'),
(10, 31, 17, 4000, '12', '2013-11-25 00:00:00', '0000-00-00 00:00:00'),
(11, 31, 18, 680, '12', '2013-11-25 00:00:00', '0000-00-00 00:00:00'),
(12, 25, 17, 4000, '7', '2013-11-26 00:00:00', '0000-00-00 00:00:00'),
(13, 35, 17, 4500, '9', '2013-11-26 00:00:00', '0000-00-00 00:00:00'),
(14, 34, 17, 4200, '15', '2013-11-26 00:00:00', '0000-00-00 00:00:00'),
(15, 35, 17, 4500, '9', '2013-11-27 00:00:00', '0000-00-00 00:00:00'),
(16, 34, 17, 4200, '15', '2013-11-27 00:00:00', '0000-00-00 00:00:00'),
(17, 39, 17, 4500, '18', '2013-11-27 00:00:00', '0000-00-00 00:00:00'),
(18, 39, 18, 765, '18', '2013-11-27 00:00:00', '0000-00-00 00:00:00'),
(19, 41, 17, 4000, '19', '2013-11-27 00:00:00', '0000-00-00 00:00:00'),
(20, 45, 17, 4500, '22', '2013-11-27 00:00:00', '0000-00-00 00:00:00'),
(21, 45, 18, 765, '22', '2013-11-27 00:00:00', '0000-00-00 00:00:00'),
(22, 46, 17, 4000, '23', '2013-11-27 00:00:00', '0000-00-00 00:00:00'),
(23, 47, 17, 4000, '24', '2013-11-27 00:00:00', '0000-00-00 00:00:00'),
(24, 39, 17, 4500, '18', '2013-11-28 00:00:00', '0000-00-00 00:00:00'),
(25, 39, 18, 765, '18', '2013-11-28 00:00:00', '0000-00-00 00:00:00'),
(26, 46, 17, 4000, '23', '2013-11-28 00:00:00', '0000-00-00 00:00:00'),
(27, 47, 17, 4000, '24', '2013-11-28 00:00:00', '0000-00-00 00:00:00'),
(28, 39, 17, 4500, '18', '2013-11-29 00:00:00', '0000-00-00 00:00:00'),
(29, 39, 18, 765, '18', '2013-11-29 00:00:00', '0000-00-00 00:00:00'),
(30, 39, 17, 4500, '18', '2013-11-30 00:00:00', '0000-00-00 00:00:00'),
(31, 39, 18, 765, '18', '2013-11-30 00:00:00', '0000-00-00 00:00:00'),
(32, 50, 17, 4700, '26', '2013-11-30 00:00:00', '0000-00-00 00:00:00'),
(33, 50, 18, 799, '26', '2013-11-30 00:00:00', '0000-00-00 00:00:00'),
(34, 39, 17, 4500, '18', '2013-12-01 00:00:00', '0000-00-00 00:00:00'),
(35, 39, 18, 765, '18', '2013-12-01 00:00:00', '0000-00-00 00:00:00'),
(36, 50, 17, 4700, '26', '2013-12-01 00:00:00', '0000-00-00 00:00:00'),
(37, 50, 18, 799, '26', '2013-12-01 00:00:00', '0000-00-00 00:00:00'),
(38, 39, 17, 4500, '18', '2013-12-02 00:00:00', '0000-00-00 00:00:00'),
(39, 39, 18, 765, '18', '2013-12-02 00:00:00', '0000-00-00 00:00:00'),
(40, 39, 17, 4500, '18', '2013-12-03 00:00:00', '0000-00-00 00:00:00'),
(41, 39, 18, 765, '18', '2013-12-03 00:00:00', '0000-00-00 00:00:00'),
(42, 53, 17, 4500, '28', '2013-12-03 00:00:00', '0000-00-00 00:00:00'),
(43, 53, 18, 765, '28', '2013-12-03 00:00:00', '0000-00-00 00:00:00'),
(44, 54, 17, 4000, '29', '2013-12-03 00:00:00', '0000-00-00 00:00:00'),
(45, 39, 17, 4500, '18', '2013-12-04 00:00:00', '0000-00-00 00:00:00'),
(46, 39, 18, 765, '18', '2013-12-04 00:00:00', '0000-00-00 00:00:00'),
(47, 60, 17, 4000, '33', '2013-12-04 00:00:00', '0000-00-00 00:00:00'),
(48, 39, 17, 4500, '18', '2013-12-05 00:00:00', '0000-00-00 00:00:00'),
(49, 39, 18, 765, '18', '2013-12-05 00:00:00', '0000-00-00 00:00:00'),
(50, 57, 17, 4500, '30', '2013-12-05 00:00:00', '0000-00-00 00:00:00'),
(51, 57, 18, 765, '30', '2013-12-05 00:00:00', '0000-00-00 00:00:00'),
(52, 62, 17, 4000, '31', '2013-12-05 00:00:00', '0000-00-00 00:00:00'),
(53, 59, 17, 4500, '32', '2013-12-05 00:00:00', '0000-00-00 00:00:00'),
(54, 59, 18, 765, '32', '2013-12-05 00:00:00', '0000-00-00 00:00:00'),
(55, 60, 17, 4000, '33', '2013-12-05 00:00:00', '0000-00-00 00:00:00'),
(56, 61, 17, 4500, '34', '2013-12-05 00:00:00', '0000-00-00 00:00:00'),
(57, 61, 18, 765, '34', '2013-12-05 00:00:00', '0000-00-00 00:00:00'),
(58, 66, 17, 4700, '38', '2013-12-05 00:00:00', '0000-00-00 00:00:00'),
(59, 39, 17, 4500, '18', '2013-12-09 00:00:00', '0000-00-00 00:00:00'),
(60, 39, 18, 765, '18', '2013-12-09 00:00:00', '0000-00-00 00:00:00'),
(61, 66, 17, 4700, '38', '2013-12-09 00:00:00', '0000-00-00 00:00:00'),
(62, 68, 17, 4200, '39', '2013-12-09 00:00:00', '0000-00-00 00:00:00'),
(63, 68, 18, 714, '39', '2013-12-09 00:00:00', '0000-00-00 00:00:00'),
(64, 39, 17, 4500, '18', '2013-12-10 00:00:00', '0000-00-00 00:00:00'),
(65, 39, 18, 765, '18', '2013-12-10 00:00:00', '0000-00-00 00:00:00'),
(66, 68, 17, 4200, '39', '2013-12-10 00:00:00', '0000-00-00 00:00:00'),
(67, 69, 17, 4700, '40', '2013-12-10 00:00:00', '0000-00-00 00:00:00'),
(68, 71, 17, 4000, '41', '2013-12-10 00:00:00', '0000-00-00 00:00:00'),
(69, 71, 17, 4500, '42', '2013-12-10 00:00:00', '0000-00-00 00:00:00'),
(70, 71, 18, 765, '42', '2013-12-10 00:00:00', '0000-00-00 00:00:00'),
(71, 72, 17, 4200, '43', '2013-12-10 00:00:00', '0000-00-00 00:00:00'),
(72, 72, 18, 714, '43', '2013-12-10 00:00:00', '0000-00-00 00:00:00'),
(73, 39, 17, 4500, '18', '2013-12-11 00:00:00', '0000-00-00 00:00:00'),
(74, 39, 18, 765, '18', '2013-12-11 00:00:00', '0000-00-00 00:00:00'),
(75, 68, 17, 4200, '39', '2013-12-11 00:00:00', '0000-00-00 00:00:00'),
(76, 71, 17, 4000, '41', '2013-12-11 00:00:00', '0000-00-00 00:00:00'),
(77, 71, 17, 4500, '42', '2013-12-11 00:00:00', '0000-00-00 00:00:00'),
(78, 71, 18, 765, '42', '2013-12-11 00:00:00', '0000-00-00 00:00:00'),
(79, 75, 17, 4200, '45', '2013-12-11 00:00:00', '0000-00-00 00:00:00'),
(80, 75, 18, 714, '45', '2013-12-11 00:00:00', '0000-00-00 00:00:00'),
(81, 76, 17, 4200, '46', '2013-12-11 00:00:00', '0000-00-00 00:00:00'),
(82, 76, 18, 714, '46', '2013-12-11 00:00:00', '0000-00-00 00:00:00'),
(83, 71, 17, 4000, '41', '2013-12-12 00:00:00', '0000-00-00 00:00:00'),
(84, 71, 17, 4500, '42', '2013-12-12 00:00:00', '0000-00-00 00:00:00'),
(85, 71, 18, 765, '42', '2013-12-12 00:00:00', '0000-00-00 00:00:00'),
(86, 82, 17, 4200, '45', '2013-12-12 00:00:00', '0000-00-00 00:00:00'),
(87, 84, 17, 4200, '46', '2013-12-12 00:00:00', '0000-00-00 00:00:00'),
(88, 88, 17, 4200, '53', '2013-12-12 00:00:00', '0000-00-00 00:00:00'),
(89, 88, 18, 714, '53', '2013-12-12 00:00:00', '0000-00-00 00:00:00'),
(90, 89, 17, 4700, '54', '2013-12-12 00:00:00', '0000-00-00 00:00:00'),
(91, 89, 18, 799, '54', '2013-12-12 00:00:00', '0000-00-00 00:00:00'),
(92, 90, 17, 4000, '55', '2013-12-12 00:00:00', '0000-00-00 00:00:00'),
(93, 90, 18, 680, '55', '2013-12-12 00:00:00', '0000-00-00 00:00:00'),
(94, 91, 17, 5000, '56', '2013-12-12 00:00:00', '0000-00-00 00:00:00'),
(95, 88, 17, 4200, '53', '2013-12-13 00:00:00', '0000-00-00 00:00:00'),
(96, 88, 18, 714, '53', '2013-12-13 00:00:00', '0000-00-00 00:00:00'),
(97, 96, 17, 3500, '62', '2013-12-13 00:00:00', '0000-00-00 00:00:00'),
(98, 96, 18, 595, '62', '2013-12-13 00:00:00', '0000-00-00 00:00:00'),
(99, 94, 17, 4500, '60', '2013-12-15 00:00:00', '0000-00-00 00:00:00'),
(100, 96, 17, 3500, '62', '2013-12-15 00:00:00', '0000-00-00 00:00:00'),
(101, 96, 18, 595, '62', '2013-12-15 00:00:00', '0000-00-00 00:00:00'),
(102, 96, 17, 3500, '62', '2013-12-16 00:00:00', '0000-00-00 00:00:00'),
(103, 96, 18, 595, '62', '2013-12-16 00:00:00', '0000-00-00 00:00:00'),
(104, 101, 17, 4200, '68', '2013-12-16 00:00:00', '0000-00-00 00:00:00'),
(105, 101, 18, 714, '68', '2013-12-16 00:00:00', '0000-00-00 00:00:00'),
(106, 96, 17, 3500, '62', '2013-12-17 00:00:00', '0000-00-00 00:00:00'),
(107, 96, 18, 595, '62', '2013-12-17 00:00:00', '0000-00-00 00:00:00'),
(108, 108, 17, 4200, '75', '2013-12-17 00:00:00', '0000-00-00 00:00:00'),
(109, 108, 18, 714, '75', '2013-12-17 00:00:00', '0000-00-00 00:00:00'),
(110, 96, 17, 3500, '62', '2013-12-18 00:00:00', '0000-00-00 00:00:00'),
(111, 96, 18, 595, '62', '2013-12-18 00:00:00', '0000-00-00 00:00:00'),
(112, 107, 17, 5000, '74', '2013-12-18 00:00:00', '0000-00-00 00:00:00'),
(113, 107, 18, 850, '74', '2013-12-18 00:00:00', '0000-00-00 00:00:00'),
(114, 96, 17, 3500, '62', '2013-12-19 00:00:00', '0000-00-00 00:00:00'),
(115, 112, 17, 4000, '79', '2013-12-19 00:00:00', '0000-00-00 00:00:00'),
(116, 112, 18, 680, '79', '2013-12-19 00:00:00', '0000-00-00 00:00:00'),
(117, 117, 17, 4200, '83', '2013-12-19 00:00:00', '0000-00-00 00:00:00'),
(118, 117, 18, 714, '83', '2013-12-19 00:00:00', '0000-00-00 00:00:00'),
(119, 96, 17, 3500, '62', '2013-12-20 00:00:00', '0000-00-00 00:00:00'),
(120, 117, 17, 4200, '83', '2013-12-20 00:00:00', '0000-00-00 00:00:00'),
(121, 117, 18, 714, '83', '2013-12-20 00:00:00', '0000-00-00 00:00:00'),
(122, 96, 17, 3500, '62', '2013-12-21 00:00:00', '0000-00-00 00:00:00'),
(123, 96, 17, 3500, '62', '2013-12-22 00:00:00', '0000-00-00 00:00:00'),
(124, 124, 17, 4700, '93', '2013-12-22 00:00:00', '0000-00-00 00:00:00'),
(125, 124, 18, 799, '93', '2013-12-22 00:00:00', '0000-00-00 00:00:00'),
(126, 125, 17, 4500, '94', '2013-12-22 00:00:00', '0000-00-00 00:00:00'),
(127, 96, 17, 3500, '62', '2013-12-23 00:00:00', '0000-00-00 00:00:00'),
(128, 122, 17, 4500, '91', '2013-12-23 00:00:00', '0000-00-00 00:00:00'),
(129, 123, 17, 4200, '92', '2013-12-23 00:00:00', '0000-00-00 00:00:00'),
(130, 123, 18, 714, '92', '2013-12-23 00:00:00', '0000-00-00 00:00:00'),
(131, 124, 17, 4700, '93', '2013-12-23 00:00:00', '0000-00-00 00:00:00'),
(132, 124, 18, 799, '93', '2013-12-23 00:00:00', '0000-00-00 00:00:00'),
(133, 96, 17, 3500, '62', '2013-12-24 00:00:00', '0000-00-00 00:00:00'),
(134, 122, 17, 4500, '91', '2013-12-24 00:00:00', '0000-00-00 00:00:00'),
(135, 123, 17, 4200, '92', '2013-12-24 00:00:00', '0000-00-00 00:00:00'),
(136, 123, 18, 714, '92', '2013-12-24 00:00:00', '0000-00-00 00:00:00'),
(137, 125, 17, 4500, '94', '2013-12-24 00:00:00', '0000-00-00 00:00:00'),
(138, 128, 17, 4500, '97', '2013-12-24 00:00:00', '0000-00-00 00:00:00'),
(139, 96, 17, 3500, '62', '2013-12-25 00:00:00', '0000-00-00 00:00:00'),
(140, 122, 17, 4500, '91', '2013-12-25 00:00:00', '0000-00-00 00:00:00'),
(141, 123, 17, 4000, '92', '2013-12-25 00:00:00', '0000-00-00 00:00:00'),
(142, 125, 17, 4500, '94', '2013-12-25 00:00:00', '0000-00-00 00:00:00'),
(143, 128, 17, 4500, '97', '2013-12-25 00:00:00', '0000-00-00 00:00:00'),
(144, 129, 17, 4700, '98', '2013-12-25 00:00:00', '0000-00-00 00:00:00'),
(145, 129, 17, 4700, '99', '2013-12-25 00:00:00', '0000-00-00 00:00:00'),
(146, 130, 17, 5200, '100', '2013-12-25 00:00:00', '0000-00-00 00:00:00'),
(147, 96, 17, 3500, '62', '2013-12-26 00:00:00', '0000-00-00 00:00:00'),
(148, 122, 17, 4500, '91', '2013-12-26 00:00:00', '0000-00-00 00:00:00'),
(149, 123, 17, 4000, '92', '2013-12-26 00:00:00', '0000-00-00 00:00:00'),
(150, 125, 17, 4500, '94', '2013-12-26 00:00:00', '0000-00-00 00:00:00'),
(151, 128, 17, 4500, '97', '2013-12-26 00:00:00', '0000-00-00 00:00:00'),
(152, 129, 17, 4700, '98', '2013-12-26 00:00:00', '0000-00-00 00:00:00'),
(153, 129, 17, 4700, '99', '2013-12-26 00:00:00', '0000-00-00 00:00:00'),
(154, 130, 17, 5200, '100', '2013-12-26 00:00:00', '0000-00-00 00:00:00'),
(155, 134, 17, 4000, '103', '2013-12-26 00:00:00', '0000-00-00 00:00:00'),
(156, 96, 17, 3500, '62', '2013-12-28 00:00:00', '0000-00-00 00:00:00'),
(157, 125, 17, 4500, '94', '2013-12-28 00:00:00', '0000-00-00 00:00:00'),
(158, 136, 17, 4700, '102', '2013-12-28 00:00:00', '0000-00-00 00:00:00'),
(159, 137, 17, 5000, '105', '2013-12-28 00:00:00', '0000-00-00 00:00:00'),
(160, 138, 17, 10000, '106', '2013-12-28 00:00:00', '0000-00-00 00:00:00'),
(161, 138, 18, 1700, '106', '2013-12-28 00:00:00', '0000-00-00 00:00:00'),
(162, 139, 17, 4500, '107', '2013-12-28 00:00:00', '0000-00-00 00:00:00'),
(163, 141, 17, 5000, '109', '2013-12-28 00:00:00', '0000-00-00 00:00:00'),
(164, 142, 17, 4700, '110', '2013-12-28 00:00:00', '0000-00-00 00:00:00'),
(165, 142, 17, 4700, '111', '2013-12-28 00:00:00', '0000-00-00 00:00:00'),
(166, 96, 17, 3500, '62', '2013-12-30 00:00:00', '0000-00-00 00:00:00'),
(167, 125, 17, 4500, '94', '2013-12-30 00:00:00', '0000-00-00 00:00:00'),
(168, 139, 17, 4500, '107', '2013-12-30 00:00:00', '0000-00-00 00:00:00'),
(169, 140, 17, 4500, '108', '2013-12-30 00:00:00', '0000-00-00 00:00:00'),
(170, 141, 17, 5000, '109', '2013-12-30 00:00:00', '0000-00-00 00:00:00'),
(171, 96, 17, 3500, '62', '2013-12-31 00:00:00', '0000-00-00 00:00:00'),
(172, 125, 17, 4500, '94', '2013-12-31 00:00:00', '0000-00-00 00:00:00'),
(173, 139, 17, 4500, '107', '2013-12-31 00:00:00', '0000-00-00 00:00:00'),
(174, 140, 17, 4500, '108', '2013-12-31 00:00:00', '0000-00-00 00:00:00'),
(175, 141, 17, 5000, '109', '2013-12-31 00:00:00', '0000-00-00 00:00:00'),
(176, 144, 17, 4200, '113', '2013-12-31 00:00:00', '0000-00-00 00:00:00'),
(177, 144, 18, 714, '113', '2013-12-31 00:00:00', '0000-00-00 00:00:00'),
(178, 96, 17, 3500, '62', '2014-01-01 00:00:00', '0000-00-00 00:00:00'),
(179, 125, 17, 4500, '94', '2014-01-01 00:00:00', '0000-00-00 00:00:00'),
(180, 140, 17, 4500, '108', '2014-01-01 00:00:00', '0000-00-00 00:00:00'),
(181, 144, 17, 4200, '113', '2014-01-01 00:00:00', '0000-00-00 00:00:00'),
(182, 144, 18, 714, '113', '2014-01-01 00:00:00', '0000-00-00 00:00:00'),
(183, 96, 17, 3500, '62', '2014-01-02 00:00:00', '0000-00-00 00:00:00'),
(184, 125, 17, 4500, '94', '2014-01-02 00:00:00', '0000-00-00 00:00:00'),
(185, 140, 17, 4500, '108', '2014-01-02 00:00:00', '0000-00-00 00:00:00'),
(186, 149, 17, 6300, '122', '2014-01-02 00:00:00', '0000-00-00 00:00:00'),
(187, 150, 17, 4500, '123', '2014-01-02 00:00:00', '0000-00-00 00:00:00'),
(188, 150, 18, 765, '123', '2014-01-02 00:00:00', '0000-00-00 00:00:00'),
(189, 151, 17, 5500, '124', '2014-01-02 00:00:00', '0000-00-00 00:00:00'),
(190, 96, 17, 3500, '62', '2014-01-03 00:00:00', '0000-00-00 00:00:00'),
(191, 125, 17, 4500, '94', '2014-01-03 00:00:00', '0000-00-00 00:00:00'),
(192, 140, 17, 4500, '108', '2014-01-03 00:00:00', '0000-00-00 00:00:00'),
(193, 149, 17, 6300, '122', '2014-01-03 00:00:00', '0000-00-00 00:00:00'),
(194, 96, 17, 3500, '62', '2014-01-04 00:00:00', '0000-00-00 00:00:00'),
(195, 125, 17, 4500, '94', '2014-01-04 00:00:00', '0000-00-00 00:00:00'),
(196, 149, 17, 6300, '122', '2014-01-04 00:00:00', '0000-00-00 00:00:00'),
(197, 150, 17, 4500, '123', '2014-01-04 00:00:00', '0000-00-00 00:00:00'),
(198, 150, 18, 765, '123', '2014-01-04 00:00:00', '0000-00-00 00:00:00'),
(199, 151, 17, 5500, '124', '2014-01-04 00:00:00', '0000-00-00 00:00:00'),
(200, 152, 17, 9000, '125', '2014-01-04 00:00:00', '0000-00-00 00:00:00'),
(201, 152, 18, 1530, '125', '2014-01-04 00:00:00', '0000-00-00 00:00:00'),
(202, 153, 17, 4500, '126', '2014-01-04 00:00:00', '0000-00-00 00:00:00'),
(203, 153, 18, 765, '126', '2014-01-04 00:00:00', '0000-00-00 00:00:00'),
(204, 154, 17, 4700, '127', '2014-01-04 00:00:00', '0000-00-00 00:00:00'),
(205, 154, 18, 799, '127', '2014-01-04 00:00:00', '0000-00-00 00:00:00'),
(206, 155, 17, 4500, '128', '2014-01-04 00:00:00', '0000-00-00 00:00:00'),
(207, 156, 17, 5000, '129', '2014-01-04 00:00:00', '0000-00-00 00:00:00'),
(208, 96, 17, 3500, '62', '2014-01-06 00:00:00', '0000-00-00 00:00:00'),
(209, 125, 17, 4500, '94', '2014-01-06 00:00:00', '0000-00-00 00:00:00'),
(210, 154, 17, 4700, '127', '2014-01-06 00:00:00', '0000-00-00 00:00:00'),
(211, 154, 18, 799, '127', '2014-01-06 00:00:00', '0000-00-00 00:00:00'),
(212, 159, 17, 5000, '131', '2014-01-06 00:00:00', '0000-00-00 00:00:00'),
(213, 159, 18, 850, '131', '2014-01-06 00:00:00', '0000-00-00 00:00:00'),
(214, 160, 17, 5000, '132', '2014-01-06 00:00:00', '0000-00-00 00:00:00'),
(215, 160, 18, 850, '132', '2014-01-06 00:00:00', '0000-00-00 00:00:00'),
(216, 144, 17, 4700, '134', '2014-01-06 00:00:00', '0000-00-00 00:00:00'),
(217, 144, 18, 799, '134', '2014-01-06 00:00:00', '0000-00-00 00:00:00'),
(218, 123, 17, 4200, '135', '2014-01-06 00:00:00', '0000-00-00 00:00:00'),
(219, 123, 18, 714, '135', '2014-01-06 00:00:00', '0000-00-00 00:00:00'),
(220, 162, 17, 5000, '136', '2014-01-06 00:00:00', '0000-00-00 00:00:00'),
(221, 96, 17, 3500, '62', '2014-01-08 00:00:00', '0000-00-00 00:00:00'),
(222, 125, 17, 4500, '94', '2014-01-08 00:00:00', '0000-00-00 00:00:00'),
(223, 159, 17, 5000, '131', '2014-01-08 00:00:00', '0000-00-00 00:00:00'),
(224, 159, 18, 850, '131', '2014-01-08 00:00:00', '0000-00-00 00:00:00'),
(225, 144, 17, 4700, '134', '2014-01-08 00:00:00', '0000-00-00 00:00:00'),
(226, 144, 18, 799, '134', '2014-01-08 00:00:00', '0000-00-00 00:00:00'),
(227, 123, 17, 4200, '135', '2014-01-08 00:00:00', '0000-00-00 00:00:00'),
(228, 123, 18, 714, '135', '2014-01-08 00:00:00', '0000-00-00 00:00:00'),
(229, 162, 17, 5000, '136', '2014-01-08 00:00:00', '0000-00-00 00:00:00');

-- --------------------------------------------------------

--
-- Table structure for table `account_name`
--

CREATE TABLE IF NOT EXISTS `account_name` (
  `id` int(11) NOT NULL AUTO_INCREMENT,
  `name` varchar(200) NOT NULL,
  `guest_comp_id` int(11) DEFAULT NULL,
  `account_type_id` int(11) DEFAULT NULL,
  `created_date` timestamp NOT NULL DEFAULT CURRENT_TIMESTAMP,
  PRIMARY KEY (`id`),
  KEY `account_type_id` (`account_type_id`)
) ENGINE=InnoDB  DEFAULT CHARSET=utf8 AUTO_INCREMENT=165 ;

--
-- Dumping data for table `account_name`
--

INSERT INTO `account_name` (`id`, `name`, `guest_comp_id`, `account_type_id`, `created_date`) VALUES
(1, 'Walk-in', NULL, 1, '2013-11-23 14:58:34'),
(2, 'imran khan-0234-2342342', NULL, 2, '2013-11-23 15:03:21'),
(3, 'mr altaf-0435-8882246', NULL, 2, '2013-11-23 15:42:39'),
(4, 'MR FAISAL MUSHTAQ-0321-4471474', NULL, 2, '2002-11-23 20:19:44'),
(5, 'E-Y', NULL, 1, '2002-11-23 20:56:04'),
(6, 'OZONE SOLUTION', NULL, 1, '2002-11-23 20:56:40'),
(7, 'C-W-S', NULL, 1, '2002-11-23 20:57:04'),
(8, '', NULL, 4, '2002-11-23 20:58:30'),
(9, 'A.G.C.N ', NULL, 1, '2013-11-24 11:33:12'),
(10, 'PRIVET', NULL, 1, '2013-11-24 11:33:35'),
(11, 'PWC LAHORE', NULL, 1, '2013-11-24 11:34:12'),
(12, 'HELP AGE PAKISTAN', NULL, 1, '2013-11-24 11:34:54'),
(13, 'SKF PAKISTAN', NULL, 1, '2013-11-24 11:35:31'),
(14, 'SHOUKAT KHANUM HOSPITAL', NULL, 1, '2013-11-24 11:36:29'),
(15, 'MDM ', NULL, 1, '2013-11-24 11:36:44'),
(16, 'INTER MEDIA', NULL, 1, '2013-11-24 11:37:04'),
(17, 'READ FOUNDATION', NULL, 1, '2013-11-24 11:37:31'),
(18, 'SAIF GROUP', NULL, 1, '2013-11-24 11:37:52'),
(19, 'TELCO NET', NULL, 1, '2013-11-24 11:38:17'),
(20, 'BUSSINES BEAM', NULL, 1, '2013-11-24 11:38:52'),
(21, 'MEDA', NULL, 1, '2013-11-24 11:39:10'),
(22, 'SABAH PAKISTAN', NULL, 1, '2013-11-24 11:40:14'),
(23, 'WINROCK', NULL, 1, '2013-11-24 11:40:48'),
(24, 'LUCKY CEMENT', NULL, 1, '2013-11-24 11:41:24'),
(25, 'Dr. FAKHAR-E-ALAM-0333-9463153', NULL, 2, '2013-11-24 14:52:03'),
(26, 'MR JAN DIL KHAN -0334-9179337', NULL, 2, '2013-11-24 16:14:24'),
(27, '.', NULL, 1, '2013-11-24 17:00:37'),
(28, 'MR JAITENDAR-0334-3421196', NULL, 2, '2013-11-24 19:27:25'),
(29, 'MR MUHAMMAD IDREES-0300-4282884', NULL, 2, '2013-11-24 22:57:19'),
(30, 'MR AMIR MUKHTAR-0300-9427354', NULL, 2, '2013-11-24 23:06:39'),
(31, 'MR SAJJAD AHMED-0300-9083216', NULL, 2, '2013-11-24 23:14:01'),
(32, 'MR MUHAMMAD SUFYAN-0313-8887430', NULL, 2, '2013-11-24 23:18:18'),
(33, 'MR MOBIN KHAN-0213-5650007', NULL, 2, '2013-11-25 19:05:29'),
(34, 'MR KHURRAM SHAHZAD-0333-4343427', NULL, 2, '2013-11-25 20:02:25'),
(35, 'MR JAITENDAR-GHAZANFAR-0334-3421196', NULL, 2, '2013-11-25 20:08:29'),
(36, 'MR ARSHAD NASEEM-0300-8002000', NULL, 2, '2013-11-25 23:31:05'),
(37, 'TERA DATA', NULL, 1, '2013-11-25 23:39:03'),
(38, 'MR TALHA BIN HAIDER-0334-3594375', NULL, 2, '2013-11-26 20:25:01'),
(39, 'MR MUHAMMAD IRTZA HAIDAR-0322-4003179', NULL, 2, '2013-11-26 21:34:30'),
(40, 'VECTRA COM', NULL, 1, '2013-11-27 09:18:18'),
(41, 'MR MUHAMMAD ALI BUTT -0300-8209756', NULL, 2, '2013-11-27 18:31:55'),
(42, 'MIS NOOR JEHAN-0333-5897312', NULL, 2, '2013-11-27 23:19:26'),
(43, 'MR AIZAZ/MR KAMRAN/MR SAFDAR-0333-9125431', NULL, 2, '2013-11-27 00:30:14'),
(44, 'BACHA KHAN UNIVERSITY', NULL, 1, '2013-11-27 00:32:32'),
(45, 'MR AZAM GUL-0321-3388088', NULL, 2, '2013-11-27 15:30:06'),
(46, 'MS MARIA JOHANNA CHRISTINA -0311-8261462', NULL, 2, '2013-11-27 15:46:42'),
(47, 'MS MARAGARETHA JOHANNA -0311-8261462', NULL, 2, '2013-11-27 16:29:21'),
(48, 'Mrs farhi -0305-5777189', NULL, 2, '2013-11-28 20:28:08'),
(49, 'MR JAITENDAR & GHAZANFAR-0334-3421196', NULL, 2, '2013-11-29 09:26:29'),
(50, 'MR FARHAN AFZAL -0300-6307907', NULL, 2, '2013-12-01 15:24:07'),
(51, 'UNITED INSURANCE', NULL, 1, '2013-12-02 18:28:50'),
(52, 'MR SHEHRYAR & IMRAN -0343-4104898', NULL, 2, '2013-12-02 18:31:25'),
(53, 'MR MUHAMMAD IDREES-0300-8406789', NULL, 2, '2013-12-03 22:40:45'),
(54, 'MR ALI MALIK-0300-9680101', NULL, 2, '2013-12-03 22:51:43'),
(55, 'PWC', NULL, 1, '2013-12-03 22:56:22'),
(56, 'ALFTEH ', NULL, 1, '2013-12-04 16:25:37'),
(57, 'MR MUHAMMAD UMAIR BILAL -0321-4461188', NULL, 2, '2013-12-04 16:28:13'),
(58, 'MR YAOXINSHENG-0333-5052503', NULL, 2, '2013-12-04 22:18:02'),
(59, 'MS SHI LIZHEN-0336-4259296', NULL, 2, '2013-12-04 22:27:52'),
(60, 'MR MUHAMMAD NAWAZ-0300-9428529', NULL, 2, '2013-12-04 22:39:16'),
(61, 'MR TANG JUN-0347-8988877', NULL, 2, '2013-12-04 22:47:47'),
(62, 'MR YAO XINSHENG-0333-5052503', NULL, 2, '2013-12-05 07:51:07'),
(63, 'MR SAAD ANJUM -0336-4078420', NULL, 2, '2013-12-05 17:52:07'),
(64, 'MIS MADIHA-0313-2798240', NULL, 2, '2013-12-07 21:26:13'),
(65, 'MR HASSAN NAUMAN AHMED/AHMED Q-0345-2700777', NULL, 2, '2013-12-08 23:18:50'),
(66, 'MR HASSAN NAUMAN AHMED/AHMED -0345-2700777', NULL, 2, '2013-12-08 23:23:03'),
(67, 'PTC', NULL, 1, '2013-12-09 07:15:42'),
(68, 'MR HAMMAD GHAZALI -0300-2145067', NULL, 2, '2013-12-09 11:12:41'),
(69, 'MR AADIL MANDVIWALLA -0334-3000684', NULL, 2, '2013-12-09 16:21:46'),
(70, 'MANDVIWALLAH ', NULL, 1, '2013-12-09 16:22:32'),
(71, 'MR ASADULLAH PATHAN -0300-0812589', NULL, 2, '2013-12-09 22:09:06'),
(72, 'MS ANITA SARFARAZ -0321-8200808', NULL, 2, '2013-12-09 22:16:39'),
(73, 'MR SAAD -0334-5225634', NULL, 2, '2013-12-10 09:11:12'),
(74, 'MMP', NULL, 1, '2013-12-10 18:30:37'),
(75, 'SYED MUJEEBULLAH HUSINI -0332-3242097', NULL, 2, '2013-12-10 18:33:52'),
(76, 'SYED NOORUL HUSSAIN -0333-2109286', NULL, 2, '2013-12-10 18:37:01'),
(77, 'MR AHMED AWAIS -0346-8555664', NULL, 2, '2013-12-11 18:30:44'),
(78, 'MR KHURRAM IQBAL -0302-8936767', NULL, 2, '2013-12-11 19:44:08'),
(79, 'MISS TANIA FATIMA -0308-8111167', NULL, 2, '2013-12-11 19:46:57'),
(80, 'Ms Tania -0302-8111167', NULL, 2, '2013-12-11 19:52:31'),
(81, 'Mr Javed Akhtar -0333-9118853', NULL, 2, '2013-12-11 19:58:17'),
(82, 'Syed Mujeebullah Husaini  -0332-3242097', NULL, 2, '2013-12-12 12:19:21'),
(83, 'Mr Muhammad Irtaza Haider -0322-4003179', NULL, 2, '2013-12-12 12:20:24'),
(84, 'Syed Noor Ul Hussain  -0333-2109286', NULL, 2, '2013-12-12 12:21:37'),
(85, 'MR Hammad Ghazali  -0300-2145067', NULL, 2, '2013-12-12 12:22:12'),
(86, 'Mr Shahid Raza Zaidi-0300-0406071', NULL, 2, '2013-12-12 00:09:52'),
(87, 'CMD', NULL, 1, '2013-12-12 00:14:27'),
(88, 'Mr Rasheed Ahmed Jamal-0305-5552662', NULL, 2, '2013-12-12 00:22:37'),
(89, 'Mr Ijaz Ali -0346-9310141', NULL, 2, '2013-12-13 15:42:55'),
(90, 'Mr Shahzad -0300-8581216', NULL, 2, '2013-12-13 18:11:47'),
(91, 'Mr Sajjad & Asghar Khan -0342-9658849', NULL, 2, '2013-12-13 19:34:24'),
(92, 'Bank Islami ', NULL, 1, '2013-12-13 19:36:03'),
(93, 'Mr Dr Maseeh ur Rahman-0333-2266901', NULL, 2, '2013-12-13 23:58:42'),
(94, 'Mr Shoaib Irfan-0322-7155555', NULL, 2, '2013-12-14 21:45:57'),
(95, 'Mr Umer Naveed-0300-9114453', NULL, 2, '2013-12-14 22:30:07'),
(96, 'Mis Zahida Nasreen-0324-5028539', NULL, 2, '2013-12-15 00:04:16'),
(97, 'Mr Saleem mousani -0300-8292899', NULL, 2, '2013-12-15 13:26:14'),
(98, 'Mr Saleem moosani -0300-8292899', NULL, 2, '2013-12-15 18:31:37'),
(99, 'Mr Muhammad Usman-0321-6640501', NULL, 2, '2013-12-15 21:57:20'),
(100, 'Ep Firms', NULL, 1, '2013-12-15 21:58:38'),
(101, 'MR IMTIAZ MUHAMMAD -0345-8588910', NULL, 2, '2013-12-16 18:12:05'),
(102, 'MR NOUSHER SHERAZ -0321-8440164', NULL, 2, '2013-12-16 18:13:41'),
(103, 'Mr Asad Ahmed Burney-0321-8966661', NULL, 2, '2013-12-16 20:25:17'),
(104, 'MR AHSAN TUFAIL -0333-5617745', NULL, 2, '2013-12-16 20:46:20'),
(105, 'MR HABIB UR REHMAN -0302-8652575', NULL, 2, '2013-12-16 21:01:25'),
(106, 'MR SUMAIR IDREES-0321-8226097', NULL, 2, '2013-12-16 22:39:13'),
(107, 'MR SAMIM MONEB -0306-5406268', NULL, 2, '2013-12-17 19:08:04'),
(108, 'MR WAQAS AKBAR -0300-4000930', NULL, 2, '2013-12-17 19:55:54'),
(109, 'MR MOHAMMAD AMJAD KHAWAJA-0321-8662353', NULL, 2, '2013-12-17 20:33:07'),
(110, 'MR KHADIM HUSSAIN-0321-4020345', NULL, 2, '2013-12-18 02:15:04'),
(111, 'WORLD VISION ', NULL, 1, '2013-12-18 08:34:22'),
(112, 'MR EJAZ HUSNAIN -0300-8241050', NULL, 2, '2013-12-18 10:59:40'),
(113, 'MR ARIF MAQSOOD-0300-8416266', NULL, 2, '2013-12-18 18:15:35'),
(114, 'MR KHADIM HUSSAIN -0321-4020345', NULL, 2, '2013-12-18 18:18:14'),
(115, 'MR GHULAM MUSTAFAABRO-0300-2989256', NULL, 2, '2013-12-18 22:37:11'),
(116, 'THRIVE', NULL, 1, '2013-12-18 22:38:05'),
(117, 'MR ZAFAR HAMEED ISMAIL-0321-5155469', NULL, 2, '2013-12-18 22:42:59'),
(118, 'mr azam gul  -0321-3388088', NULL, 2, '2013-12-20 11:10:20'),
(119, 'mr arshad khan -0308-8656970', NULL, 2, '2013-12-20 22:17:23'),
(120, 'mr saad abbas -0342-5100999', NULL, 2, '2013-12-21 08:32:40'),
(121, 'mr bilal anjum-0300-5311247', NULL, 2, '2013-12-21 21:18:59'),
(122, 'MIS HINA SARWAR -0334-4169626', NULL, 2, '2013-12-22 17:56:09'),
(123, 'mr zain ahmed -0306-5141427', NULL, 2, '2013-12-22 20:52:16'),
(124, 'mr mian tariq -0300-8425050', NULL, 2, '2002-09-24 09:32:39'),
(125, 'MR ADEEL MALIK -0300-8231560', NULL, 2, '2002-09-24 12:31:50'),
(126, 'MR MIRZA FAHD-0331-5195289', NULL, 2, '2013-12-23 01:43:22'),
(127, 'MR KHURRAM HUSSAIN -0300-2887099', NULL, 2, '2013-12-23 06:16:21'),
(128, 'syed shahrukh iqbal -0320-2220022', NULL, 2, '2013-12-24 03:18:13'),
(129, 'mr faisal mohammed -0301-8203060', NULL, 2, '2013-12-24 18:54:51'),
(130, 'MR SAJJAD AHMAD-0300-7252977', NULL, 2, '2013-11-24 21:22:04'),
(131, 'OBS ', NULL, 1, '2013-12-26 03:19:09'),
(132, 'MR ABID MAHMOOD SALEEMI -0336-2637421', NULL, 2, '2013-12-26 03:28:14'),
(133, 'mr adeel ahmed khan -0333-2290760', NULL, 2, '2013-12-27 03:25:23'),
(134, 'MR KAMRAN ARSHAD RANA-0307-7077420', NULL, 2, '2013-12-28 01:04:19'),
(135, 'WAPDA', NULL, 1, '2013-12-28 02:40:07'),
(136, 'MR ADEEL AHMED KHAN-0333-2290760', NULL, 2, '2013-12-28 02:50:59'),
(137, 'MR RIAZ AHMAD-0321-9284625', NULL, 2, '2013-12-28 04:31:06'),
(138, 'mr naeem akhter -0300-8268757', NULL, 2, '2013-12-28 05:00:41'),
(139, 'mis andeisha farid-0334-5225634', NULL, 2, '2013-12-28 18:02:21'),
(140, 'mr usman ur rehamn -0333-4486773', NULL, 2, '2013-12-28 14:23:34'),
(141, 'MR KAMRAN HAMEED-0333-5222345', NULL, 2, '2013-12-28 05:43:28'),
(142, 'MR DR NASIR SULMAN-0333-2177604', NULL, 2, '2013-12-29 20:39:27'),
(143, 'mr muqtadar billah -0345-2472008', NULL, 2, '2013-12-28 00:47:43'),
(144, 'MR MR KHURRAM SHAHZAD-0333-4343427', NULL, 2, '2013-12-30 20:54:18'),
(145, 'MR SHAHJAHAN AYUB-0300-8471188', NULL, 2, '2013-12-31 20:52:38'),
(146, 'mr khawar wahab -0321-4768007', NULL, 2, '2013-12-28 02:43:29'),
(147, 'syed afzal ali -0331-3483086', NULL, 2, '2013-12-28 02:45:29'),
(148, 'syed farhan khursheed -0300-8264920', NULL, 2, '2014-01-02 19:08:16'),
(149, 'MR ATIF HUSAIN-0300-8204412', NULL, 2, '2014-01-03 15:25:34'),
(150, 'MR NOMAN AHMED -0300-8113888', NULL, 2, '2014-01-03 15:29:05'),
(151, 'SYED AHMED REZA -0321-3816022', NULL, 2, '2014-01-03 15:30:34'),
(152, 'mr muhammad sharif -0300-8687822', NULL, 2, '2014-01-04 16:53:04'),
(153, 'MR SAAD WALI-0315-5055246', NULL, 2, '2014-12-04 22:04:53'),
(154, 'mr sarwar maniar-0300-8238764', NULL, 2, '2014-01-05 03:44:56'),
(155, 'MR AIYAN BHUTTH-0321-9473194', NULL, 2, '2002-09-24 02:34:50'),
(156, 'MR ASIM SAEED-0300-8242764', NULL, 2, '2014-12-05 22:21:59'),
(157, 'MR WAQAS AHMAD-0300-5000241', NULL, 2, '2014-01-06 14:46:52'),
(158, 'TRADE DYNAMICS', NULL, 1, '2014-12-06 17:38:44'),
(159, 'MR MUHAMMAD HUSSAIN KHAN -0346-8240002', NULL, 2, '2014-01-06 20:25:04'),
(160, 'MR EUGENE JUKOO -0034-5558877', NULL, 2, '2014-01-06 21:48:44'),
(161, 'MR WASEEM ABBAS-0336-6666910', NULL, 2, '2014-01-06 23:09:31'),
(162, 'MR MUHAMMAD YASIR QIDWAI-0346-8411000', NULL, 2, '2014-01-08 00:08:38'),
(163, 'mr ekhno jukoo-0306-5406268', NULL, 2, '2014-01-08 02:31:42'),
(164, 'mr taimoor ali durani -0313-5885555', NULL, 2, '2014-01-08 02:44:48');

-- --------------------------------------------------------

--
-- Table structure for table `account_type`
--

CREATE TABLE IF NOT EXISTS `account_type` (
  `id` int(11) NOT NULL AUTO_INCREMENT,
  `name` varchar(80) NOT NULL,
  `created_date` timestamp NOT NULL DEFAULT CURRENT_TIMESTAMP,
  PRIMARY KEY (`id`)
) ENGINE=InnoDB  DEFAULT CHARSET=utf8 AUTO_INCREMENT=5 ;

--
-- Dumping data for table `account_type`
--

INSERT INTO `account_type` (`id`, `name`, `created_date`) VALUES
(1, 'company', '2013-06-13 12:10:23'),
(2, 'guest', '2013-06-13 12:20:21'),
(3, 'general', '2013-06-13 12:24:31'),
(4, 'Services', '2013-06-14 14:46:59');

-- --------------------------------------------------------

--
-- Table structure for table `assignments`
--

CREATE TABLE IF NOT EXISTS `assignments` (
  `itemname` varchar(64) NOT NULL,
  `userid` varchar(64) NOT NULL,
  `bizrule` text,
  `data` text,
  PRIMARY KEY (`itemname`,`userid`)
) ENGINE=MyISAM DEFAULT CHARSET=utf8;

--
-- Dumping data for table `assignments`
--

INSERT INTO `assignments` (`itemname`, `userid`, `bizrule`, `data`) VALUES
('Authority', '1', '', 's:0:"";'),
('FrontDesk', '14', '', 's:0:"";'),
('Administrator', '15', '', 's:0:"";'),
('Auditor', '16', '', 's:0:"";'),
('Administrator', '13', '', 's:0:"";'),
('Authority', '15', '', ''),
('taxcontroller', '17', '', 's:0:"";');

-- --------------------------------------------------------

--
-- Table structure for table `country`
--

CREATE TABLE IF NOT EXISTS `country` (
  `country_id` int(11) NOT NULL AUTO_INCREMENT,
  `country_name` varchar(50) NOT NULL,
  `country_currancy` varchar(50) NOT NULL,
  `currancy_sign` varchar(10) DEFAULT NULL,
  `country_code` varchar(10) DEFAULT NULL,
  `branch_id` int(11) NOT NULL,
  PRIMARY KEY (`country_id`)
) ENGINE=InnoDB  DEFAULT CHARSET=utf8 AUTO_INCREMENT=239 ;

--
-- Dumping data for table `country`
--

INSERT INTO `country` (`country_id`, `country_name`, `country_currancy`, `currancy_sign`, `country_code`, `branch_id`) VALUES
(1, 'Pakistan', 'PK', 'NULL', 'NULL', 7),
(2, 'Afghani', 'Af', 'NULL', '0093', 7),
(3, 'Algeria', 'DA', 'NULL', 'NULL', 7),
(6, 'Angola', 'Kz', 'NULL', 'NULL', 7),
(9, 'Antigua And Barbuda', 'EC$', 'NULL', 'NULL', 7),
(10, 'Argentina', 'A', 'NULL', 'NULL', 7),
(11, 'Armenia', '', 'NULL', 'NULL', 7),
(13, 'Australia', 'A$', 'NULL', 'NULL', 7),
(14, 'Austria', '¤', 'NULL', 'NULL', 7),
(15, 'Azerbaijan', '', 'NULL', 'NULL', 7),
(16, 'British', 'B$', 'NULL', 'NULL', 7),
(17, 'Bahrain', 'BD', 'NULL', 'NULL', 7),
(18, 'Bangladesh', 'Tk', 'NULL', 'NULL', 7),
(19, 'Barbados', 'Bds$', 'NULL', 'NULL', 7),
(20, 'Belarus', 'BR', 'NULL', 'NULL', 7),
(21, 'Belgium', '¤', 'NULL', 'NULL', 7),
(24, 'Bermuda', 'Bd$', 'NULL', 'NULL', 7),
(25, 'Bhutan', 'Nu', 'NULL', 'NULL', 7),
(26, 'Bolivia', 'Bs', 'NULL', 'NULL', 7),
(27, 'Bosnia and Herzegovina', 'KM', 'NULL', 'NULL', 7),
(30, 'Brazil', 'R$', 'NULL', 'NULL', 7),
(32, 'Brunei', 'B$', 'NULL', 'NULL', 7),
(33, 'Bulgaria', 'Lv', 'NULL', 'NULL', 7),
(35, 'Burundi', 'Fbu', 'NULL', 'NULL', 7),
(36, 'Cambodia', 'CR', 'NULL', 'NULL', 7),
(37, 'Cameroon', 'CFAF', 'NULL', 'NULL', 7),
(38, 'Canada', 'Can$', 'NULL', 'NULL', 7),
(42, 'Chad', 'CFAF', 'NULL', 'NULL', 7),
(43, 'Chile', 'Ch$', 'NULL', 'NULL', 7),
(44, 'China', 'Y', 'NULL', 'NULL', 7),
(49, 'Colombia', 'Col$', 'NULL', 'NULL', 7),
(51, 'Congo', 'CFAF', 'NULL', 'NULL', 7),
(54, 'Costa Rica', '/C', 'NULL', 'NULL', 7),
(55, 'Deutsch', 'CFAF', 'NULL', 'NULL', 7),
(56, 'Croatia (Hrvatska)', 'HRK', 'NULL', 'NULL', 7),
(57, 'Cuba', 'Cu$', 'NULL', 'NULL', 7),
(58, 'Cyprus', '£C', 'NULL', 'NULL', 7),
(59, 'Czech Republic', 'Kc', 'NULL', 'NULL', 7),
(60, 'Denmark', 'Dkr', 'NULL', 'NULL', 7),
(63, 'Dominican Republic', 'RD$', 'NULL', 'NULL', 7),
(64, 'East Timor', 'Rp', 'NULL', 'NULL', 7),
(65, 'Ecuador', 'S/', 'NULL', 'NULL', 7),
(66, 'Egypt', '£E', 'NULL', 'NULL', 7),
(67, 'El Salvador', '¢', 'NULL', 'NULL', 7),
(69, 'Eritrea', 'Nfa', 'NULL', 'NULL', 7),
(70, 'Estonia', 'KR', 'NULL', 'NULL', 7),
(71, 'Ethiopia', 'Br', 'NULL', 'NULL', 7),
(73, 'Faroe Islands', 'Dkr', 'NULL', 'NULL', 7),
(74, 'Fiji Islands', 'F$', 'NULL', 'NULL', 7),
(75, 'Finland', '¤', 'NULL', 'NULL', 7),
(76, 'France', '¤', 'NULL', 'NULL', 7),
(80, 'Gabon', 'CFAF', 'NULL', 'NULL', 7),
(81, 'Gambia, The', 'D', 'NULL', 'NULL', 7),
(82, 'Georgia', '', 'NULL', 'NULL', 7),
(83, 'Germany', '¤', 'NULL', 'NULL', 7),
(84, 'Ghana', '¢', 'NULL', 'NULL', 7),
(85, 'Gibraltar', '£G', 'NULL', 'NULL', 7),
(86, 'Greece', '¤', 'NULL', 'NULL', 7),
(87, 'Greenland', 'Dkr', 'NULL', 'NULL', 7),
(88, 'Grenada', 'EC$', 'NULL', 'NULL', 7),
(90, 'Guam', '$', 'NULL', 'NULL', 7),
(91, 'Guatemala', 'Q', 'NULL', 'NULL', 7),
(92, 'Guinea', 'PG', 'NULL', 'NULL', 7),
(93, 'Guinea-Bissau', 'CFAF', 'NULL', 'NULL', 7),
(94, 'Guyana', 'G$', 'NULL', 'NULL', 7),
(95, 'Haiti', 'G$', 'NULL', 'NULL', 7),
(96, 'Heard and McDonald Islands', '¤', 'NULL', 'NULL', 7),
(97, 'Honduras', 'L', 'NULL', 'NULL', 7),
(98, 'Hungary', 'Ft', 'NULL', 'NULL', 7),
(99, 'Iceland', 'Ikr', 'NULL', 'NULL', 7),
(100, 'INDIA', 'Rs', 'NULL', 'NULL', 7),
(101, 'Indonesia', 'Rp', 'NULL', 'NULL', 7),
(102, 'Iran', 'Rls', 'NULL', 'NULL', 7),
(103, 'Iraq', 'ID', 'NULL', 'NULL', 7),
(104, 'Ireland', '¤', 'NULL', 'NULL', 7),
(105, 'Islands (British)', '$', 'NULL', 'NULL', 7),
(106, 'Israel', 'NIS', 'NULL', 'NULL', 7),
(107, 'Italy', 'Lit', 'NULL', 'NULL', 7),
(108, 'Jamaica', 'J$', 'NULL', 'NULL', 7),
(109, 'Japan', '¥', 'NULL', 'NULL', 7),
(110, 'Jordan', 'JD', 'NULL', 'NULL', 7),
(111, 'Kazakhstan', '', 'NULL', 'NULL', 7),
(112, 'Kenya', 'K Sh', 'NULL', 'NULL', 7),
(113, 'Kiribati', '¤', 'NULL', 'NULL', 7),
(114, 'Korea', 'W', 'NULL', 'NULL', 7),
(115, 'Korea, North', 'Wn', 'NULL', 'NULL', 7),
(116, 'Kuwait', 'KD', 'NULL', 'NULL', 7),
(117, 'Kyrgyzstan', '', 'NULL', 'NULL', 7),
(118, 'Laos', 'KN', 'NULL', 'NULL', 7),
(119, 'Latvia', 'Ls', 'NULL', 'NULL', 7),
(120, 'Lebanon', 'L.L.', 'NULL', 'NULL', 7),
(121, 'Lesotho', 'L, lp, M', 'NULL', 'NULL', 7),
(122, 'Liberia', '$', 'NULL', 'NULL', 7),
(123, 'Libya', 'LD', 'NULL', 'NULL', 7),
(124, 'Liechtenstein', 'SwF', 'NULL', 'NULL', 7),
(125, 'Lithuania', '', 'NULL', 'NULL', 7),
(127, 'Macedonia, Former Yugoslav', 'MKD', 'NULL', '00', 7),
(128, 'Madagascar', 'FMG', 'NULL', 'NULL', 7),
(129, 'Malawi', 'MK', 'NULL', 'NULL', 7),
(130, 'Malaysia', 'RM', 'NULL', 'NULL', 7),
(131, 'Maldives', 'Rf', 'NULL', 'NULL', 7),
(132, 'Mali', 'CFAF', 'NULL', 'NULL', 7),
(133, 'Malta', 'Lm', 'NULL', 'NULL', 7),
(135, 'Martinique', '¤', 'NULL', 'NULL', 7),
(136, 'Mauritania', 'UM', 'NULL', 'NULL', 7),
(137, 'Mauritius', 'Mau Rs', 'NULL', 'NULL', 7),
(138, 'Mayotte', '', 'NULL', 'NULL', 7),
(139, 'Mexico', 'Mex$', 'NULL', 'NULL', 7),
(140, 'Micronesia', '$', 'NULL', 'NULL', 7),
(141, 'Moldova', '$', 'NULL', 'NULL', 7),
(142, 'Monaco', '¤', 'NULL', 'NULL', 7),
(143, 'Mongolia', 'Tug', 'NULL', 'NULL', 7),
(144, 'Montserrat', 'EC$', 'NULL', 'NULL', 7),
(145, 'Morocco', 'DH', 'NULL', 'NULL', 7),
(146, 'Mozambique', 'Mt', 'NULL', 'NULL', 7),
(147, 'Myanmar', 'K', 'NULL', 'NULL', 7),
(148, 'Namibia', 'N$', 'NULL', 'NULL', 7),
(149, 'Nauru', 'A$', 'NULL', 'NULL', 7),
(150, 'Nepal', 'NRs', 'NULL', 'NULL', 7),
(151, 'Netherlands', 'Ant.f. .', 'NULL', 'NULL', 7),
(153, 'New Caledonia', 'CFPF', 'NULL', 'NULL', 7),
(154, 'New Zealand', 'NZ$', 'NULL', 'NULL', 7),
(155, 'Nicaragua', 'C$', 'NULL', 'NULL', 7),
(156, 'Niger', 'CFAF', 'NULL', 'NULL', 7),
(157, 'Nigeria', ' N', 'NULL', 'NULL', 7),
(158, 'Niue', 'NZ$', 'NULL', 'NULL', 7),
(159, 'Norfolk Island', 'A$', 'NULL', 'NULL', 7),
(160, 'Palestine', '$', 'NULL', '0000000', 7),
(161, 'Norway', 'NKr', 'NULL', 'NULL', 7),
(162, 'Oman', 'RO', 'NULL', 'NULL', 7),
(163, 'Pakistani', 'Rs', 'NULL', 'NULL', 7),
(165, 'Panama', 'B', 'NULL', 'NULL', 7),
(166, 'Papua new Guinea', 'K', 'NULL', 'NULL', 7),
(167, 'Paraguay', '/G', 'NULL', 'NULL', 7),
(168, 'Peru', 'S/', 'NULL', 'NULL', 7),
(169, 'Philippines', 'P', 'NULL', 'NULL', 7),
(171, 'Poland', 'z - 1', 'NULL', 'NULL', 7),
(172, 'Portugal', '¤', 'NULL', 'NULL', 7),
(173, 'Puerto Rico', '$', 'NULL', 'NULL', 7),
(174, 'Qatar', 'QR', 'NULL', 'NULL', 7),
(176, 'Romania', 'L', 'NULL', 'NULL', 7),
(177, 'Russia', 'R', 'NULL', 'NULL', 7),
(178, 'Rwanda', 'RF', 'NULL', 'NULL', 7),
(181, 'Saint Lucia', 'EC$', 'NULL', 'NULL', 7),
(183, 'Saint Vincent ', 'EC$', 'NULL', '000', 7),
(185, 'San Marino', 'Lit', 'NULL', 'NULL', 7),
(187, 'Saudi Arabia', 'SR1s', 'NULL', 'NULL', 7),
(188, 'Senegal', 'CFAF', 'NULL', 'NULL', 7),
(190, 'Sierra Leone', 'Le', 'NULL', 'NULL', 7),
(191, 'Singapore', 'S$', 'NULL', 'NULL', 7),
(192, 'Slovakia', 'Sk', 'NULL', 'NULL', 7),
(193, 'Slovenia', 'S1T', 'NULL', 'NULL', 7),
(195, 'Somalia', 'So. Sh', 'NULL', 'NULL', 7),
(196, 'South Africa', 'R', 'NULL', 'NULL', 7),
(197, 'Spain', 'Ptas', 'NULL', 'NULL', 7),
(198, 'Sri Lanka', 'SLRs', 'NULL', 'NULL', 7),
(199, 'Sudan', '', 'NULL', 'NULL', 7),
(202, 'Swaziland', 'L, pl. , E', 'NULL', 'NULL', 7),
(203, 'Sweden', 'kr or Sk', 'NULL', 'NULL', 7),
(204, 'Switzerland', 'SwF', 'NULL', 'NULL', 7),
(205, 'Syria', '£S', 'NULL', 'NULL', 7),
(206, 'Taiwan', 'NT$', 'NULL', 'NULL', 7),
(207, 'Tajikistan', '100 dirams', 'NULL', 'NULL', 7),
(208, 'Tanzania', 'TSh', 'NULL', 'NULL', 7),
(209, 'Thailand', 'Bht or bt', 'NULL', 'NULL', 7),
(210, 'Togo', 'CFAF', 'NULL', 'NULL', 7),
(214, 'Tunisia', 'TD', 'NULL', 'NULL', 7),
(215, 'Turkey', 'TL', 'NULL', 'NULL', 7),
(216, 'Turkmenistan', '', 'NULL', 'NULL', 7),
(219, 'Uganda', 'Ush', 'NULL', 'NULL', 7),
(220, 'Ukraine', '', 'NULL', 'NULL', 7),
(221, 'UAE', 'Dh', 'NULL', 'NULL', 7),
(223, 'USA', '$', 'NULL', 'NULL', 7),
(225, 'Uruguay', 'Nur$', 'NULL', 'NULL', 7),
(226, 'Uzbekistan', '', 'NULL', 'NULL', 7),
(229, 'Venezuela', 'Bs', 'NULL', 'NULL', 7),
(230, 'Vietnam', '', 'NULL', 'NULL', 7),
(234, 'Yemen', 'YR1s', 'NULL', 'NULL', 7),
(235, 'Yugoslavia', 'Din', 'NULL', 'NULL', 7),
(236, 'Zambia', 'ZK', 'NULL', 'NULL', 7),
(237, 'Zimbabwe', 'kjhg', 'NULL', '0000', 7),
(238, 'United States', '', 'NULL', 'NULL', 7);

-- --------------------------------------------------------

--
-- Table structure for table `day_end`
--

CREATE TABLE IF NOT EXISTS `day_end` (
  `id` int(11) NOT NULL AUTO_INCREMENT,
  `today_date` date NOT NULL,
  `active_date` date NOT NULL,
  `night_post` varchar(10) NOT NULL DEFAULT '0',
  `last_night_post` datetime DEFAULT NULL,
  `date` timestamp NOT NULL DEFAULT CURRENT_TIMESTAMP ON UPDATE CURRENT_TIMESTAMP,
  `branch_id` int(11) NOT NULL,
  PRIMARY KEY (`id`)
) ENGINE=InnoDB  DEFAULT CHARSET=utf8 AUTO_INCREMENT=2 ;

--
-- Dumping data for table `day_end`
--

INSERT INTO `day_end` (`id`, `today_date`, `active_date`, `night_post`, `last_night_post`, `date`, `branch_id`) VALUES
(1, '2014-01-08', '2014-01-08', '1', '2014-01-08 23:00:34', '2014-01-08 23:00:10', 7);

-- --------------------------------------------------------

--
-- Table structure for table `hms_branches`
--

CREATE TABLE IF NOT EXISTS `hms_branches` (
  `branch_id` int(11) NOT NULL AUTO_INCREMENT,
  `branch_address` varchar(255) NOT NULL,
  `branch_phone` varchar(20) NOT NULL,
  `branch_fax` varchar(30) NOT NULL,
  `branch_email` varchar(50) NOT NULL,
  `ntn_no` varchar(20) DEFAULT NULL,
  `gst_no` varchar(20) DEFAULT NULL,
  `room_limit` int(11) NOT NULL DEFAULT '0',
  `hotel_id` int(11) NOT NULL,
  `active_date` date NOT NULL,
  `expiry_date` date NOT NULL,
  `appkey` varchar(256) CHARACTER SET utf8 COLLATE utf8_unicode_ci NOT NULL,
  PRIMARY KEY (`branch_id`),
  KEY `hotel_id` (`hotel_id`)
) ENGINE=InnoDB  DEFAULT CHARSET=utf8 AUTO_INCREMENT=9 ;

--
-- Dumping data for table `hms_branches`
--

INSERT INTO `hms_branches` (`branch_id`, `branch_address`, `branch_phone`, `branch_fax`, `branch_email`, `ntn_no`, `gst_no`, `room_limit`, `hotel_id`, `active_date`, `expiry_date`, `appkey`) VALUES
(1, 'ABC', '0', '0', 'email@yahoo.com', '', '', 5, 1, '2012-01-25', '2013-01-25', '@íüQÑ`Y$ï^ÙEþNâþ å±'),
(2, 'sdfs', '0', '0', 'aaa@test.com', '', '', 20, 1, '2012-01-03', '2012-12-04', ''),
(3, 'Wah Cantt', '1231231231', '2147483647', 'bluelines@test.com', '', '', 5, 2, '2012-01-17', '2012-11-30', ''),
(4, 'F-10 Markaz, Islamabad, ', '18231371', '2147483647', 'mbmargalls@yahoo.com', '', '', 5, 4, '2012-10-16', '2012-10-17', ''),
(5, '75 Park lane, Shadman, Lahore', '20340234', '234234', 'email@yahoo.com', '', '', 5, 4, '2012-11-13', '2012-11-22', ''),
(6, 'Mall Road, Murree', '2423424', '24242423', 'email@yahoo.com', '', '', 5, 4, '2012-11-01', '2012-11-28', ''),
(7, 'House # 10, Street # 38, F-8/1, Islamabad', '+92-51-2287815-16', '+92-51-2287817', 'info@le-royal1.com', '1476353-2', '26-00-9801-073-91', 8, 5, '2012-11-01', '2014-10-31', '§Uý¥;Ð<|ÌÁç¹LÌ<Oé­-ù\ng­V/PúÒ$'),
(8, 'sdfsadfsadf', '213423423', '2423423', 'hpc@yahoo.com', '', '', 5, 1, '2013-01-22', '2013-01-31', '');

-- --------------------------------------------------------

--
-- Table structure for table `hms_checkin_info`
--

CREATE TABLE IF NOT EXISTS `hms_checkin_info` (
  `chkin_id` int(11) NOT NULL AUTO_INCREMENT,
  `guest_id` int(11) NOT NULL,
  `reservation_id` int(11) DEFAULT NULL,
  `chkin_date` datetime NOT NULL,
  `chkout_date` datetime NOT NULL,
  `drop_service` varchar(2) DEFAULT NULL,
  `flight_name` varchar(30) DEFAULT NULL,
  `flight_time` time DEFAULT NULL,
  `total_days` int(11) NOT NULL,
  `room_id` int(11) NOT NULL,
  `room_type` varchar(20) NOT NULL,
  `room_name` varchar(20) NOT NULL,
  `guest_company_id` int(11) DEFAULT NULL,
  `rate_type` int(11) NOT NULL,
  `total_person` int(2) NOT NULL,
  `total_charges` double NOT NULL,
  `amount_paid` int(11) DEFAULT NULL,
  `chkout_status` varchar(2) NOT NULL,
  `chkin_user_id` int(11) DEFAULT NULL,
  `chkout_user_id` int(11) DEFAULT NULL,
  `guest_status_id` int(11) NOT NULL,
  `guest_folio_no` int(11) NOT NULL,
  `sale_person_id` int(11) NOT NULL,
  `comming_from` varchar(20) DEFAULT NULL,
  `next_destination` varchar(20) DEFAULT NULL,
  `newspaper_id` int(11) DEFAULT NULL,
  `rate` int(11) NOT NULL,
  `cash` varchar(15) DEFAULT NULL,
  `credit_card` varchar(15) DEFAULT NULL,
  `debit_card` varchar(15) DEFAULT NULL,
  `btc` varchar(15) DEFAULT NULL,
  `comments` varchar(300) DEFAULT NULL,
  `gst` varchar(2) NOT NULL,
  `gst_show` int(11) NOT NULL DEFAULT '0',
  `reg_no` varchar(15) DEFAULT NULL,
  `bed_tax` varchar(2) DEFAULT NULL,
  `prev_night` varchar(2) NOT NULL,
  `night_post_date` date NOT NULL,
  `branch_id` int(11) NOT NULL,
  `created_time` datetime NOT NULL,
  PRIMARY KEY (`chkin_id`),
  KEY `guest_id` (`guest_id`),
  KEY `room_id` (`room_id`),
  KEY `newspaper_id` (`newspaper_id`),
  KEY `company_id` (`guest_company_id`),
  KEY `guest_status_id` (`guest_status_id`),
  KEY `sale_person_id` (`sale_person_id`),
  KEY `branch_id` (`branch_id`),
  KEY `chkin_user_id` (`chkin_user_id`),
  KEY `chkout_user_id` (`chkout_user_id`)
) ENGINE=InnoDB  DEFAULT CHARSET=utf8 AUTO_INCREMENT=140 ;

--
-- Dumping data for table `hms_checkin_info`
--

INSERT INTO `hms_checkin_info` (`chkin_id`, `guest_id`, `reservation_id`, `chkin_date`, `chkout_date`, `drop_service`, `flight_name`, `flight_time`, `total_days`, `room_id`, `room_type`, `room_name`, `guest_company_id`, `rate_type`, `total_person`, `total_charges`, `amount_paid`, `chkout_status`, `chkin_user_id`, `chkout_user_id`, `guest_status_id`, `guest_folio_no`, `sale_person_id`, `comming_from`, `next_destination`, `newspaper_id`, `rate`, `cash`, `credit_card`, `debit_card`, `btc`, `comments`, `gst`, `gst_show`, `reg_no`, `bed_tax`, `prev_night`, `night_post_date`, `branch_id`, `created_time`) VALUES
(1, 1, NULL, '2013-11-23 00:00:00', '2002-11-23 00:00:00', 'N', '', '00:00:00', -4018, 2, '1', '2', 1, 1, 1, 2926, NULL, 'Y', 15, NULL, 1, 1, 3, '', '', NULL, 2500, 'Y', 'N', 'N', 'N', '', 'Y', 1, '0', 'Y', 'N', '0000-00-00', 7, '2013-11-23 18:35:23'),
(2, 3, NULL, '2013-11-23 00:00:00', '2013-11-24 00:00:00', 'N', '', '00:00:00', 1, 1, '1', '1', 1, 1, 1, 5501, NULL, 'Y', 15, NULL, 1, 1, 3, '', '', NULL, 5500, 'Y', 'N', 'N', 'N', '', 'Y', 1, '2', 'Y', 'N', '0000-00-00', 7, '2002-11-23 20:20:39'),
(3, 3, NULL, '2013-11-22 00:00:00', '2013-11-24 00:00:00', 'N', '', '00:00:00', 2, 3, '2', '3', 1, 1, 2, 11702, NULL, 'Y', 15, NULL, 1, 1, 3, '', '', NULL, 5000, 'Y', 'N', 'N', 'N', '', 'N', 1, '3', 'Y', 'N', '0000-00-00', 7, '2002-11-22 20:27:51'),
(4, 3, NULL, '2013-11-23 00:00:00', '2013-11-24 00:00:00', 'N', '', '00:00:00', 1, 5, '3', '5', 1, 1, 3, 5503, NULL, 'Y', 15, NULL, 1, 1, 3, '', '', NULL, 5500, 'Y', 'N', 'N', 'N', '', 'Y', 1, '4', 'Y', 'N', '0000-00-00', 7, '2002-11-22 20:29:51'),
(5, 3, NULL, '2013-11-23 00:00:00', '2013-11-24 00:00:00', 'N', '', '00:00:00', 1, 6, '2', '6', 1, 1, 1, 4501, NULL, 'Y', 15, NULL, 1, 1, 3, '', '', NULL, 4500, 'Y', 'N', 'N', 'N', '', 'Y', 1, '5', 'Y', 'N', '0000-00-00', 7, '2002-11-22 20:31:14'),
(6, 3, NULL, '2013-11-23 00:00:00', '2013-11-24 00:00:00', 'N', '', '00:00:00', 1, 7, '2', '7', 1, 1, 2, 5852, NULL, 'Y', 15, NULL, 1, 1, 3, '', '', NULL, 5000, 'Y', 'N', 'N', 'N', '', 'N', 1, '6', 'Y', 'N', '0000-00-00', 7, '0000-00-00 00:00:00'),
(7, 4, NULL, '2013-11-24 00:00:00', '2013-11-27 00:00:00', 'N', '', '00:00:00', 3, 4, '1', '4', 20, 1, 1, 4001, NULL, 'Y', 15, NULL, 1, 1, 3, '', '', NULL, 4000, 'Y', 'N', 'N', 'N', '', 'N', 1, '8', 'Y', 'N', '2013-11-26', 7, '0000-00-00 00:00:00'),
(8, 5, NULL, '2013-11-24 00:00:00', '2013-11-26 00:00:00', 'N', '', '00:00:00', 2, 1, '1', '1', 20, 1, 1, 14041, NULL, 'Y', 15, NULL, 1, 1, 3, '', '', NULL, 4000, 'Y', 'N', 'N', 'N', '', 'N', 1, '10', 'Y', 'N', '2013-11-25', 7, '0000-00-00 00:00:00'),
(9, 6, NULL, '2013-11-24 00:00:00', '2013-11-29 00:00:00', 'N', '', '00:00:00', 5, 7, '2', '7', 4, 1, 2, 26327, NULL, 'Y', 15, NULL, 1, 1, 3, '', '', NULL, 4500, 'N', 'N', 'N', 'Y', '', 'N', 1, '11', 'Y', 'N', '2013-11-27', 7, '0000-00-00 00:00:00'),
(10, 7, NULL, '2013-11-24 00:00:00', '2013-11-25 00:00:00', 'N', '', '00:00:00', 1, 3, '2', '3', 9, 1, 2, 11000, NULL, 'Y', 15, NULL, 1, 1, 3, '', '', NULL, 4700, 'N', 'N', 'N', 'Y', '', 'N', 1, '18', 'Y', 'N', '0000-00-00', 7, '0000-00-00 00:00:00'),
(11, 8, NULL, '2013-11-24 00:00:00', '2013-11-25 00:00:00', 'N', '', '00:00:00', 1, 5, '3', '5', 9, 1, 2, 11000, NULL, 'Y', 15, NULL, 1, 1, 3, '', '', NULL, 4700, 'N', 'N', 'N', 'Y', '', 'N', 1, '19', 'Y', 'N', '0000-00-00', 7, '0000-00-00 00:00:00'),
(12, 9, NULL, '2013-11-24 00:00:00', '2013-11-26 00:00:00', 'N', '', '00:00:00', 2, 2, '1', '2', 1, 1, 2, 14042, NULL, 'Y', 15, NULL, 1, 1, 3, '', '', NULL, 4000, 'Y', 'N', 'N', 'N', '', 'Y', 1, '20', 'Y', 'N', '2013-11-25', 7, '2013-11-24 23:14:38'),
(13, 10, NULL, '2013-11-24 00:00:00', '2013-11-25 00:00:00', 'N', '', '00:00:00', 1, 6, '2', '6', 4, 1, 1, 4001, NULL, 'Y', 15, NULL, 1, 1, 3, '', '', NULL, 4000, 'N', 'N', 'N', 'Y', '', 'N', 1, '21', 'Y', 'N', '2013-11-24', 7, '2013-11-24 23:18:42'),
(14, 11, NULL, '2013-11-25 00:00:00', '2013-11-26 00:00:00', 'N', '', '00:00:00', 1, 3, '2', '3', 2, 1, 1, 4915, NULL, 'Y', 15, NULL, 1, 1, 3, 'KARACHI', '', NULL, 4200, 'N', 'N', 'N', 'Y', '', 'N', 1, '16', 'Y', 'N', '0000-00-00', 7, '0000-00-00 00:00:00'),
(15, 12, NULL, '2013-11-25 00:00:00', '2013-11-29 00:00:00', 'N', '', '00:00:00', 4, 8, '3', '8', 8, 1, 1, 4915, NULL, 'Y', 15, NULL, 1, 1, 3, '', '', NULL, 4200, 'N', 'N', 'N', 'Y', '', 'N', 1, '', 'Y', 'N', '2013-11-27', 7, '0000-00-00 00:00:00'),
(16, 13, NULL, '2013-11-25 00:00:00', '2013-11-26 00:00:00', 'N', '', '00:00:00', 1, 6, '2', '6', 21, 1, 2, 5267, NULL, 'Y', 15, NULL, 1, 1, 3, '', '', NULL, 4500, 'N', 'N', 'N', 'Y', '', 'N', 1, '', 'Y', 'N', '0000-00-00', 7, '0000-00-00 00:00:00'),
(17, 14, NULL, '2013-11-26 00:00:00', '2013-11-27 00:00:00', 'N', '', '00:00:00', 1, 2, '1', '2', 22, 1, 1, 4915, NULL, 'Y', 15, NULL, 1, 1, 3, '', '', NULL, 4200, 'N', 'N', 'N', 'Y', '', 'N', 1, '', 'Y', 'N', '0000-00-00', 7, '0000-00-00 00:00:00'),
(18, 15, NULL, '2013-11-26 00:00:00', '2013-12-12 00:00:00', 'N', '', '00:00:00', 16, 6, '2', '6', 21, 1, 1, 89506, NULL, 'Y', 15, NULL, 1, 1, 3, '', '', NULL, 4500, 'N', 'N', 'Y', 'N', '', 'N', 1, '', 'Y', 'N', '2013-12-11', 7, '0000-00-00 00:00:00'),
(19, 16, NULL, '2013-11-27 00:00:00', '2013-11-29 00:00:00', 'N', '', '00:00:00', 2, 1, '1', '1', 1, 1, 2, 8002, NULL, 'Y', 15, NULL, 1, 1, 3, 'LAHORE', '', NULL, 4000, 'Y', 'N', 'N', 'N', '', 'N', 1, '15', 'Y', 'N', '2013-11-27', 7, '2013-11-27 18:32:19'),
(20, 17, NULL, '2013-11-27 00:00:00', '2013-11-27 00:00:00', 'N', '', '00:00:00', 1, 5, '3', '5', 23, 1, 2, 4502, NULL, 'Y', 15, NULL, 1, 1, 3, '', '', NULL, 4500, 'Y', 'N', 'N', 'N', '', 'N', 1, '', 'Y', 'N', '0000-00-00', 7, '0000-00-00 00:00:00'),
(21, 18, NULL, '2013-11-27 00:00:00', '2013-11-27 00:00:00', 'N', '', '00:00:00', 1, 3, '2', '3', 23, 1, 3, 5003, NULL, 'Y', 15, NULL, 1, 1, 3, '', '', NULL, 5000, 'Y', 'N', 'N', 'N', '', 'N', 1, '', 'Y', 'N', '0000-00-00', 7, '0000-00-00 00:00:00'),
(22, 19, NULL, '2013-11-28 00:00:00', '2013-11-29 00:00:00', 'N', '', '00:00:00', 1, 2, '1', '2', 1, 1, 1, 5266, NULL, 'Y', 15, NULL, 1, 1, 3, 'PESHAWAR', '', NULL, 4500, 'Y', 'N', 'N', 'N', '', 'Y', 1, '22', 'Y', 'N', '2013-11-27', 7, '2013-11-27 15:30:30'),
(23, 20, NULL, '2013-11-28 00:00:00', '2013-11-30 00:00:00', 'N', '', '00:00:00', 2, 3, '1', '3', 4, 1, 1, 4001, NULL, 'Y', 15, NULL, 1, 1, 3, '', '', NULL, 4000, 'N', 'N', 'N', 'Y', '', 'N', 1, '26', 'Y', 'N', '2013-11-28', 7, '0000-00-00 00:00:00'),
(24, 21, NULL, '2013-11-28 00:00:00', '2013-11-30 00:00:00', 'N', '', '00:00:00', 2, 5, '3', '5', 4, 1, 1, 4001, NULL, 'Y', 15, NULL, 1, 1, 3, '', '', NULL, 4000, 'N', 'N', 'Y', 'N', '', 'N', 1, '28', 'Y', 'N', '2013-11-28', 7, '0000-00-00 00:00:00'),
(25, 22, NULL, '2013-11-28 00:00:00', '2013-11-29 00:00:00', 'N', '', '00:00:00', 1, 4, '1', '4', 1, 1, 1, 4915, NULL, 'Y', 15, NULL, 1, 1, 3, '', '', NULL, 4200, 'Y', 'N', 'N', 'N', '', 'Y', 1, '29', 'Y', 'N', '0000-00-00', 7, '2013-11-28 20:31:31'),
(26, 23, NULL, '2013-12-01 00:00:00', '2013-12-02 00:00:00', 'N', '', '00:00:00', 1, 2, '1', '2', 1, 1, 1, 10999, NULL, 'Y', 15, NULL, 1, 1, 3, '', '', NULL, 4700, 'N', 'N', 'Y', 'N', '', 'N', 1, '30', 'Y', 'N', '2013-12-01', 7, '0000-00-00 00:00:00'),
(27, 24, NULL, '2013-12-02 00:00:00', '2013-12-03 00:00:00', 'N', '', '00:00:00', 1, 7, '2', '7', 24, 1, 1, 5266, NULL, 'Y', 15, NULL, 1, 1, 3, 'LAHORE', '', NULL, 4500, 'N', 'N', 'N', 'Y', '', 'Y', 1, '', 'Y', 'N', '0000-00-00', 7, '2013-12-02 18:31:50'),
(28, 25, NULL, '2013-12-03 00:00:00', '2013-12-04 00:00:00', 'N', '', '00:00:00', 1, 3, '2', '3', 1, 1, 1, 5266, NULL, 'Y', 15, NULL, 1, 1, 3, '', '', NULL, 4500, 'Y', 'N', 'N', 'N', '', 'Y', 1, '', 'Y', 'N', '2013-12-03', 7, '2013-12-03 22:41:09'),
(29, 26, NULL, '2013-12-02 00:00:00', '2013-12-04 00:00:00', 'N', '', '00:00:00', 2, 2, '1', '2', 25, 1, 1, 4681, NULL, 'Y', 15, NULL, 1, 1, 3, '', '', NULL, 4000, 'N', 'N', 'N', 'Y', '', 'N', 1, '', 'Y', 'N', '2013-12-03', 7, '0000-00-00 00:00:00'),
(30, 27, NULL, '2013-12-04 00:00:00', '2013-12-06 00:00:00', 'N', '', '00:00:00', 2, 3, '1', '3', 26, 1, 1, 5266, NULL, 'Y', 15, NULL, 1, 1, 3, '', '', NULL, 4500, 'Y', 'N', 'N', 'N', '', 'Y', 1, '32', 'Y', 'N', '2013-12-05', 7, '2013-12-04 16:28:49'),
(31, 28, NULL, '2013-12-04 00:00:00', '2013-12-06 00:00:00', 'N', '', '00:00:00', 2, 2, '1', '2', 1, 1, 1, 4681, NULL, 'Y', 15, NULL, 1, 1, 3, '', '', NULL, 4000, 'Y', 'N', 'N', 'N', '', 'N', 1, '', 'Y', 'N', '2013-12-05', 7, '0000-00-00 00:00:00'),
(32, 29, NULL, '2013-12-04 00:00:00', '2013-12-08 00:00:00', 'N', '', '00:00:00', 4, 7, '2', '7', 1, 1, 1, 5266, NULL, 'Y', 15, NULL, 1, 1, 3, '', '', NULL, 4500, 'Y', 'N', 'N', 'N', '', 'N', 1, '', 'Y', 'N', '2013-12-05', 7, '0000-00-00 00:00:00'),
(33, 30, NULL, '2013-12-04 00:00:00', '2013-12-06 00:00:00', 'N', '', '00:00:00', 2, 5, '3', '5', 1, 1, 1, 4001, NULL, 'Y', 15, NULL, 1, 1, 3, '', '', NULL, 4000, 'Y', 'N', 'N', 'N', '', 'N', 1, '', 'Y', 'N', '2013-12-05', 7, '0000-00-00 00:00:00'),
(34, 31, NULL, '2013-12-04 00:00:00', '2013-12-08 00:00:00', 'N', '', '00:00:00', 4, 8, '3', '8', 1, 1, 1, 5266, NULL, 'Y', 15, NULL, 1, 1, 3, '', '', NULL, 4500, 'Y', 'N', 'N', 'N', '', 'N', 1, '', 'Y', 'N', '2013-12-05', 7, '0000-00-00 00:00:00'),
(35, 32, NULL, '2013-12-05 00:00:00', '2013-12-06 00:00:00', 'N', '', '00:00:00', 1, 4, '1', '4', 1, 1, 1, 5266, NULL, 'Y', 15, NULL, 1, 1, 3, 'KARACHI ', '', NULL, 4500, 'N', 'N', 'N', 'N', '', 'Y', 1, '33', 'Y', 'N', '0000-00-00', 7, '2013-12-05 17:52:31'),
(36, 33, NULL, '2013-12-05 00:00:00', '2013-12-08 00:00:00', 'N', '', '00:00:00', 3, 3, '2', '3', 1, 1, 4, 5503, NULL, 'Y', 15, NULL, 1, 1, 3, '', '', NULL, 4700, 'Y', 'N', 'N', 'N', '', 'Y', 1, '', 'Y', 'N', '0000-00-00', 7, '2013-12-07 21:26:37'),
(37, 33, NULL, '2013-12-05 00:00:00', '2013-12-08 00:00:00', 'N', '', '00:00:00', 3, 5, '3', '5', 1, 1, 4, 5503, NULL, 'Y', 15, NULL, 1, 1, 3, '', '', NULL, 4700, 'Y', 'N', 'N', 'N', '', 'Y', 1, '', 'Y', 'N', '0000-00-00', 7, '2013-12-07 21:28:38'),
(38, 34, NULL, '2013-12-08 00:00:00', '2013-12-10 00:00:00', 'N', '', '00:00:00', 2, 7, '2', '7', 27, 1, 2, 5501, NULL, 'Y', 15, NULL, 1, 1, 3, '', '', NULL, 4700, 'Y', 'N', 'N', 'N', '', 'N', 1, '', 'Y', 'N', '2013-12-09', 7, '0000-00-00 00:00:00'),
(39, 35, NULL, '2013-12-09 00:00:00', '2013-12-12 00:00:00', 'N', '', '00:00:00', 3, 8, '3', '8', 28, 1, 1, 9829, NULL, 'Y', 15, NULL, 1, 1, 3, '', '', NULL, 4200, 'N', 'N', 'N', 'Y', '', 'N', 1, '37', 'Y', 'N', '2013-12-11', 7, '0000-00-00 00:00:00'),
(40, 36, NULL, '2013-12-09 00:00:00', '2013-12-11 00:00:00', 'N', '', '00:00:00', 2, 4, '1', '4', 28, 1, 1, 10999, NULL, 'Y', 15, NULL, 1, 1, 3, '', '', NULL, 4700, 'N', 'N', 'N', 'Y', '', 'N', 1, '38', 'Y', 'N', '2013-12-10', 7, '0000-00-00 00:00:00'),
(41, 37, NULL, '2013-12-09 00:00:00', '2013-12-14 00:00:00', 'N', '', '00:00:00', 5, 2, '1', '2', 1, 1, 1, 23401, NULL, 'Y', 15, NULL, 1, 1, 3, 'KARACHI', '', NULL, 4000, 'Y', 'N', 'N', 'N', '', 'N', 1, '40', 'Y', 'N', '2013-12-12', 7, '0000-00-00 00:00:00'),
(42, 37, NULL, '2013-12-09 00:00:00', '2013-12-14 00:00:00', 'N', '', '00:00:00', 5, 3, '2', '3', 1, 1, 1, 10531, NULL, 'Y', 15, NULL, 1, 1, 3, '', '', NULL, 4500, 'Y', 'N', 'N', 'N', '', 'Y', 1, '41', 'Y', 'N', '2013-12-12', 7, '2013-12-09 22:12:50'),
(43, 38, NULL, '2013-12-09 00:00:00', '2013-12-11 00:00:00', 'N', '', '00:00:00', 2, 1, '1', '1', 28, 1, 1, 9829, NULL, 'Y', 15, NULL, 1, 1, 3, '', '', NULL, 4200, 'N', 'N', 'N', 'Y', '', 'Y', 1, '42', 'Y', 'N', '2013-12-10', 7, '2013-12-09 22:17:03'),
(44, 39, NULL, '2013-12-10 00:00:00', '2013-12-10 00:00:00', 'N', '', '00:00:00', 1, 5, '3', '5', 1, 1, 1, 5851, NULL, 'Y', 15, NULL, 1, 1, 3, '', '', NULL, 5000, 'Y', 'N', 'N', 'N', '', 'Y', 1, '44', 'Y', 'N', '0000-00-00', 7, '2013-12-10 09:11:36'),
(45, 40, NULL, '2013-12-10 00:00:00', '2013-12-13 00:00:00', 'N', '', '00:00:00', 3, 4, '3', '4', 29, 1, 1, 9829, NULL, 'Y', 15, NULL, 1, 1, 3, 'KARACHI', '', NULL, 4200, 'N', 'N', 'N', 'Y', '', 'N', 1, '45', 'Y', 'N', '2013-12-12', 7, '0000-00-00 00:00:00'),
(46, 41, NULL, '2013-12-10 00:00:00', '2013-12-13 00:00:00', 'N', '', '00:00:00', 3, 7, '2', '7', 29, 1, 1, 9829, NULL, 'Y', 15, NULL, 1, 1, 3, 'KARACHI', '', NULL, 4200, 'N', 'N', 'N', 'Y', '', 'N', 1, '47', 'Y', 'N', '2013-12-12', 7, '0000-00-00 00:00:00'),
(47, 42, NULL, '2013-12-11 00:00:00', '2013-12-12 00:00:00', 'N', '', '00:00:00', 1, 1, '1', '1', 1, 1, 1, 4681, NULL, 'Y', 15, NULL, 1, 1, 3, '', '', NULL, 4000, 'Y', 'N', 'N', 'N', '', 'N', 1, '50', 'Y', 'N', '0000-00-00', 7, '0000-00-00 00:00:00'),
(48, 43, NULL, '2013-12-11 00:00:00', '2013-12-11 00:00:00', 'N', '', '00:00:00', 1, 4, '1', '4', 1, 1, 1, 4681, NULL, 'Y', 15, NULL, 1, 1, 3, 'KARACHI', '', NULL, 4000, 'Y', 'N', 'N', 'N', '', 'Y', 1, '35', 'Y', 'N', '0000-00-00', 7, '2013-12-11 19:44:38'),
(49, 44, NULL, '2013-12-11 00:00:00', '2013-12-11 00:00:00', 'N', '', '00:00:00', 1, 4, '1', '4', 1, 1, 1, 4096, NULL, 'Y', 15, NULL, 1, 1, 3, '', '', NULL, 3500, 'Y', 'N', 'N', 'N', '', 'Y', 1, '', 'Y', 'N', '0000-00-00', 7, '2013-12-11 19:47:21'),
(50, 45, NULL, '2013-12-11 00:00:00', '2013-12-11 00:00:00', 'N', '', '00:00:00', 1, 4, '1', '4', 1, 1, 1, 4681, NULL, 'Y', 15, NULL, 1, 1, 3, 'KARACHI', '', NULL, 4000, 'Y', 'N', 'N', 'N', '', 'Y', 1, '', 'Y', 'N', '0000-00-00', 7, '2013-12-11 19:52:55'),
(51, 46, NULL, '2013-12-11 00:00:00', '2013-12-11 00:00:00', 'N', '', '00:00:00', 1, 4, '1', '4', 1, 1, 1, 4681, NULL, 'Y', 15, NULL, 1, 1, 3, '', '', NULL, 4000, 'Y', 'N', 'N', 'N', '', 'Y', 1, '', 'Y', 'N', '0000-00-00', 7, '2013-12-11 19:58:41'),
(52, 47, NULL, '2013-12-12 00:00:00', '2013-12-13 00:00:00', 'N', '', '00:00:00', 1, 5, '3', '5', 30, 1, 1, 4915, NULL, 'Y', 15, NULL, 1, 1, 3, '', '', NULL, 4200, 'N', 'N', 'N', 'Y', '', 'N', 1, '', 'Y', 'N', '0000-00-00', 7, '0000-00-00 00:00:00'),
(53, 48, NULL, '2013-12-12 00:00:00', '2013-12-15 00:00:00', 'N', '', '00:00:00', 3, 6, '1', '6', 16, 1, 1, 4915, NULL, 'Y', 15, NULL, 1, 1, 3, '', '', NULL, 4200, 'N', 'N', 'N', 'Y', '', 'N', 1, '', 'Y', 'N', '2013-12-13', 7, '0000-00-00 00:00:00'),
(54, 49, NULL, '2013-12-13 00:00:00', '2013-12-15 00:00:00', 'N', '', '00:00:00', 2, 8, '3', '8', 1, 1, 1, 10999, NULL, 'Y', 15, NULL, 1, 1, 3, '', '', NULL, 4700, 'Y', 'N', 'N', 'N', '', 'Y', 1, '', 'Y', 'N', '2013-12-12', 7, '2013-12-13 15:43:20'),
(55, 50, NULL, '2013-12-13 00:00:00', '2013-12-14 00:00:00', 'N', '', '00:00:00', 1, 5, '1', '5', 1, 1, 1, 4681, NULL, 'Y', 15, NULL, 1, 1, 3, '', '', NULL, 4000, 'N', 'N', 'N', 'Y', '', 'Y', 1, '55', 'Y', 'N', '2013-12-12', 7, '2013-12-13 18:12:11'),
(56, 51, NULL, '2013-12-13 00:00:00', '2013-12-14 00:00:00', 'N', '', '00:00:00', 1, 4, '1', '4', 31, 1, 1, 11701, NULL, 'Y', 15, NULL, 1, 1, 3, '', '', NULL, 5000, 'N', 'N', 'N', 'Y', '', 'N', 1, '54', 'Y', 'N', '2013-12-12', 7, '0000-00-00 00:00:00'),
(57, 50, NULL, '2013-12-13 00:00:00', '2013-12-14 00:00:00', 'N', '', '00:00:00', 1, 1, '2', '1', 1, 1, 1, 4681, NULL, 'Y', 15, NULL, 1, 1, 3, '', '', NULL, 4000, 'N', 'N', 'N', 'Y', '', 'Y', 1, '56', 'Y', 'N', '0000-00-00', 7, '2013-12-13 20:05:19'),
(58, 52, NULL, '2013-12-13 00:00:00', '2013-12-14 00:00:00', 'N', '', '00:00:00', 1, 7, '2', '7', 1, 1, 1, 5500, NULL, 'Y', 15, NULL, 1, 1, 3, '', '', NULL, 4700, 'Y', 'N', 'N', 'N', '', 'Y', 1, '', 'Y', 'N', '0000-00-00', 7, '2013-12-13 23:59:06'),
(59, 16, NULL, '2013-12-13 00:00:00', '2013-12-15 00:00:00', 'N', '', '00:00:00', 2, 1, '1', '1', 1, 1, 1, 4501, NULL, 'Y', 15, NULL, 1, 1, 3, '', '', NULL, 4500, 'N', 'Y', 'N', 'N', '', 'N', 1, '', 'Y', 'N', '0000-00-00', 7, '0000-00-00 00:00:00'),
(60, 53, NULL, '2013-12-14 00:00:00', '2013-12-16 00:00:00', 'N', '', '00:00:00', 2, 2, '1', '2', 26, 1, 1, 4501, NULL, 'Y', 15, NULL, 1, 1, 3, '', '', NULL, 4500, 'Y', 'N', 'N', 'N', '', 'N', 1, '', 'Y', 'N', '2013-12-15', 7, '2013-12-14 21:46:21'),
(61, 54, NULL, '2013-12-13 00:00:00', '2013-12-15 00:00:00', 'N', '', '00:00:00', 2, 3, '2', '3', 1, 1, 1, 5266, NULL, 'Y', 15, NULL, 1, 1, 3, '', '', NULL, 4500, 'Y', 'N', 'N', 'N', '', 'Y', 1, '', 'Y', 'N', '0000-00-00', 7, '2013-12-14 22:30:31'),
(62, 55, NULL, '2013-12-13 00:00:00', '2014-01-04 00:00:00', 'N', '', '00:00:00', 22, 4, '1', '4', 1, 1, 1, 4096, NULL, 'N', 15, NULL, 1, 1, 3, '', '', NULL, 3500, 'Y', 'N', 'N', 'N', '', 'N', 1, '', 'Y', 'N', '2014-01-08', 7, '0000-00-00 00:00:00'),
(63, 56, NULL, '2013-12-15 00:00:00', '2013-12-16 00:00:00', 'N', '', '00:00:00', 1, 7, '2', '7', 1, 1, 1, 5500, NULL, 'Y', 15, NULL, 1, 1, 3, '', '', NULL, 4700, 'Y', 'N', 'N', 'N', '', 'N', 1, '57', 'Y', 'N', '0000-00-00', 7, '0000-00-00 00:00:00'),
(64, 56, NULL, '2013-12-15 00:00:00', '2013-12-16 00:00:00', 'N', '', '00:00:00', 1, 3, '2', '3', 1, 1, 1, 5500, NULL, 'Y', 15, NULL, 1, 1, 3, '', '', NULL, 4700, 'Y', 'N', 'N', 'N', '', 'Y', 1, '', 'Y', 'N', '0000-00-00', 7, '2013-12-15 16:37:37'),
(65, 56, NULL, '2013-12-15 00:00:00', '2013-12-16 00:00:00', 'N', '', '00:00:00', 1, 6, '2', '6', 1, 1, 1, 5500, NULL, 'Y', 15, NULL, 1, 1, 3, '', '', NULL, 4700, 'Y', 'N', 'N', 'N', '', 'Y', 1, '', 'Y', 'N', '0000-00-00', 7, '2013-12-15 16:39:14'),
(66, 56, NULL, '2013-12-15 00:00:00', '2013-12-16 00:00:00', 'N', '', '00:00:00', 1, 8, '3', '8', 1, 1, 1, 5500, NULL, 'Y', 15, NULL, 1, 1, 3, '', '', NULL, 4700, 'Y', 'N', 'N', 'N', '', 'N', 1, '', 'Y', 'N', '0000-00-00', 7, '0000-00-00 00:00:00'),
(67, 57, NULL, '2013-12-15 00:00:00', '2013-12-16 00:00:00', 'N', '', '00:00:00', 1, 5, '3', '5', 1, 1, 1, 15796, NULL, 'Y', 15, NULL, 1, 1, 3, '', '', NULL, 4500, 'Y', 'N', 'N', 'N', '', 'N', 1, '', 'Y', 'N', '0000-00-00', 7, '0000-00-00 00:00:00'),
(68, 58, NULL, '2013-12-16 00:00:00', '2013-12-18 00:00:00', 'N', '', '00:00:00', 2, 2, '1', '2', 33, 1, 1, 4915, NULL, 'Y', 15, NULL, 1, 1, 3, '', '', NULL, 4200, 'N', 'N', 'N', 'Y', '', 'N', 1, '', 'Y', 'N', '2013-12-16', 7, '0000-00-00 00:00:00'),
(69, 59, NULL, '2013-12-16 00:00:00', '2013-12-17 00:00:00', 'N', '', '00:00:00', 1, 6, '2', '6', 1, 1, 1, 5266, NULL, 'Y', 15, NULL, 1, 1, 3, '', '', NULL, 4500, 'Y', 'N', 'N', 'N', '', 'Y', 1, '61', 'Y', 'N', '0000-00-00', 7, '2013-12-16 18:14:14'),
(70, 60, NULL, '2013-12-16 00:00:00', '2013-12-17 00:00:00', 'N', '', '00:00:00', 1, 1, '1', '1', 1, 1, 1, 4501, NULL, 'Y', 15, NULL, 1, 1, 3, '', '', NULL, 4500, 'Y', 'N', 'N', 'N', '', 'N', 1, '', 'Y', 'N', '0000-00-00', 7, '2013-12-16 20:25:41'),
(71, 61, NULL, '2013-12-16 00:00:00', '2013-12-17 00:00:00', 'N', '', '00:00:00', 1, 5, '2', '5', 1, 1, 1, 5501, NULL, 'Y', 15, NULL, 1, 1, 3, '', '', NULL, 5500, 'Y', 'N', 'N', 'N', '', 'N', 1, '', 'Y', 'N', '0000-00-00', 7, '2013-12-16 20:46:45'),
(72, 62, NULL, '2013-12-16 00:00:00', '2013-12-18 00:00:00', 'N', '', '00:00:00', 2, 8, '3', '8', 8, 1, 1, 9829, NULL, 'Y', 15, NULL, 1, 1, 3, '', '', NULL, 4200, 'N', 'N', 'N', 'Y', '', 'Y', 1, '', 'Y', 'N', '0000-00-00', 7, '2013-12-16 21:01:49'),
(73, 63, NULL, '2013-12-16 00:00:00', '2013-12-17 00:00:00', 'N', '', '00:00:00', 1, 7, '2', '7', 1, 1, 1, 5501, NULL, 'Y', 15, NULL, 1, 1, 3, '', '', NULL, 5500, 'Y', 'N', 'N', 'N', '', 'N', 1, '', 'Y', 'N', '0000-00-00', 7, '2013-12-16 22:39:37'),
(74, 64, NULL, '2013-12-17 00:00:00', '2013-12-20 00:00:00', 'N', '', '00:00:00', 3, 6, '2', '6', 1, 1, 1, 17551, NULL, 'Y', 15, NULL, 1, 1, 3, '', '', NULL, 5000, 'Y', 'N', 'N', 'N', '', 'Y', 1, '', 'Y', 'N', '2013-12-18', 7, '2013-12-17 19:08:37'),
(75, 65, NULL, '2013-12-17 00:00:00', '2013-12-18 00:00:00', 'N', '', '00:00:00', 1, 5, '3', '5', 1, 1, 1, 4915, NULL, 'Y', 15, NULL, 1, 1, 3, '', '', NULL, 4200, 'N', 'Y', 'N', 'N', '', 'Y', 1, '', 'Y', 'N', '2013-12-17', 7, '2013-12-17 19:56:18'),
(76, 66, NULL, '2013-12-17 00:00:00', '2013-12-18 00:00:00', 'N', '', '00:00:00', 1, 7, '2', '7', 1, 1, 1, 5266, NULL, 'Y', 15, NULL, 1, 1, 3, '', '', NULL, 4500, 'Y', 'N', 'N', 'N', '', 'Y', 1, '', 'Y', 'N', '0000-00-00', 7, '2013-12-17 20:33:31'),
(77, 42, NULL, '2013-12-17 00:00:00', '2013-12-18 00:00:00', 'N', '', '00:00:00', 1, 1, '1', '1', 1, 1, 1, 5266, NULL, 'Y', 15, NULL, 1, 1, 3, '', '', NULL, 4500, 'Y', 'N', 'N', 'N', '', 'Y', 1, '', 'Y', 'N', '0000-00-00', 7, '2013-12-17 22:04:17'),
(78, 67, NULL, '2013-12-17 00:00:00', '2013-12-19 00:00:00', 'N', '', '00:00:00', 2, 3, '2', '3', 1, 1, 1, 6301, NULL, 'Y', 15, NULL, 1, 1, 3, '', '', NULL, 6300, 'Y', 'N', 'N', 'N', '', 'N', 1, '', 'Y', 'N', '0000-00-00', 7, '2013-12-18 02:15:28'),
(79, 68, NULL, '2013-12-18 00:00:00', '2013-12-20 00:00:00', 'N', '', '00:00:00', 2, 1, '1', '1', 1, 1, 1, 9361, NULL, 'Y', 15, NULL, 1, 1, 3, '', '', NULL, 4000, 'Y', 'N', 'N', 'N', '', 'Y', 1, '', 'Y', 'N', '2013-12-19', 7, '2013-12-18 11:00:04'),
(80, 69, NULL, '2013-12-18 00:00:00', '2013-12-19 00:00:00', 'N', '', '00:00:00', 1, 5, '3', '5', 1, 1, 1, 4501, NULL, 'Y', 15, NULL, 1, 1, 3, '', '', NULL, 4500, 'N', 'Y', 'N', 'N', '', 'N', 1, '', 'Y', 'N', '0000-00-00', 7, '2013-12-18 18:15:59'),
(81, 70, NULL, '2013-12-18 00:00:00', '2013-12-19 00:00:00', 'N', '', '00:00:00', 1, 2, '1', '2', 1, 1, 1, 6301, NULL, 'Y', 15, NULL, 1, 1, 3, '', '', NULL, 6300, 'N', 'N', 'N', 'N', '', 'N', 1, '', 'Y', 'N', '0000-00-00', 7, '2013-12-18 18:18:38'),
(82, 71, NULL, '2013-12-18 00:00:00', '2013-12-19 00:00:00', 'N', '', '00:00:00', 1, 7, '2', '7', 34, 1, 1, 4915, NULL, 'Y', 15, NULL, 1, 1, 3, '', '', NULL, 4200, 'N', 'N', 'N', 'Y', '', 'N', 1, '', 'Y', 'N', '0000-00-00', 7, '0000-00-00 00:00:00'),
(83, 72, NULL, '2013-12-18 00:00:00', '2013-12-21 00:00:00', 'N', '', '00:00:00', 3, 8, '3', '8', 34, 1, 1, 4915, NULL, 'Y', 15, NULL, 1, 1, 3, '', '', NULL, 4200, 'N', 'N', 'N', 'Y', '', 'N', 1, '', 'Y', 'N', '2013-12-20', 7, '0000-00-00 00:00:00'),
(84, 56, NULL, '2013-12-19 00:00:00', '2013-12-20 00:00:00', 'N', '', '00:00:00', 1, 3, '2', '3', 1, 1, 1, 5500, NULL, 'Y', 15, NULL, 1, 1, 3, '', '', NULL, 4700, 'Y', 'N', 'N', 'N', '', 'Y', 1, '', 'Y', 'N', '0000-00-00', 7, '2013-12-19 17:15:09'),
(85, 56, NULL, '2013-12-19 00:00:00', '2013-12-20 00:00:00', 'N', '', '00:00:00', 1, 5, '3', '5', 1, 1, 1, 5851, NULL, 'Y', 15, NULL, 1, 1, 3, '', '', NULL, 5000, 'N', 'Y', 'N', 'N', '', 'Y', 1, '', 'Y', 'N', '0000-00-00', 7, '2013-12-20 08:12:52'),
(86, 73, NULL, '2013-12-20 00:00:00', '2013-12-20 00:00:00', 'N', '', '00:00:00', 1, 6, '2', '6', 1, 1, 1, 5266, NULL, 'Y', 15, NULL, 1, 1, 3, '', '', NULL, 4500, 'Y', 'N', 'N', 'N', '', 'Y', 1, '', 'Y', 'N', '0000-00-00', 7, '2013-12-20 11:10:44'),
(87, 74, NULL, '2013-12-20 00:00:00', '2013-12-21 00:00:00', 'N', '', '00:00:00', 1, 7, '2', '7', 1, 1, 1, 4915, NULL, 'Y', 15, NULL, 1, 1, 3, '', '', NULL, 4200, 'Y', 'N', 'N', 'N', '', 'Y', 1, '', 'Y', 'N', '0000-00-00', 7, '2013-12-20 22:17:47'),
(88, 75, NULL, '2013-12-20 00:00:00', '2013-12-21 00:00:00', 'N', '', '00:00:00', 1, 6, '2', '6', 1, 1, 1, 4501, NULL, 'Y', 15, NULL, 1, 1, 3, '', '', NULL, 4500, 'Y', 'N', 'N', 'N', '', 'N', 1, '', 'Y', 'N', '0000-00-00', 7, '2013-12-21 08:33:04'),
(89, 76, NULL, '2013-12-21 00:00:00', '2002-09-24 00:00:00', 'N', '', '00:00:00', -4107, 5, '3', '5', 1, 1, 1, 48001, NULL, 'Y', 15, NULL, 1, 1, 3, '', '', NULL, 24000, 'Y', 'N', 'N', 'N', '', 'N', 1, '', 'Y', 'N', '0000-00-00', 7, '2013-12-21 13:40:34'),
(90, 77, NULL, '2013-12-21 00:00:00', '2013-12-22 00:00:00', 'N', '', '00:00:00', 1, 6, '2', '6', 1, 1, 1, 5266, NULL, 'Y', 15, NULL, 1, 1, 3, '', '', NULL, 4500, 'N', 'Y', 'N', 'N', '', 'Y', 1, '', 'Y', 'N', '0000-00-00', 7, '2013-12-21 21:19:23'),
(91, 78, NULL, '2013-12-22 00:00:00', '2013-12-28 00:00:00', 'N', '', '00:00:00', 6, 1, '1', '1', 21, 1, 1, 31591, NULL, 'Y', 15, NULL, 1, 1, 3, '', '', NULL, 4500, 'N', 'Y', 'N', 'N', '', 'N', 1, '', 'Y', 'N', '2013-12-26', 7, '0000-00-00 00:00:00'),
(92, 79, NULL, '2013-12-22 00:00:00', '2013-12-27 00:00:00', 'N', '', '00:00:00', 5, 8, '3', '8', 25, 1, 1, 14041, NULL, 'Y', 15, NULL, 1, 1, 3, '', '', NULL, 4000, 'N', 'N', 'N', 'Y', '', 'N', 1, '', 'Y', 'N', '2013-12-26', 7, '0000-00-00 00:00:00'),
(93, 80, NULL, '2013-12-22 00:00:00', '2013-12-24 00:00:00', 'N', '', '00:00:00', 2, 5, '2', '5', 1, 1, 1, 5500, NULL, 'Y', 15, NULL, 1, 1, 3, '', '', NULL, 4700, 'Y', 'N', 'N', 'N', '', 'Y', 1, '', 'Y', 'N', '2013-12-23', 7, '2002-09-24 09:33:01'),
(94, 81, NULL, '2013-12-23 00:00:00', '2014-01-04 00:00:00', 'N', '', '00:00:00', 12, 6, '1', '6', 1, 1, 1, 18001, NULL, 'N', 15, NULL, 1, 1, 3, '', '', NULL, 4500, 'Y', 'N', 'N', 'N', '', 'N', 1, '', 'Y', 'N', '2014-01-08', 7, '0000-00-00 00:00:00'),
(95, 82, NULL, '2013-12-23 00:00:00', '2013-12-24 00:00:00', 'N', '', '00:00:00', 1, 3, '2', '3', 1, 1, 1, 5851, NULL, 'Y', 15, NULL, 1, 1, 3, '', '', NULL, 5000, 'Y', 'N', 'N', 'N', '', 'Y', 1, '', 'Y', 'N', '0000-00-00', 7, '2013-12-23 01:43:52'),
(96, 83, NULL, '2013-12-23 00:00:00', '2013-12-24 00:00:00', 'N', '', '00:00:00', 1, 2, '1', '2', 1, 1, 1, 5266, NULL, 'Y', 15, NULL, 1, 1, 3, '', '', NULL, 4500, 'Y', 'N', 'N', 'N', '', 'Y', 1, '', 'Y', 'N', '0000-00-00', 7, '2013-12-23 06:16:51'),
(97, 84, NULL, '2013-12-24 00:00:00', '2013-12-27 00:00:00', 'N', '', '00:00:00', 3, 3, '2', '3', 1, 1, 1, 9001, NULL, 'Y', 15, NULL, 1, 1, 3, '', '', NULL, 4500, 'Y', 'N', 'N', 'N', '', 'N', 1, '', 'Y', 'N', '2013-12-26', 7, '0000-00-00 00:00:00'),
(98, 85, NULL, '2013-12-24 00:00:00', '2013-12-26 00:00:00', 'N', '', '00:00:00', 2, 2, '1', '2', 1, 1, 1, 5500, NULL, 'Y', 15, NULL, 1, 1, 3, '', '', NULL, 4700, 'Y', 'N', 'N', 'N', '', 'N', 1, '', 'Y', 'N', '2013-12-26', 7, '0000-00-00 00:00:00'),
(99, 85, NULL, '2013-12-24 00:00:00', '2013-12-28 00:00:00', 'N', '', '00:00:00', 4, 5, '2', '5', 1, 1, 1, 5500, NULL, 'Y', 15, NULL, 1, 1, 3, '', '', NULL, 4700, 'Y', 'N', 'N', 'N', '', 'N', 1, '', 'Y', 'N', '2013-12-26', 7, '0000-00-00 00:00:00'),
(100, 86, NULL, '2013-12-25 00:00:00', '2013-12-27 00:00:00', 'N', '', '00:00:00', 2, 7, '2', '7', 1, 1, 1, 6085, NULL, 'Y', 15, NULL, 1, 1, 3, '', '', NULL, 5200, 'Y', 'N', 'N', 'N', '', 'N', 1, '', 'Y', 'N', '2013-12-26', 7, '0000-00-00 00:00:00'),
(101, 87, NULL, '2013-12-26 00:00:00', '2013-12-27 00:00:00', 'N', '', '00:00:00', 1, 2, '1', '2', 35, 1, 1, 4681, NULL, 'Y', 15, NULL, 1, 1, 3, '', '', NULL, 4000, 'N', 'N', 'N', 'Y', '', 'Y', 1, '', 'Y', 'N', '0000-00-00', 7, '2013-12-26 03:28:38'),
(102, 88, NULL, '2013-12-27 00:00:00', '2013-12-28 00:00:00', 'N', '', '00:00:00', 1, 3, '2', '3', 1, 1, 1, 10999, NULL, 'Y', 15, NULL, 1, 1, 3, '', '', NULL, 4700, 'Y', 'N', 'N', 'N', '', 'N', 1, '', 'Y', 'N', '2013-12-28', 7, '0000-00-00 00:00:00'),
(103, 89, NULL, '2013-12-26 00:00:00', '2013-12-28 00:00:00', 'N', '', '00:00:00', 2, 2, '1', '2', 36, 1, 1, 4001, NULL, 'Y', 15, NULL, 1, 1, 3, '', '', NULL, 4000, 'Y', 'N', 'N', 'N', '', 'N', 1, '', 'Y', 'N', '2013-12-26', 7, '0000-00-00 00:00:00'),
(104, 89, NULL, '2013-12-26 00:00:00', '2013-12-28 00:00:00', 'N', '', '00:00:00', 2, 8, '3', '8', 36, 1, 1, 4001, NULL, 'Y', 15, NULL, 1, 1, 3, '', '', NULL, 4000, 'Y', 'N', 'N', 'N', '', 'N', 1, '', 'Y', 'N', '0000-00-00', 7, '0000-00-00 00:00:00'),
(105, 90, NULL, '2013-12-28 00:00:00', '2013-12-28 00:00:00', 'N', '', '00:00:00', 1, 8, '2', '8', 1, 1, 1, 5001, NULL, 'Y', 15, NULL, 1, 1, 3, '', '', NULL, 5000, 'Y', 'N', 'N', 'N', '', 'N', 1, '', 'Y', 'N', '2013-12-28', 7, '0000-00-00 00:00:00'),
(106, 91, NULL, '2013-12-28 00:00:00', '2013-12-28 00:00:00', 'N', '', '00:00:00', 1, 5, '3', '5', 1, 1, 1, 11701, NULL, 'Y', 15, NULL, 1, 1, 3, '', '', NULL, 10000, 'Y', 'N', 'N', 'N', '', 'Y', 1, '', 'Y', 'N', '2013-12-28', 7, '2013-12-28 05:01:05'),
(107, 92, NULL, '2013-12-28 00:00:00', '2014-01-02 00:00:00', 'N', '', '00:00:00', 5, 5, '2', '5', 1, 1, 1, 15796, NULL, 'Y', 15, NULL, 1, 1, 3, '', '', NULL, 4500, 'Y', 'N', 'N', 'N', '', 'N', 1, '', 'Y', 'N', '2013-12-31', 7, '0000-00-00 00:00:00'),
(108, 93, NULL, '2013-12-29 00:00:00', '2014-01-04 00:00:00', 'N', '', '00:00:00', 6, 1, '1', '1', 21, 1, 1, 10531, NULL, 'Y', 15, NULL, 1, 1, 3, '', '', NULL, 4500, 'N', 'Y', 'N', 'N', '', 'N', 1, '', 'Y', 'N', '2014-01-03', 7, '0000-00-00 00:00:00'),
(109, 94, NULL, '2013-12-29 00:00:00', '2014-01-02 00:00:00', 'N', '', '00:00:00', 4, 3, '2', '3', 1, 1, 1, 10001, NULL, 'Y', 15, NULL, 1, 1, 3, '', '', NULL, 5000, 'Y', 'N', 'N', 'N', '', 'N', 1, '', 'Y', 'N', '2013-12-31', 7, '0000-00-00 00:00:00'),
(110, 95, NULL, '2013-12-29 00:00:00', '2013-12-28 00:00:00', 'N', '', '00:00:00', -1, 8, '3', '8', 1, 1, 1, 5500, NULL, 'Y', 15, NULL, 1, 1, 3, '', '', NULL, 4700, 'Y', 'N', 'N', 'N', '', 'N', 1, '', 'Y', 'N', '2013-12-28', 7, '0000-00-00 00:00:00'),
(111, 95, NULL, '2013-12-29 00:00:00', '2013-12-28 00:00:00', 'N', '', '00:00:00', -1, 7, '2', '7', 1, 1, 1, 5500, NULL, 'Y', 15, NULL, 1, 1, 3, '', '', NULL, 4700, 'Y', 'N', 'N', 'N', '', 'N', 1, '', 'Y', 'N', '2013-12-28', 7, '0000-00-00 00:00:00'),
(112, 96, NULL, '2013-12-30 00:00:00', '2013-12-31 00:00:00', 'N', '', '00:00:00', 1, 8, '3', '8', 1, 1, 1, 4915, NULL, 'Y', 15, NULL, 1, 1, 3, '', '', NULL, 4200, 'Y', 'N', 'N', 'N', '', 'Y', 1, '', 'Y', 'N', '0000-00-00', 7, '2013-12-28 00:48:08'),
(113, 97, NULL, '2013-12-30 00:00:00', '2014-01-03 00:00:00', 'N', '', '00:00:00', 4, 2, '2', '2', 8, 1, 1, 4915, NULL, 'Y', 15, NULL, 1, 1, 3, '', '', NULL, 4200, 'N', 'N', 'N', 'Y', '', 'N', 1, '', 'Y', 'N', '2014-01-01', 7, '0000-00-00 00:00:00'),
(114, 98, NULL, '2013-12-31 00:00:00', '2013-12-28 00:00:00', 'N', '', '00:00:00', -3, 8, '3', '8', 29, 1, 1, 4915, NULL, 'Y', 15, NULL, 1, 1, 3, '', '', NULL, 4200, 'N', 'N', 'N', 'Y', '', 'Y', 1, '', 'Y', 'N', '0000-00-00', 7, '2013-12-31 20:53:02'),
(115, 98, NULL, '2013-12-31 00:00:00', '2013-12-28 00:00:00', 'N', '', '00:00:00', -3, 7, '2', '7', 29, 1, 1, 5500, NULL, 'Y', 15, NULL, 1, 1, 3, '', '', NULL, 4700, 'N', 'N', 'N', 'Y', '', 'N', 1, '', 'Y', 'N', '0000-00-00', 7, '0000-00-00 00:00:00'),
(116, 99, NULL, '2014-01-01 00:00:00', '2014-01-02 00:00:00', 'N', '', '00:00:00', 1, 8, '3', '8', 5, 1, 1, 14743, NULL, 'Y', 15, NULL, 1, 1, 3, '', '', NULL, 4200, 'N', 'N', 'N', 'Y', '', 'N', 1, '', 'Y', 'N', '0000-00-00', 7, '0000-00-00 00:00:00'),
(117, 100, NULL, '2014-01-01 00:00:00', '2014-01-02 00:00:00', 'N', '', '00:00:00', 1, 7, '2', '7', 5, 1, 1, 14743, NULL, 'Y', 15, NULL, 1, 1, 3, '', '', NULL, 4200, 'N', 'N', 'N', 'Y', '', 'N', 1, '', 'Y', 'N', '0000-00-00', 7, '0000-00-00 00:00:00'),
(118, 101, NULL, '2014-01-02 00:00:00', '2014-01-03 00:00:00', 'N', '', '00:00:00', 1, 5, '3', '5', 1, 1, 1, 21997, NULL, 'Y', 15, NULL, 1, 1, 3, '', '', NULL, 18800, 'Y', 'N', 'N', 'N', '', 'Y', 1, '', 'Y', 'N', '0000-00-00', 7, '2014-01-02 19:08:41'),
(119, 101, NULL, '2014-01-02 00:00:00', '2014-01-03 00:00:00', 'N', '', '00:00:00', 1, 3, '2', '3', 1, 1, 1, 5500, NULL, 'Y', 15, NULL, 1, 1, 3, '', '', NULL, 4700, 'Y', 'N', 'N', 'N', '', 'Y', 1, '', 'Y', 'N', '0000-00-00', 7, '2014-01-03 12:18:10'),
(120, 101, NULL, '2014-01-02 00:00:00', '2014-01-03 00:00:00', 'N', '', '00:00:00', 1, 7, '2', '7', 1, 1, 1, 5500, NULL, 'Y', 15, NULL, 1, 1, 3, '', '', NULL, 4700, 'Y', 'N', 'N', 'N', '', 'Y', 1, '', 'Y', 'N', '0000-00-00', 7, '2014-01-03 12:19:24'),
(121, 101, NULL, '2014-01-02 00:00:00', '2014-01-03 00:00:00', 'N', '', '00:00:00', 1, 8, '3', '8', 1, 1, 1, 5500, NULL, 'Y', 15, NULL, 1, 1, 3, '', '', NULL, 4700, 'Y', 'N', 'N', 'N', '', 'Y', 1, '', 'Y', 'N', '0000-00-00', 7, '2014-01-03 12:20:29'),
(122, 102, NULL, '2014-01-03 00:00:00', '2014-01-05 00:00:00', 'N', '', '00:00:00', 2, 5, '3', '5', 1, 1, 1, 12601, NULL, 'Y', 15, NULL, 1, 1, 3, '', '', NULL, 6300, 'Y', 'N', 'N', 'N', '', 'N', 1, '', 'Y', 'N', '2014-01-04', 7, '2014-01-03 15:25:58'),
(123, 103, NULL, '2014-01-03 00:00:00', '2014-01-05 00:00:00', 'N', '', '00:00:00', 2, 8, '3', '8', 1, 1, 1, 10531, NULL, 'Y', 15, NULL, 1, 1, 3, '', '', NULL, 4500, 'Y', 'N', 'N', 'N', '', 'Y', 1, '', 'Y', 'N', '2014-01-04', 7, '2014-01-03 15:29:29'),
(124, 104, NULL, '2014-01-03 00:00:00', '2014-01-05 00:00:00', 'N', '', '00:00:00', 2, 2, '2', '2', 1, 1, 1, 5501, NULL, 'Y', 15, NULL, 1, 1, 3, '', '', NULL, 5500, 'Y', 'N', 'N', 'N', '', 'N', 1, '', 'Y', 'N', '2014-01-04', 7, '2014-01-03 15:30:58'),
(125, 105, NULL, '2014-01-04 00:00:00', '2014-01-06 00:00:00', 'N', '', '00:00:00', 2, 7, '2', '7', 37, 1, 1, 10531, NULL, 'Y', 15, NULL, 1, 1, 3, '', '', NULL, 9000, 'N', 'Y', 'N', 'N', '', 'N', 1, '', 'Y', 'N', '2014-01-04', 7, '0000-00-00 00:00:00'),
(126, 106, NULL, '2014-01-04 00:00:00', '2014-01-05 00:00:00', 'N', '', '00:00:00', 1, 1, '1', '1', 1, 1, 1, 5266, NULL, 'Y', 15, NULL, 1, 1, 3, '', '', NULL, 4500, 'Y', 'N', 'N', 'N', '', 'Y', 1, '', 'Y', 'N', '2014-01-04', 7, '2014-12-04 22:05:17'),
(127, 107, NULL, '2014-01-05 00:00:00', '2014-01-08 00:00:00', 'N', '', '00:00:00', 3, 8, '2', '8', 1, 1, 1, 5500, NULL, 'Y', 15, NULL, 1, 1, 3, '', '', NULL, 4700, 'Y', 'N', 'N', 'N', '', 'Y', 1, '', 'Y', 'N', '2014-01-06', 7, '2014-01-05 03:45:20'),
(128, 108, NULL, '2014-01-05 00:00:00', '2014-01-06 00:00:00', 'N', '', '00:00:00', 1, 2, '1', '2', 1, 1, 1, 4501, NULL, 'Y', 15, NULL, 1, 1, 3, '', '', NULL, 4500, 'Y', 'N', 'N', 'N', '', 'N', 1, '', 'Y', 'N', '2014-01-04', 7, '2002-09-24 02:35:12'),
(129, 109, NULL, '2014-12-05 00:00:00', '2014-01-06 00:00:00', 'N', '', '00:00:00', -333, 5, '3', '5', 1, 1, 1, 5001, NULL, 'Y', 15, NULL, 1, 1, 3, '', '', NULL, 5000, 'Y', 'N', 'N', 'N', '', 'N', 1, '', 'Y', 'N', '2014-01-04', 7, '2014-12-05 22:22:23'),
(130, 110, NULL, '2014-01-06 00:00:00', '2014-01-07 00:00:00', 'N', '', '00:00:00', 1, 2, '1', '2', 1, 1, 1, 4915, NULL, 'Y', 15, NULL, 1, 1, 3, '', '', NULL, 4200, 'Y', 'N', 'N', 'N', '', 'Y', 1, '', 'Y', 'N', '0000-00-00', 7, '2014-01-06 14:47:16'),
(131, 111, NULL, '2014-01-06 00:00:00', '2014-01-10 00:00:00', 'N', '', '00:00:00', 4, 5, '3', '5', 1, 1, 1, 20001, NULL, 'N', 15, NULL, 1, 1, 3, '', '', NULL, 5000, 'Y', 'N', 'N', 'N', '', 'Y', 1, '', 'Y', 'N', '2014-01-08', 7, '2014-01-06 20:25:28'),
(132, 112, NULL, '2014-01-06 00:00:00', '2014-01-08 00:00:00', 'N', '', '00:00:00', 2, 7, '2', '7', 1, 1, 1, 5851, NULL, 'Y', 15, NULL, 1, 1, 3, '', '', NULL, 5000, 'Y', 'N', 'N', 'N', '', 'Y', 1, '', 'Y', 'N', '2014-01-06', 7, '2014-01-06 21:49:08'),
(133, 113, NULL, '2014-01-06 00:00:00', '2014-01-07 00:00:00', 'N', '', '00:00:00', 1, 3, '2', '3', 10, 1, 1, 4915, NULL, 'Y', 15, NULL, 1, 1, 3, '', '', NULL, 4200, 'N', 'N', 'N', 'N', '', 'Y', 1, '', 'Y', 'N', '0000-00-00', 7, '2014-01-06 23:12:09'),
(134, 97, NULL, '2014-01-07 00:00:00', '2014-01-09 00:00:00', 'N', '', '00:00:00', 2, 3, '1', '3', 8, 1, 1, 10999, NULL, 'Y', 15, NULL, 1, 1, 3, '', '', NULL, 4700, 'N', 'N', 'N', 'Y', '', 'Y', 1, '', 'Y', 'N', '2014-01-08', 7, '2014-01-07 00:30:41'),
(135, 79, NULL, '2014-01-07 00:00:00', '2014-01-10 00:00:00', 'N', '', '00:00:00', 4, 2, '1', '2', 25, 1, 1, 19657, NULL, 'N', 15, NULL, 1, 1, 3, '', '', NULL, 4200, 'N', 'N', 'Y', 'N', '', 'Y', 1, '', 'Y', 'N', '2014-01-08', 7, '2014-01-08 00:05:39'),
(136, 114, NULL, '2014-01-07 00:00:00', '2014-01-10 00:00:00', 'N', '', '00:00:00', 3, 8, '1', '8', 1, 1, 1, 15001, NULL, 'N', 15, NULL, 1, 1, 3, '', '', NULL, 5000, 'N', 'Y', 'N', 'N', '', 'N', 1, '', 'Y', 'N', '2014-01-08', 7, '2014-01-08 00:09:02'),
(137, 64, NULL, '2014-01-06 00:00:00', '2014-01-08 00:00:00', 'N', '', '00:00:00', 2, 7, '2', '7', 1, 1, 1, 11701, NULL, 'Y', 15, NULL, 1, 1, 3, '', '', NULL, 5000, 'Y', 'N', 'N', 'N', '', 'Y', 1, '', 'Y', 'N', '0000-00-00', 7, '2014-01-08 02:30:11'),
(138, 64, NULL, '2014-01-08 00:00:00', '2014-01-08 00:00:00', 'N', '', '00:00:00', 1, 8, '3', '8', 1, 1, 1, 10001, NULL, 'Y', 15, NULL, 1, 1, 3, '', '', NULL, 5000, 'Y', 'N', 'N', 'N', '', 'N', 1, '', 'Y', 'N', '0000-00-00', 7, '0000-00-00 00:00:00'),
(139, 115, NULL, '2014-01-08 00:00:00', '2014-01-09 00:00:00', 'N', '', '00:00:00', 1, 7, '2', '7', 1, 1, 1, 4501, NULL, 'N', 15, NULL, 1, 1, 3, '', '', NULL, 4500, 'Y', 'N', 'N', 'N', '', 'Y', 1, '', 'Y', 'N', '0000-00-00', 7, '2014-01-08 02:45:17');

-- --------------------------------------------------------

--
-- Table structure for table `hms_city`
--

CREATE TABLE IF NOT EXISTS `hms_city` (
  `id` int(11) NOT NULL AUTO_INCREMENT,
  `name` varchar(100) NOT NULL,
  PRIMARY KEY (`id`)
) ENGINE=InnoDB DEFAULT CHARSET=utf8 AUTO_INCREMENT=1 ;

--
-- Dumping data for table `hms_city`
--


-- --------------------------------------------------------

--
-- Table structure for table `hms_company_info`
--

CREATE TABLE IF NOT EXISTS `hms_company_info` (
  `comp_id` int(11) NOT NULL AUTO_INCREMENT,
  `acc_no` int(11) DEFAULT NULL,
  `comp_name` varchar(100) NOT NULL,
  `comp_contact_person` varchar(80) DEFAULT NULL,
  `person_designation` varchar(70) DEFAULT NULL,
  `person_mobile` varchar(25) DEFAULT NULL,
  `comp_address` varchar(255) DEFAULT NULL,
  `comp_phone` varchar(25) DEFAULT NULL,
  `comp_fax` varchar(25) DEFAULT NULL,
  `comp_email` varchar(100) DEFAULT NULL,
  `comp_website` varchar(50) DEFAULT NULL,
  `comp_allow_credit` varchar(2) DEFAULT NULL,
  `rate_to` varchar(120) DEFAULT NULL,
  `rate_from` varchar(120) DEFAULT NULL,
  `rate_date` datetime DEFAULT NULL,
  `country_id` int(11) NOT NULL,
  `branch_id` int(11) NOT NULL,
  `user_id` int(11) NOT NULL,
  PRIMARY KEY (`comp_id`),
  UNIQUE KEY `comp_name` (`comp_name`),
  KEY `country_id` (`country_id`),
  KEY `user_id` (`user_id`),
  KEY `branch_id` (`branch_id`)
) ENGINE=InnoDB  DEFAULT CHARSET=utf8 AUTO_INCREMENT=38 ;

--
-- Dumping data for table `hms_company_info`
--

INSERT INTO `hms_company_info` (`comp_id`, `acc_no`, `comp_name`, `comp_contact_person`, `person_designation`, `person_mobile`, `comp_address`, `comp_phone`, `comp_fax`, `comp_email`, `comp_website`, `comp_allow_credit`, `rate_to`, `rate_from`, `rate_date`, `country_id`, `branch_id`, `user_id`) VALUES
(1, 10, 'PRIVET', '1111111', 'na', '', '', '', '', '', '', 'N', 'UNITED INSURIENCE', '0', '2013-12-02 18:25:31', 1, 7, 15),
(2, 5, 'E-Y', 'ASADF', '', '', '', '', '', '', '', 'Y', NULL, NULL, NULL, 1, 7, 15),
(3, 6, 'OZONE SOLUTION', '.......', '', '', '', '', '', '', '', 'Y', NULL, NULL, NULL, 1, 7, 15),
(4, 7, 'C-W-S', '....', '', '', '', '', '', '', '', 'Y', NULL, NULL, NULL, 1, 7, 15),
(5, 9, 'A.G.C.N ', '....', '', '', '', '', '', '', '', 'Y', NULL, NULL, NULL, 1, 7, 15),
(6, 11, 'PWC LAHORE', '.....', '', '', '', '', '', '', '', 'Y', NULL, NULL, NULL, 1, 7, 15),
(7, 12, 'HELP AGE PAKISTAN', '.', '', '', '', '', '', '', '', 'Y', NULL, NULL, NULL, 1, 7, 15),
(8, 13, 'SKF PAKISTAN', '..', '', '', '', '', '', '', '', 'Y', NULL, NULL, NULL, 1, 7, 15),
(9, 14, 'SHOUKAT KHANUM HOSPITAL', '...', '', '', '', '', '', '', '', 'Y', NULL, NULL, NULL, 1, 7, 15),
(10, 15, 'MDM ', '....', '', '', '', '', '', '', '', 'Y', NULL, NULL, NULL, 1, 7, 15),
(11, 16, 'INTER MEDIA', '....', '', '', '', '', '', '', '', 'Y', NULL, NULL, NULL, 1, 7, 15),
(12, 17, 'READ FOUNDATION', '.', '', '', '', '', '', '', '', 'Y', NULL, NULL, NULL, 1, 7, 15),
(13, 18, 'SAIF GROUP', '.', '', '', '', '', '', '', '', 'Y', NULL, NULL, NULL, 1, 7, 15),
(14, 19, 'TELCO NET', '....', '', '', '', '', '', '', '', 'Y', NULL, NULL, NULL, 1, 7, 15),
(15, 20, 'BUSSINES BEAM', '.', '', '', '', '', '', '', '', 'Y', NULL, NULL, NULL, 1, 7, 15),
(16, 21, 'MEDA', '.', '', '', '', '', '', '', '', 'Y', NULL, NULL, NULL, 1, 7, 15),
(17, 22, 'SABAH PAKISTAN', '.', '', '', '.', '', '', '', '', 'Y', NULL, NULL, NULL, 1, 7, 15),
(18, 23, 'WINROCK', '.', '', '', '.', '', '', '', '', 'Y', NULL, NULL, NULL, 1, 7, 15),
(19, 24, 'LUCKY CEMENT', '.', '', '', '.', '', '', '', '', 'Y', NULL, NULL, NULL, 1, 7, 15),
(20, 27, '.', '.', '', '', '.', '', '', '', '', 'Y', NULL, NULL, NULL, 1, 7, 15),
(21, 37, 'TERA DATA', '....', '', '', '', '', '', '', '', 'Y', NULL, NULL, NULL, 1, 7, 15),
(22, 40, 'VECTRA COM', '.', '', '', '', '', '', '', '', 'Y', NULL, NULL, NULL, 1, 7, 15),
(23, 44, 'BACHA KHAN UNIVERSITY', '....', '', '', '', '', '', '', '', 'Y', NULL, NULL, NULL, 1, 7, 15),
(24, 51, 'UNITED INSURANCE', '1', '1', '', '', '1', '', '', '', 'Y', NULL, NULL, NULL, 1, 7, 15),
(25, 55, 'PWC', '.....', '', '', '', '', '', '', '', 'N', NULL, NULL, NULL, 1, 7, 15),
(26, 56, 'ALFTEH ', '1', '', '', '', '', '', '', '', 'Y', NULL, NULL, NULL, 1, 7, 15),
(27, 67, 'PTC', '...', '', '', '', '', '', '', '', 'Y', NULL, NULL, NULL, 1, 7, 15),
(28, 70, 'Mandviwallah ', '1', '', '', '', '', '', '', '', 'Y', NULL, NULL, NULL, 1, 7, 15),
(29, 74, 'MMP', '1', '', '', '', '', '', '', '', 'Y', NULL, NULL, NULL, 1, 7, 15),
(30, 87, 'CMD', '..', '', '', '', '', '', '', '', 'Y', NULL, NULL, NULL, 1, 7, 15),
(31, 92, 'BANK ISLAMI', '1', '', '', '', '', '', '', '', 'Y', NULL, NULL, NULL, 1, 7, 15),
(32, 100, 'EP FIRMS', '...', '', '', '', '', '', '', '', 'Y', NULL, NULL, NULL, 1, 7, 15),
(33, 111, 'WORLD VISION ', '12', '', '', '', '', '', '', '', 'Y', NULL, NULL, NULL, 1, 7, 15),
(34, 116, 'THRIVE', '...', '', '', '', '', '', '', '', 'Y', NULL, NULL, NULL, 1, 7, 15),
(35, 131, 'OBS ', '1', '', '', '', '', '', '', '', 'Y', NULL, NULL, NULL, 1, 7, 15),
(36, 135, 'WAPDA', '.....', '', '', '', '', '', '', '', 'Y', NULL, NULL, NULL, 1, 7, 15),
(37, 158, 'TRADE DYNAMICS', 'SALMAN YOUNAS', '', '', '', '', '', '', '', 'Y', NULL, NULL, NULL, 1, 7, 15);

-- --------------------------------------------------------

--
-- Table structure for table `hms_exchange_rate`
--

CREATE TABLE IF NOT EXISTS `hms_exchange_rate` (
  `excange_rate_id` int(11) NOT NULL AUTO_INCREMENT,
  `country_id` int(11) NOT NULL,
  `sign` varchar(10) NOT NULL,
  `exchabge_rate` int(11) NOT NULL,
  `branch_id` int(11) NOT NULL,
  `user_id` int(11) NOT NULL,
  PRIMARY KEY (`excange_rate_id`),
  KEY `country_id` (`country_id`),
  KEY `user_id` (`user_id`),
  KEY `branch_id` (`branch_id`)
) ENGINE=InnoDB DEFAULT CHARSET=utf8 AUTO_INCREMENT=1 ;

--
-- Dumping data for table `hms_exchange_rate`
--


-- --------------------------------------------------------

--
-- Table structure for table `hms_flight_info`
--

CREATE TABLE IF NOT EXISTS `hms_flight_info` (
  `flight_id` int(11) NOT NULL AUTO_INCREMENT,
  `flight_name` varchar(20) NOT NULL,
  `flight_arrival` time NOT NULL,
  `flight_departure` time NOT NULL,
  `branch_id` int(11) NOT NULL,
  PRIMARY KEY (`flight_id`),
  KEY `branch_id` (`branch_id`)
) ENGINE=InnoDB  DEFAULT CHARSET=utf8 AUTO_INCREMENT=56 ;

--
-- Dumping data for table `hms_flight_info`
--

INSERT INTO `hms_flight_info` (`flight_id`, `flight_name`, `flight_arrival`, `flight_departure`, `branch_id`) VALUES
(13, 'PA-206', '20:00:00', '20:00:00', 7),
(14, 'PK-308', '17:55:00', '16:00:00', 7),
(15, 'PA-200', '09:00:00', '07:00:00', 7),
(16, 'PA-204', '13:30:00', '12:00:00', 7),
(17, 'PK-368', '11:55:00', '10:00:00', 7),
(18, 'PK-650', '09:00:00', '07:00:00', 7),
(19, 'PK-300', '09:00:00', '07:00:00', 7),
(20, 'PK-656', '16:30:00', '15:00:00', 7),
(21, 'PK-658', '22:00:00', '23:50:00', 7),
(22, 'PK-352', '15:00:00', '17:00:00', 7),
(23, 'NL-125', '06:00:00', '07:00:00', 7),
(24, 'NL-121', '09:00:00', '07:00:00', 7),
(25, 'PA-211', '11:00:00', '09:00:00', 7),
(26, 'PK-309', '17:55:00', '19:00:00', 7),
(27, 'TG-349', '22:25:00', '21:00:00', 7),
(28, 'PK-1852', '21:45:00', '19:50:00', 7),
(30, 'PK-370', '20:50:00', '00:00:00', 7),
(31, 'PK-650', '09:25:00', '00:00:00', 7),
(32, 'PK-649', '00:00:00', '00:00:00', 7),
(33, 'PA-207', '22:30:00', '00:00:00', 7),
(34, 'TG-350', '23:20:00', '00:00:00', 7),
(35, 'PK-652', '18:50:00', '00:00:00', 7),
(36, 'PK-382', '00:00:00', '00:00:00', 7),
(37, 'PK-661', '10:00:00', '00:00:00', 7),
(38, 'PK-212', '20:20:00', '00:00:00', 7),
(39, 'TK-710', '03:55:00', '00:00:00', 7),
(40, 'PK-588', '17:20:00', '00:00:00', 7),
(41, 'TK-711', '05:40:00', '00:00:00', 7),
(42, 'NL-127', '22:30:00', '00:00:00', 7),
(43, 'EK-614', '01:25:00', '00:00:00', 7),
(44, 'PK-206', '20:45:00', '00:00:00', 7),
(45, 'EY-233', '00:00:01', '00:00:00', 7),
(46, 'EY-232', '03:45:00', '00:00:00', 7),
(47, 'PK-386', '08:25:00', '00:00:00', 7),
(48, 'TK-710', '00:00:03', '00:00:00', 7),
(49, 'TK-710', '15:55:00', '00:00:00', 7),
(50, 'EK-612', '07:00:00', '00:00:00', 7),
(51, 'Pk-654', '20:00:00', '00:00:00', 7),
(52, 'Pk-654', '20:00:00', '00:00:00', 7),
(53, 'QR-614', '02:20:00', '00:00:00', 7),
(54, 'QR-646', '16:40:00', '00:00:00', 7),
(55, 'PK-853', '22:00:00', '00:00:00', 7);

-- --------------------------------------------------------

--
-- Table structure for table `hms_floor`
--

CREATE TABLE IF NOT EXISTS `hms_floor` (
  `floor_id` int(11) NOT NULL AUTO_INCREMENT,
  `description` varchar(50) NOT NULL,
  `branch_id` int(11) NOT NULL,
  PRIMARY KEY (`floor_id`),
  KEY `branch_id` (`branch_id`)
) ENGINE=InnoDB  DEFAULT CHARSET=utf8 AUTO_INCREMENT=3 ;

--
-- Dumping data for table `hms_floor`
--

INSERT INTO `hms_floor` (`floor_id`, `description`, `branch_id`) VALUES
(1, 'GroundFloor', 7),
(2, '1st Floor', 7);

-- --------------------------------------------------------

--
-- Table structure for table `hms_guest_info`
--

CREATE TABLE IF NOT EXISTS `hms_guest_info` (
  `guest_id` int(11) NOT NULL AUTO_INCREMENT,
  `acc_no` int(11) DEFAULT NULL,
  `guest_salutation_id` int(11) NOT NULL,
  `guest_name` varchar(50) NOT NULL,
  `guest_address` varchar(255) NOT NULL,
  `city_id` int(11) DEFAULT NULL,
  `guest_phone` varchar(15) DEFAULT NULL,
  `guest_country_id` int(11) NOT NULL,
  `guest_mobile` varchar(25) NOT NULL,
  `guest_identity_id` int(11) NOT NULL,
  `guest_identity_no` varchar(25) DEFAULT NULL,
  `guest_identity_issu` date NOT NULL,
  `guest_identiy_expire` date NOT NULL,
  `guest_gender` varchar(10) NOT NULL,
  `guest_email` varchar(50) NOT NULL,
  `guest_company_id` int(11) DEFAULT NULL,
  `guest_remarks` varchar(50) NOT NULL,
  `guest_dob` date NOT NULL,
  `branch_id` int(11) NOT NULL,
  `user_id` int(11) NOT NULL,
  PRIMARY KEY (`guest_id`),
  KEY `guest_country_id` (`guest_country_id`),
  KEY `guest_company_id` (`guest_company_id`),
  KEY `guest_salutation_id` (`guest_salutation_id`),
  KEY `user_id` (`user_id`),
  KEY `branch_id` (`branch_id`),
  KEY `guest_identity_id` (`guest_identity_id`)
) ENGINE=InnoDB  DEFAULT CHARSET=utf8 AUTO_INCREMENT=116 ;

--
-- Dumping data for table `hms_guest_info`
--

INSERT INTO `hms_guest_info` (`guest_id`, `acc_no`, `guest_salutation_id`, `guest_name`, `guest_address`, `city_id`, `guest_phone`, `guest_country_id`, `guest_mobile`, `guest_identity_id`, `guest_identity_no`, `guest_identity_issu`, `guest_identiy_expire`, `guest_gender`, `guest_email`, `guest_company_id`, `guest_remarks`, `guest_dob`, `branch_id`, `user_id`) VALUES
(1, 2, 1, 'imran khan', 'lahore', NULL, '', 1, '0234-2342342', 1, '34534-5345345-4', '0000-00-00', '0000-00-00', 'M', '', 1, '', '0000-00-00', 7, 15),
(3, 4, 1, 'MR FAISAL MUSHTAQ', '', NULL, '', 1, '0321-4471474', 1, '35202-7491903-9', '0000-00-00', '0000-00-00', 'M', '', 1, '', '0000-00-00', 7, 15),
(4, 25, 1, 'Dr. FAKHAR-E-ALAM', '', NULL, '', 1, '0333-9463153', 1, '14203-2060442-3', '0000-00-00', '0000-00-00', 'M', '', 20, '', '1979-04-01', 7, 15),
(5, 26, 1, 'MR JAN DIL KHAN ', '', NULL, '', 1, '0334-9179337', 1, '21705-9728246-3', '2011-05-23', '2013-04-30', 'M', '', 20, '', '1967-01-21', 7, 15),
(6, 49, 1, 'MR JAITENDAR & GHAZANFAR', '', NULL, '', 1, '0334-3421196', 1, '41302-1101915-9', '2012-12-20', '2019-12-20', 'M', 'JAITENDAR@CWSPA.ORG.PK', 4, '', '1982-03-28', 7, 15),
(7, 29, 1, 'MR MUHAMMAD IDREES', '', NULL, '', 1, '0300-4282884', 1, '35202-9105441-7', '0000-00-00', '0000-00-00', 'M', 'idrees@skm.org.pk', 9, '', '1967-11-01', 7, 15),
(8, 30, 1, 'MR AMIR MUKHTAR', '', NULL, '', 1, '0300-9427354', 1, '35202-0533914-1', '0000-00-00', '0000-00-00', 'M', '', 9, '', '1978-10-25', 7, 15),
(9, 31, 1, 'MR SAJJAD AHMED', '', NULL, '', 1, '0300-9083216', 1, '16101-2908632-3', '2003-10-10', '2015-09-30', 'M', '', 1, '', '1965-02-01', 7, 15),
(10, 32, 1, 'MR MUHAMMAD SUFYAN', '', NULL, '', 1, '0313-8887430', 1, '35201-3488676-5', '0000-00-00', '0000-00-00', 'M', 'muhammad-sufyan@cwsa.org.pk', 4, '', '1979-07-17', 7, 15),
(11, 33, 1, 'MR MOBIN KHAN', '', NULL, '', 1, '0213-5650007', 1, '42301-4608107-1', '2009-05-29', '2019-04-30', 'M', 'MOBIN.KHAN@PK.EY.COM', 2, '', '1978-09-01', 7, 15),
(12, 34, 1, 'MR KHURRAM SHAHZAD', '', NULL, '', 1, '0333-4343427', 1, '_3440-3185242-3', '2020-07-12', '2022-07-20', 'M', '', 8, '', '1982-03-11', 7, 15),
(13, 36, 1, 'MR ARSHAD NASEEM', '', NULL, '', 1, '0300-8002000', 1, '35201-1509466-5', '0000-00-00', '0000-00-00', 'M', 'Sheroz.arshad@Teradata.com', 21, '', '1983-03-06', 7, 15),
(14, 38, 1, 'MR TALHA BIN HAIDER', '', NULL, '', 1, '0334-3594375', 1, '42101-4551786-7', '0000-00-00', '0000-00-00', 'M', '', 22, '', '1984-08-19', 7, 15),
(15, 83, 1, 'Mr Muhammad Irtaza Haider ', '', NULL, '', 1, '0322-4003179', 1, '35200-2304725-5', '0000-00-00', '0000-00-00', 'M', '', 21, '', '1986-10-18', 7, 15),
(16, 41, 1, 'MR MUHAMMAD ALI BUTT ', '', NULL, '', 1, '0300-8209756', 1, '42201-2328354-3', '2007-11-26', '2020-01-31', 'M', 'ALIBUTT@SYBER.NET.PK', 1, '', '1969-11-26', 7, 15),
(17, 42, 2, 'MIS NOOR JEHAN', '', NULL, '', 1, '0333-5897312', 1, '16101-1177425-2', '0000-00-00', '0000-00-00', 'F', 'noorejahan82@yahoo.com', 23, '', '1981-12-06', 7, 15),
(18, 43, 1, 'MR AIZAZ/MR KAMRAN/MR SAFDAR', '', NULL, '', 1, '0333-9125431', 1, '15602-3834506-1', '0000-00-00', '0000-00-00', 'M', 'mmkkir@yahoo.com', 23, '', '1986-07-02', 7, 15),
(19, 45, 1, 'MR AZAM GUL', '', NULL, '', 1, '0321-3388088', 1, '17301-1476071-9', '2012-04-27', '2022-04-27', 'M', 'AZAMSHANWARI@ALKOZAY.COM', 1, '', '1983-03-15', 7, 15),
(20, 46, 1, 'MS MARIA JOHANNA CHRISTINA ', '', NULL, '', 151, '0311-8261462', 2, 'NYR23B9C3', '2013-06-07', '2017-06-07', 'M', '', 4, '', '1960-06-01', 7, 15),
(21, 47, 1, 'MS MARAGARETHA JOHANNA ', '', NULL, '', 151, '0311-8261462', 2, 'NPK5FCRLO', '2012-10-24', '2014-10-24', 'M', 'M.ESHMIB@X54ALE.COM', 4, '', '1964-06-23', 7, 15),
(22, 48, 1, 'Mrs farhi ', '', NULL, '', 1, '0305-5777189', 1, '17301-1324141-8', '2010-05-24', '2019-04-30', 'M', 'farhi saher@yahoo.com', 1, '', '1969-02-18', 7, 15),
(23, 50, 1, 'MR FARHAN AFZAL ', 'LAHORE ', NULL, '', 1, '0300-6307907', 1, '32203-4930409-5', '1970-01-01', '1970-01-01', 'M', 'FARHANAFZAL@HOTMAIL.COM', 1, '', '1982-04-22', 7, 15),
(24, 52, 1, 'MR SHEHRYAR & IMRAN ', '', NULL, '', 1, '0343-4104898', 1, '35201-8160772-3', '2008-12-05', '2020-11-30', 'M', 'NETWORK@UNITEDTRACKER.COM', 24, '', '0000-00-00', 7, 15),
(25, 53, 1, 'MR MUHAMMAD IDREES', '', NULL, '', 1, '0300-8406789', 1, '35201-2407808-9', '2012-03-22', '2022-03-22', 'M', 'midrees001@yahoo.com', 1, '', '1962-01-01', 7, 15),
(26, 54, 1, 'MR ALI MALIK', '', NULL, '', 1, '0300-9680101', 1, '31202-7818546-5', '2013-10-01', '2015-08-31', 'M', 'alimalik@me.com', 25, '', '1985-06-10', 7, 15),
(27, 57, 1, 'MR MUHAMMAD UMAIR BILAL ', 'LAHORE', NULL, '', 1, '0321-4461188', 1, '35200-3632073-7', '2009-11-19', '2019-11-18', 'M', '`BILALAND SONS@GMAIL.COM', 26, '', '1990-12-03', 7, 15),
(28, 62, 1, 'MR YAO XINSHENG', '', NULL, '', 44, '0333-5052503', 2, 'G33364684', '2009-03-02', '2019-03-01', 'M', 'yaozxm sheng@chinaconstrition.al', 1, '', '1967-10-14', 7, 15),
(29, 59, 1, 'MS SHI LIZHEN', '', NULL, '', 44, '0336-4259296', 2, 'G46294728', '2010-10-26', '2020-10-25', 'M', 'KKKDDDSSS@163.COM', 1, '', '1974-09-22', 7, 15),
(30, 60, 1, 'MR MUHAMMAD NAWAZ', '', NULL, '', 1, '0300-9428529', 1, '35202-4022155-5', '2009-10-30', '2025-10-30', 'M', 'dailyhaqeeqatisb2gmail.com', 1, '', '1949-01-01', 7, 15),
(31, 61, 1, 'MR TANG JUN', '', NULL, '', 44, '0347-8988877', 2, '48376333', '2011-02-22', '2021-02-21', 'M', 'KKKDDDSSS@163.com', 1, '', '1980-09-19', 7, 15),
(32, 63, 1, 'MR SAAD ANJUM ', '', NULL, '', 1, '0336-4078420', 1, '45458-6100022-1', '2008-01-02', '2015-01-01', 'M', '', 1, '', '1988-07-07', 7, 15),
(33, 64, 2, 'MIS MADIHA', '', NULL, '', 1, '0313-2798240', 1, '42301-5501178-0', '2006-09-12', '2016-08-31', 'F', 'Madihasiddiq@hotmail.com', 1, '', '1986-07-05', 7, 15),
(34, 66, 1, 'MR HASSAN NAUMAN AHMED/AHMED ', '', NULL, '', 1, '0345-2700777', 1, '36302-4282042-3', '2003-10-28', '2013-09-30', 'M', 'hassan.ahmed@bat.com', 27, '', '1983-10-02', 7, 15),
(35, 85, 1, 'MR Hammad Ghazali  ', 'FAISALABAD', NULL, '', 1, '0300-2145067', 1, '33100-1381175-1', '2011-01-12', '2024-12-31', 'M', 'HAMMADGHAZALI@YAHOO.COM', 28, '', '1974-04-14', 7, 15),
(36, 69, 1, 'MR AADIL MANDVIWALLA ', '', NULL, '', 1, '0334-3000684', 1, '42301-8615898-3', '2010-03-08', '2015-03-07', 'M', 'MANDVI69@GMAIL.COM', 28, '', '1986-07-10', 7, 15),
(37, 71, 1, 'Mr Asadullah Pathan ', '', NULL, '', 1, '0300-0812589', 1, '42301-2614919-1', '2007-12-08', '2017-12-07', 'M', 'ASADPATHAN@YAHOO.COM', 1, '', '1972-12-10', 7, 15),
(38, 72, 1, 'MS ANITA SARFARAZ ', '', NULL, '', 1, '0321-8200808', 1, '42201-0518931-2', '2010-05-14', '2015-05-13', 'M', 'ANITA .KENETH@MANDIWALLA.COM', 28, '', '1979-08-30', 7, 15),
(39, 73, 1, 'MR SAAD ', '', NULL, '', 1, '0334-5225634', 1, '61101-4630820-7', '2012-12-27', '2022-12-27', 'M', 'SAAD.ABBASI143@GMAIL.COM', 1, '', '1992-04-18', 7, 15),
(40, 82, 1, 'Syed Mujeebullah Husaini  ', '', NULL, '', 1, '0332-3242097', 1, '42201-3566195-3', '2013-08-02', '2015-07-31', 'M', 'SYED.HUSAINI@MMPAKISTAN.COM', 29, '', '1955-01-04', 7, 15),
(41, 84, 1, 'Syed Noor Ul Hussain  ', '', NULL, '', 1, '0333-2109286', 1, '42000-0574973-9', '2003-04-25', '2013-03-31', 'M', '', 29, '', '1962-06-08', 7, 15),
(42, 77, 1, 'MR AHMED AWAIS ', '', NULL, '', 1, '0346-8555664', 1, '33100-1043343-9', '2013-02-20', '2020-02-20', 'M', 'AHMEDA@LGC.PK', 1, '', '1976-10-30', 7, 15),
(43, 78, 1, 'MR KHURRAM IQBAL ', '', NULL, '', 1, '0302-8936767', 1, '42101-8163556-9', '0000-00-00', '0000-00-00', 'M', 'KHURRAM.IQBAL78@GMAIL.COM', 1, '', '1970-01-01', 7, 15),
(44, 79, 1, 'MISS TANIA FATIMA ', '', NULL, '', 1, '0308-8111167', 1, '35202-9966513-9', '0000-00-00', '0000-00-00', 'M', '', 1, '', '1970-01-01', 7, 15),
(45, 80, 1, 'Ms Tania ', '', NULL, '', 1, '0302-8111167', 1, '35202-9966566-9', '0000-00-00', '0000-00-00', 'M', '', 1, '', '1992-04-15', 7, 15),
(46, 81, 1, 'Mr Javed Akhtar ', '', NULL, '', 1, '0333-9118853', 1, '17301-1576999-7', '0000-00-00', '0000-00-00', 'M', '', 1, '', '1956-07-15', 7, 15),
(47, 86, 1, 'Mr Shahid Raza Zaidi', '', NULL, '', 1, '0300-0406071', 1, '33201-3681868-1', '2009-04-08', '2018-03-31', 'M', 'zaidi@cmd-pakistan.com', 30, '', '1957-10-28', 7, 15),
(48, 88, 1, 'Mr Rasheed Ahmed Jamal', '', NULL, '', 1, '0305-5552662', 1, '45501-1474637-9', '0000-00-00', '0000-00-00', 'M', 'rajamal@meda.org', 16, '', '1982-02-02', 7, 15),
(49, 89, 1, 'Mr Ijaz Ali ', '', NULL, '', 1, '0346-9310141', 1, '16101-1103447-1', '2007-05-15', '2015-04-30', 'M', '', 1, '', '1975-03-20', 7, 15),
(50, 90, 1, 'Mr Shahzad ', '', NULL, '', 1, '0300-8581216', 1, '17301-2391553-7', '2011-08-18', '2021-08-18', 'M', '', 1, '', '1981-05-23', 7, 15),
(51, 91, 1, 'Mr Sajjad & Asghar Khan ', '', NULL, '', 1, '0342-9658849', 1, '15602-6166978-5', '2008-05-28', '2020-04-30', 'M', '', 31, '', '1990-03-20', 7, 15),
(52, 93, 1, 'Mr Dr Maseeh ur Rahman', '', NULL, '', 1, '0333-2266901', 1, '42401-1635859-3', '2011-02-22', '2024-01-31', 'M', 'maseeh.uzzaman@aku.edu', 1, '', '1963-04-05', 7, 15),
(53, 94, 1, 'Mr Shoaib Irfan', '', NULL, '', 1, '0322-7155555', 1, '35202-2548537-5', '2010-11-06', '2017-11-05', 'M', 'shoaibirfan@hotmail.com', 26, '', '1985-03-25', 7, 15),
(54, 95, 1, 'Mr Umer Naveed', '', NULL, '', 1, '0300-9114453', 1, '13101-0367682-9', '2004-03-18', '2016-02-29', 'M', 'umer naveed@yahoo.com', 1, '', '1986-03-05', 7, 15),
(55, 96, 1, 'Mis Zahida Nasreen', '', NULL, '', 1, '0324-5028539', 1, '35202-9033476-4', '2005-11-08', '2018-10-31', 'M', 'umairsheikh24@jmail.com', 1, '', '1963-08-09', 7, 15),
(56, 98, 1, 'Mr Saleem moosani ', '', NULL, '', 1, '0300-8292899', 1, '42201-0603688-1', '2002-03-09', '2014-02-28', 'M', '', 1, '', '1963-08-05', 7, 15),
(57, 99, 1, 'Mr Muhammad Usman', '', NULL, '', 1, '0321-6640501', 1, '33102-4459821-3', '2011-01-31', '2016-12-31', 'M', 'musman2epfirms.com', 1, '', '1986-09-20', 7, 15),
(58, 101, 1, 'MR IMTIAZ MUHAMMAD ', '', NULL, '', 1, '0345-8588910', 1, '16202-5457381-3', '0000-00-00', '0000-00-00', 'M', '', 33, '', '0000-00-00', 7, 15),
(59, 102, 1, 'MR NOUSHER SHERAZ ', '', NULL, '', 1, '0321-8440164', 1, '35202-5094261-3', '0000-00-00', '0000-00-00', 'M', '', 1, '', '0000-00-00', 7, 15),
(60, 103, 1, 'Mr Asad Ahmed Burney', '', NULL, '', 1, '0321-8966661', 1, '42201-6998293-9', '1970-01-01', '0000-00-00', 'M', '', 1, '', '0000-00-00', 7, 15),
(61, 104, 1, 'MR AHSAN TUFAIL ', '', NULL, '', 1, '0333-5617745', 1, '35302-1994109-9', '0000-00-00', '0000-00-00', 'M', '', 1, '', '0000-00-00', 7, 15),
(62, 105, 1, 'MR HABIB UR REHMAN ', '', NULL, '', 1, '0302-8652575', 1, '33106-2062576-3', '0000-00-00', '0000-00-00', 'M', '', 8, '', '0000-00-00', 7, 15),
(63, 106, 1, 'MR SUMAIR IDREES', '', NULL, '', 1, '0321-8226097', 1, '42101-0741093-5', '2012-11-14', '2019-11-17', 'M', 'syedsumairidrees@hotmail.co.uk', 1, '', '1994-10-23', 7, 15),
(64, 163, 1, 'mr ekhno jukoo', '', NULL, '', 1, '0306-5406268', 2, '1983888', '0000-00-00', '0000-00-00', 'M', '', 1, '', '0000-00-00', 7, 15),
(65, 108, 1, 'MR WAQAS AKBAR ', '', NULL, '', 1, '0300-4000930', 1, '36502-4287444-5', '0000-00-00', '0000-00-00', 'M', '', 1, '', '1982-09-09', 7, 15),
(66, 109, 1, 'MR MOHAMMAD AMJAD KHAWAJA', '', NULL, '', 1, '0321-8662353', 1, '33100-0629559-1', '2008-08-15', '2022-07-31', 'M', 'amjad@khawajaindustries.com', 1, '', '1952-01-01', 7, 15),
(67, 110, 1, 'MR KHADIM HUSSAIN', '', NULL, '', 1, '0321-4020345', 2, 'AB3717072', '2012-02-20', '2017-02-18', 'M', 'Khadimhussain@hotmail.com', 1, '', '1961-12-12', 7, 15),
(68, 112, 1, 'MR EJAZ HUSNAIN ', '', NULL, '', 1, '0300-8241050', 1, '42101-8373019-3', '0000-00-00', '0000-00-00', 'M', '', 1, '', '1960-01-16', 7, 15),
(69, 113, 1, 'MR ARIF MAQSOOD', '', NULL, '', 1, '0300-8416266', 1, '35202-2307082-1', '0000-00-00', '0000-00-00', 'M', '', 1, '', '1948-03-15', 7, 15),
(70, 114, 1, 'MR KHADIM HUSSAIN ', '', NULL, '', 1, '0321-4020345', 1, '35202-9956241-9', '0000-00-00', '0000-00-00', 'M', '', 1, '', '1967-02-22', 7, 15),
(71, 115, 1, 'MR GHULAM MUSTAFAABRO', '', NULL, '', 1, '0300-2989256', 1, '42301-3851636-3', '2002-10-20', '2015-09-30', 'M', 'abro.ghulam@yahoo.com', 34, '', '1945-06-01', 7, 15),
(72, 117, 1, 'MR ZAFAR HAMEED ISMAIL', '', NULL, '', 1, '0321-5155469', 1, '42301-5363904-5', '2012-10-02', '2013-12-18', 'M', 'Zhismaid@khi.comsats.net.pk', 34, '', '1942-05-02', 7, 15),
(73, 118, 1, 'mr azam gul  ', '', NULL, '', 1, '0321-3388088', 1, '17301-1478071-9', '0000-00-00', '0000-00-00', 'M', '', 1, '', '1983-03-15', 7, 15),
(74, 119, 1, 'mr arshad khan ', '', NULL, '', 1, '0308-8656970', 1, '33100-0869497-7', '0000-00-00', '0000-00-00', 'M', '', 1, '', '1960-07-03', 7, 15),
(75, 120, 1, 'mr saad abbas ', '', NULL, '', 1, '0342-5100999', 1, '37405-7614015-3', '0000-00-00', '0000-00-00', 'M', '', 1, '', '1987-12-23', 7, 15),
(76, 114, 1, 'MR KHADIM HUSSAIN ', '', NULL, '', 1, '0321-4020345', 1, '42201-5566412-9', '0000-00-00', '0000-00-00', 'M', '', 1, '', '0000-00-00', 7, 15),
(77, 121, 1, 'mr bilal anjum', '', NULL, '', 1, '0300-5311247', 1, '38403-2169049-7', '0000-00-00', '0000-00-00', 'M', '', 1, '', '1988-09-16', 7, 15),
(78, 122, 1, 'MIS HINA SARWAR ', '', NULL, '', 1, '0334-4169626', 1, '35200-3425348-2', '2011-04-28', '2022-03-31', 'M', '', 21, '', '1981-06-25', 7, 15),
(79, 123, 1, 'mr zain ahmed ', '', NULL, '', 1, '0306-5141427', 1, '35201-0108601-3', '0000-00-00', '0000-00-00', 'M', '', 25, '', '0000-00-00', 7, 15),
(80, 124, 1, 'mr mian tariq ', '', NULL, '', 1, '0300-8425050', 2, 'bp8675991', '0000-00-00', '0000-00-00', 'M', '', 1, '', '0000-00-00', 7, 15),
(81, 125, 1, 'MR ADEEL MALIK ', '', NULL, '', 1, '0300-8231560', 1, '42101-8487565-5', '0000-00-00', '0000-00-00', 'M', '', 1, '', '0000-00-00', 7, 15),
(82, 126, 1, 'MR MIRZA FAHD', '', NULL, '', 1, '0331-5195289', 1, '61101-1980083-3', '0000-00-00', '0000-00-00', 'M', '', 1, '', '0000-00-00', 7, 15),
(83, 127, 1, 'MR KHURRAM HUSSAIN ', '', NULL, '', 1, '0300-2887099', 1, '42201-4364774-1', '2013-03-23', '2020-03-23', 'M', '', 1, '', '1982-05-26', 7, 15),
(84, 128, 1, 'syed shahrukh iqbal ', '', NULL, '', 1, '0320-2220022', 1, '42201-4648995-1', '0000-00-00', '0000-00-00', 'M', '', 1, '', '1986-06-02', 7, 15),
(85, 129, 1, 'mr faisal mohammed ', '', NULL, '', 1, '0301-8203060', 1, '42101-1510633-9', '0000-00-00', '0000-00-00', 'M', '', 1, '', '1975-09-08', 7, 15),
(86, 130, 1, 'MR SAJJAD AHMAD', '', NULL, '', 1, '0300-7252977', 1, '33100-2500190-3', '2011-06-09', '2025-05-31', 'M', 's.Janbaz@gmail.com', 1, '', '1985-01-13', 7, 15),
(87, 132, 1, 'MR ABID MAHMOOD SALEEMI ', '', NULL, '', 1, '0336-2637421', 1, '17301-1633404-1', '0000-00-00', '0000-00-00', 'M', '', 35, '', '0000-00-00', 7, 15),
(88, 136, 1, 'MR ADEEL AHMED KHAN', '', NULL, '', 1, '0333-2290760', 1, '42101-3462926-9', '0000-00-00', '0000-00-00', 'M', '', 1, '', '1982-09-06', 7, 15),
(89, 134, 1, 'MR KAMRAN ARSHAD RANA', '', NULL, '', 1, '0307-7077420', 1, '35202-9333038-3', '0000-00-00', '0000-00-00', 'M', '', 36, '', '0000-00-00', 7, 15),
(90, 137, 1, 'MR RIAZ AHMAD', '', NULL, '', 1, '0321-9284625', 1, '42201-9314065-1', '2008-09-02', '2018-08-31', 'M', 'Piaz.ahmed123@04+look.com', 1, '', '1978-02-12', 7, 15),
(91, 138, 1, 'mr naeem akhter ', '', NULL, '', 1, '0300-8268757', 1, '42101-6640563-1', '0000-00-00', '0000-00-00', 'M', '', 1, '', '1964-03-02', 7, 15),
(92, 139, 1, 'mis andeisha farid', '', NULL, '', 1, '0334-5225634', 2, 'vg951669', '0000-00-00', '0000-00-00', 'M', '', 1, '', '1983-08-23', 7, 15),
(93, 140, 1, 'mr usman ur rehamn ', '', NULL, '', 1, '0333-4486773', 1, '35201-5647919-3', '0000-00-00', '0000-00-00', 'M', '', 21, '', '1990-08-20', 7, 15),
(94, 141, 1, 'MR KAMRAN HAMEED', '', NULL, '', 1, '0333-5222345', 1, '61101-8327945-0', '0000-00-00', '0000-00-00', 'M', '', 1, '', '0000-00-00', 7, 15),
(95, 142, 1, 'MR DR NASIR SULMAN', '', NULL, '', 1, '0333-2177604', 1, '42101-1727075-9', '2007-06-30', '2016-05-31', 'M', 'dr1-nsalman2@yahoo.com', 1, '', '1966-04-06', 7, 15),
(96, 143, 1, 'mr muqtadar billah ', '', NULL, '', 1, '0345-2472008', 1, '35200-9542341-5', '0000-00-00', '0000-00-00', 'M', '', 1, '', '1960-01-02', 7, 15),
(97, 144, 1, 'MR MR KHURRAM SHAHZAD', '', NULL, '', 1, '0333-4343427', 1, '34403-1852426-3', '2012-07-20', '2022-07-20', 'M', '', 8, '', '1982-03-11', 7, 15),
(98, 145, 1, 'MR SHAHJAHAN AYUB', '', NULL, '', 1, '0300-8471188', 1, '35201-3371105-7', '2011-12-20', '0000-00-00', 'M', 'ayub shahjahan@hotmail.com', 29, '', '1951-05-08', 7, 15),
(99, 146, 1, 'mr khawar wahab ', '', NULL, '', 1, '0321-4768007', 1, '35202-7820876-1', '0000-00-00', '0000-00-00', 'M', '', 5, '', '1977-09-16', 7, 15),
(100, 147, 1, 'syed afzal ali ', '', NULL, '', 1, '0331-3483086', 1, '42000-1985951-3', '0000-00-00', '0000-00-00', 'M', '', 5, '', '1977-10-07', 7, 15),
(101, 148, 1, 'syed farhan khursheed ', '', NULL, '', 1, '0300-8264920', 1, '42301-8825786-3', '0000-00-00', '0000-00-00', 'M', '', 1, '', '1976-03-23', 7, 15),
(102, 149, 1, 'MR ATIF HUSAIN', '', NULL, '', 1, '0300-8204412', 1, '42501-8949534-1', '0000-00-00', '0000-00-00', 'M', '', 1, '', '0000-00-00', 7, 15),
(103, 150, 1, 'MR NOMAN AHMED ', '', NULL, '', 1, '0300-8113888', 1, '35202-2511974-1', '0000-00-00', '0000-00-00', 'M', '', 1, '', '0000-00-00', 7, 15),
(104, 151, 1, 'SYED AHMED REZA ', '', NULL, '', 1, '0321-3816022', 1, '42201-7661545-5', '0000-00-00', '0000-00-00', 'M', '', 1, '', '0000-00-00', 7, 15),
(105, 152, 1, 'mr muhammad sharif ', '', NULL, '', 1, '0300-8687822', 1, '31202-1419120-5', '0000-00-00', '0000-00-00', 'M', '', 37, '', '0000-00-00', 7, 15),
(106, 153, 1, 'MR SAAD WALI', '', NULL, '', 1, '0315-5055246', 1, '71501-3041149-9', '2013-12-12', '2020-12-12', 'M', 'saad.wali@live.com', 1, '', '1993-04-12', 7, 15),
(107, 154, 1, 'mr sarwar maniar', '', NULL, '', 1, '0300-8238764', 1, '42201-3926034-3', '0000-00-00', '0000-00-00', 'M', '', 1, '', '0000-00-00', 7, 15),
(108, 155, 1, 'MR AIYAN BHUTTH', '', NULL, '', 1, '0321-9473194', 1, '35201-4605026-3', '0000-00-00', '0000-00-00', 'M', '', 1, '', '0000-00-00', 7, 15),
(109, 156, 1, 'MR ASIM SAEED', '', NULL, '', 1, '0300-8242764', 1, '14301-5388748-1', '2010-11-16', '2024-10-31', 'M', 'asim-khan2014@yahoo.com', 1, '', '1984-08-20', 7, 15),
(110, 157, 1, 'MR WAQAS AHMAD', '', NULL, '', 1, '0300-5000241', 1, '35202-2411952-7', '2010-06-25', '2016-05-31', 'M', 'waqas43@gmail.com', 1, '', '1975-11-28', 7, 15),
(111, 159, 1, 'MR MUHAMMAD HUSSAIN KHAN ', '', NULL, '', 1, '0346-8240002', 1, '42201-4028826-3', '0000-00-00', '0000-00-00', 'M', '', 1, '', '1984-09-24', 7, 15),
(112, 160, 1, 'MR EUGENE JUKOO ', '', NULL, '', 44, '0034-5558877', 2, '057549539', '2004-08-16', '1970-01-01', 'M', 'ekoo@ucdwvis.edu', 1, '', '1983-11-15', 7, 15),
(113, 161, 1, 'MR WASEEM ABBAS', '', NULL, '', 1, '0336-6666910', 1, '33106-2591709-9', '2013-05-28', '2023-05-28', 'M', '', 10, '', '1989-02-02', 7, 15),
(114, 162, 1, 'MR MUHAMMAD YASIR QIDWAI', '', NULL, '', 1, '0346-8411000', 1, '42101-9058223-3', '2012-08-12', '2022-08-12', 'M', 'q-yasir@hotmail.com', 1, '', '1979-12-30', 7, 15),
(115, 164, 1, 'mr taimoor ali durani ', '', NULL, '', 1, '0313-5885555', 1, '42301-6932473-9', '0000-00-00', '0000-00-00', 'M', '', 1, '', '0000-00-00', 7, 15);

-- --------------------------------------------------------

--
-- Table structure for table `hms_guest_ledger`
--

CREATE TABLE IF NOT EXISTS `hms_guest_ledger` (
  `id` int(11) NOT NULL AUTO_INCREMENT,
  `chkin_id` int(11) DEFAULT NULL,
  `guest_name` varchar(30) NOT NULL,
  `room_status` varchar(2) NOT NULL,
  `room_id` int(11) DEFAULT NULL,
  `chkin_date` datetime NOT NULL,
  `chkout_date` datetime NOT NULL,
  `c_date` datetime NOT NULL,
  `c_time` time NOT NULL,
  `service_id` int(11) NOT NULL,
  `remarks` varchar(30) DEFAULT NULL,
  `debit` double NOT NULL,
  `credit` double NOT NULL,
  `balance` double NOT NULL,
  `cash_paid` int(11) NOT NULL,
  `credit_card` varchar(2) NOT NULL,
  `credit_card_no` int(11) NOT NULL,
  `btc` varchar(2) NOT NULL,
  `company_id` int(11) DEFAULT NULL,
  `user_id` int(11) DEFAULT NULL,
  `late_out` varchar(2) NOT NULL,
  `day_close` int(11) NOT NULL DEFAULT '0',
  `branch_id` int(11) DEFAULT NULL,
  PRIMARY KEY (`id`),
  KEY `room_id` (`room_id`),
  KEY `service_id` (`service_id`),
  KEY `company_id` (`company_id`),
  KEY `branch_id` (`branch_id`),
  KEY `user_id` (`user_id`)
) ENGINE=InnoDB  DEFAULT CHARSET=utf8 AUTO_INCREMENT=1206 ;

--
-- Dumping data for table `hms_guest_ledger`
--

INSERT INTO `hms_guest_ledger` (`id`, `chkin_id`, `guest_name`, `room_status`, `room_id`, `chkin_date`, `chkout_date`, `c_date`, `c_time`, `service_id`, `remarks`, `debit`, `credit`, `balance`, `cash_paid`, `credit_card`, `credit_card_no`, `btc`, `company_id`, `user_id`, `late_out`, `day_close`, `branch_id`) VALUES
(1, 1, 'imran khan', 'D', 2, '2013-11-23 00:00:00', '2002-11-23 00:00:00', '2013-11-23 18:35:23', '18:35:23', 1, '0', 2500, 0, 0, 0, '0', 0, '0', 1, 15, 'N', 1, 7),
(2, 1, 'imran khan', 'D', 2, '2013-11-23 00:00:00', '2002-11-23 00:00:00', '2013-11-23 18:35:23', '18:35:23', 2, '0', 425, 0, 0, 0, '0', 0, '0', 1, 15, 'N', 1, 7),
(3, 1, 'imran khan', 'D', 2, '2013-11-23 00:00:00', '2002-11-23 00:00:00', '2013-11-23 18:35:23', '18:35:23', 21, '0', 1, 0, 0, 0, '0', 0, '0', 1, 15, 'N', 1, 7),
(4, 2, 'MR FAISAL MUSHTAQ', 'D', 1, '2013-11-23 00:00:00', '2013-11-24 00:00:00', '2013-11-23 20:20:39', '20:20:39', 1, '0', 5500, 0, 0, 0, '0', 0, '0', 1, 15, 'N', 1, 7),
(5, 2, 'MR FAISAL MUSHTAQ', 'D', 1, '2013-11-23 00:00:00', '2013-11-24 00:00:00', '2013-11-23 20:20:39', '20:20:39', 2, '0', 0, 0, 0, 0, '0', 0, '0', 1, 15, 'N', 1, 7),
(6, 2, 'MR FAISAL MUSHTAQ', 'D', 1, '2013-11-23 00:00:00', '2013-11-24 00:00:00', '2013-11-23 20:20:39', '20:20:39', 21, '0', 1, 0, 0, 0, '0', 0, '0', 1, 15, 'N', 1, 7),
(7, 1, 'imran khan', 'D', 2, '2013-11-23 00:00:00', '2002-11-23 00:00:00', '2002-11-23 20:20:59', '20:21:02', 48, '1', 0, 2926, 0, 1, '0', 0, '0', 1, 15, '', 5, 7),
(8, 2, 'MR FAISAL MUSHTAQ', 'D', 1, '2013-11-23 00:00:00', '2013-11-24 00:00:00', '2002-11-22 20:23:31', '20:11:00', 1, '12', 5500, 0, 0, 0, '0', 0, '', 1, 15, '', 3, 7),
(9, 3, 'MR FAISAL MUSHTAQ', 'D', 3, '2013-11-22 00:00:00', '2013-11-24 00:00:00', '2013-11-23 20:27:51', '20:27:51', 1, '0', 5000, 0, 0, 0, '0', 0, '0', 1, 15, 'N', 1, 7),
(10, 3, 'MR FAISAL MUSHTAQ', 'D', 3, '2013-11-22 00:00:00', '2013-11-24 00:00:00', '2013-11-23 20:27:51', '20:27:51', 21, '0', 2, 0, 0, 0, '0', 0, '0', 1, 15, 'N', 1, 7),
(11, 3, 'MR FAISAL MUSHTAQ', 'D', 3, '2013-11-22 00:00:00', '2013-11-24 00:00:00', '2002-11-22 20:28:06', '20:11:00', 1, '22', 5000, 0, 0, 0, '0', 0, '', 1, 15, '', 4, 7),
(12, 4, 'MR FAISAL MUSHTAQ', 'D', 5, '2013-11-23 00:00:00', '2013-11-24 00:00:00', '2013-11-23 20:29:51', '20:29:51', 1, '0', 5500, 0, 0, 0, '0', 0, '0', 1, 15, 'N', 1, 7),
(13, 4, 'MR FAISAL MUSHTAQ', 'D', 5, '2013-11-23 00:00:00', '2013-11-24 00:00:00', '2013-11-23 20:29:51', '20:29:51', 2, '0', 0, 0, 0, 0, '0', 0, '0', 1, 15, 'N', 1, 7),
(14, 4, 'MR FAISAL MUSHTAQ', 'D', 5, '2013-11-23 00:00:00', '2013-11-24 00:00:00', '2013-11-23 20:29:51', '20:29:51', 21, '0', 3, 0, 0, 0, '0', 0, '0', 1, 15, 'N', 1, 7),
(15, 5, 'MR FAISAL MUSHTAQ', 'D', 6, '2013-11-23 00:00:00', '2013-11-24 00:00:00', '2013-11-23 20:31:14', '20:31:14', 1, '0', 4500, 0, 0, 0, '0', 0, '0', 1, 15, 'N', 1, 7),
(16, 5, 'MR FAISAL MUSHTAQ', 'D', 6, '2013-11-23 00:00:00', '2013-11-24 00:00:00', '2013-11-23 20:31:14', '21:11:00', 1, '1', 4500, 0, 0, 0, '0', 0, '0', 1, 15, 'N', 3, 7),
(17, 5, 'MR FAISAL MUSHTAQ', 'D', 6, '2013-11-23 00:00:00', '2013-11-24 00:00:00', '2013-11-23 20:31:14', '20:31:14', 21, '0', 1, 0, 0, 0, '0', 0, '0', 1, 15, 'N', 1, 7),
(18, 6, 'MR FAISAL MUSHTAQ', 'D', 7, '2013-11-23 00:00:00', '2013-11-24 00:00:00', '2013-11-23 20:32:23', '20:32:23', 1, '0', 5000, 0, 0, 0, '0', 0, '0', 1, 15, 'N', 1, 7),
(19, 6, 'MR FAISAL MUSHTAQ', 'D', 7, '2013-11-23 00:00:00', '2013-11-24 00:00:00', '2013-11-23 20:32:23', '20:32:23', 21, '0', 2, 0, 0, 0, '0', 0, '0', 1, 15, 'N', 1, 7),
(20, 2, 'MR FAISAL MUSHTAQ', 'D', 1, '2013-11-23 00:00:00', '2013-11-24 00:00:00', '2013-11-24 09:00:25', '09:00:30', 48, '2', 0, 11001, 0, 1, '0', 0, '0', 1, 15, '', 5, 7),
(21, 3, 'MR FAISAL MUSHTAQ', 'D', 3, '2013-11-22 00:00:00', '2013-11-24 00:00:00', '2013-11-24 09:00:46', '09:00:48', 48, '3', 0, 10002, 0, 1, '0', 0, '0', 1, 15, '', 5, 7),
(22, 4, 'MR FAISAL MUSHTAQ', 'D', 5, '2013-11-23 00:00:00', '2013-11-24 00:00:00', '2013-11-24 09:00:58', '09:01:00', 48, '4', 0, 5503, 0, 1, '0', 0, '0', 1, 15, '', 5, 7),
(23, 5, 'MR FAISAL MUSHTAQ', 'D', 6, '2013-11-23 00:00:00', '2013-11-24 00:00:00', '2013-11-24 09:01:11', '09:01:12', 48, '5', 0, 9001, 0, 1, '0', 0, '0', 1, 15, '', 5, 7),
(24, 6, 'MR FAISAL MUSHTAQ', 'D', 7, '2013-11-23 00:00:00', '2013-11-24 00:00:00', '2013-11-24 11:31:49', '11:32:08', 48, '6', 0, 5002, 0, 0, '1', 0, '1', 1, 15, '', 5, 7),
(25, 7, 'Dr. FAKHAR-E-ALAM', 'D', 2, '2013-11-24 00:00:00', '2013-11-27 00:00:00', '2013-11-24 14:52:27', '19:11:00', 1, '0', 4000, 0, 0, 0, '0', 0, '0', 20, 15, 'N', 3, 7),
(26, 7, 'Dr. FAKHAR-E-ALAM', 'D', 2, '2013-11-24 00:00:00', '2013-11-27 00:00:00', '2013-11-24 14:52:27', '16:11:00', 8, '2086', 322, 0, 0, 0, '0', 0, '0', 20, 15, 'N', 3, 7),
(27, 8, 'MR JAN DIL KHAN ', 'D', 1, '2013-11-24 00:00:00', '2013-11-26 00:00:00', '2013-11-24 16:14:48', '19:11:00', 2, '0', 680, 0, 0, 0, '0', 0, '0', 20, 15, 'N', 3, 7),
(28, 8, 'MR JAN DIL KHAN ', 'D', 1, '2013-11-24 00:00:00', '2013-11-26 00:00:00', '2013-11-24 16:14:48', '19:11:00', 8, '2087', 2282, 0, 0, 0, '0', 0, '0', 20, 15, 'N', 3, 7),
(30, 9, 'MR JAITENDAR', 'D', 7, '2013-11-24 00:00:00', '2013-11-29 00:00:00', '2013-11-24 19:27:49', '19:27:49', 1, '0', 4500, 0, 0, 0, '0', 0, '0', 4, 15, 'N', 1, 7),
(33, 7, 'Dr. FAKHAR-E-ALAM', 'D', 2, '2013-11-24 00:00:00', '2013-11-27 00:00:00', '2013-11-24 19:32:47', '19:11:00', 8, '1223', 878, 0, 0, 0, '0', 0, '', 20, 15, '', 4, 7),
(34, 9, 'MR JAITENDAR', 'D', 7, '2013-11-24 00:00:00', '2013-11-29 00:00:00', '2013-11-24 20:05:56', '20:11:00', 8, '2089', 595, 0, 0, 0, '0', 0, '', 4, 15, '', 4, 7),
(35, 10, 'MR MUHAMMAD IDREES', 'D', 3, '2013-11-24 00:00:00', '2013-11-25 00:00:00', '2013-11-24 22:58:40', '01:11:00', 1, '0', 4500, 0, 0, 0, '0', 0, '0', 9, 15, 'N', 3, 7),
(36, 10, 'MR MUHAMMAD IDREES', 'D', 3, '2013-11-24 00:00:00', '2013-11-25 00:00:00', '2013-11-24 22:58:40', '01:11:00', 2, '0', 765, 0, 0, 0, '0', 0, '0', 9, 15, 'N', 3, 7),
(37, 10, 'MR MUHAMMAD IDREES', 'D', 3, '2013-11-24 00:00:00', '2013-11-25 00:00:00', '2013-11-24 22:58:40', '08:11:00', 21, '0', 0, 0, 0, 0, '0', 0, '0', 9, 15, 'N', 3, 7),
(38, 11, 'MR AMIR MUKHTAR', 'D', 5, '2013-11-24 00:00:00', '2013-11-25 00:00:00', '2013-11-24 23:07:15', '01:11:00', 1, '0', 4500, 0, 0, 0, '0', 0, '0', 9, 15, 'N', 3, 7),
(39, 11, 'MR AMIR MUKHTAR', 'D', 5, '2013-11-24 00:00:00', '2013-11-25 00:00:00', '2013-11-24 23:07:15', '01:11:00', 2, '0', 765, 0, 0, 0, '0', 0, '0', 9, 15, 'N', 3, 7),
(40, 11, 'MR AMIR MUKHTAR', 'D', 5, '2013-11-24 00:00:00', '2013-11-25 00:00:00', '2013-11-24 23:07:15', '08:11:00', 21, '0', 0, 0, 0, 0, '0', 0, '0', 9, 15, 'N', 3, 7),
(44, 13, 'MR MUHAMMAD SUFYAN', 'D', 6, '2013-11-24 00:00:00', '2013-11-25 00:00:00', '2013-11-24 23:18:42', '23:18:42', 1, '0', 4000, 0, 0, 0, '0', 0, '0', 4, 15, 'N', 1, 7),
(45, 13, 'MR MUHAMMAD SUFYAN', 'D', 6, '2013-11-24 00:00:00', '2013-11-25 00:00:00', '2013-11-24 23:18:42', '09:11:00', 21, '0', 0, 0, 0, 0, '0', 0, '0', 4, 15, 'N', 3, 7),
(46, 7, 'Dr. FAKHAR-E-ALAM', 'D', 2, '2013-11-24 00:00:00', '2013-11-27 00:00:00', '2013-11-24 23:35:46', '23:11:00', 8, '2090', 380, 0, 0, 0, '0', 0, '', 20, 15, '', 4, 7),
(47, 9, 'MR JAITENDAR', 'D', 7, '2013-11-24 00:00:00', '2013-11-29 00:00:00', '2013-11-25 19:49:13', '19:11:00', 9, '2092', 70, 0, 0, 0, '0', 0, '', 4, 15, '', 3, 7),
(48, 13, 'MR MUHAMMAD SUFYAN', 'D', 6, '2013-11-24 00:00:00', '2013-11-25 00:00:00', '2013-11-25 00:35:15', '00:11:00', 8, '2093', 1229, 0, 0, 0, '0', 0, '', 4, 15, '', 4, 7),
(49, 13, 'MR MUHAMMAD SUFYAN', 'D', 6, '2013-11-24 00:00:00', '2013-11-25 00:00:00', '2013-11-25 01:10:56', '01:11:00', 8, '2094', 105, 0, 0, 0, '0', 0, '', 4, 15, '', 4, 7),
(50, 11, 'MR AMIR MUKHTAR', 'D', 5, '2013-11-24 00:00:00', '2013-11-25 00:00:00', '2013-11-25 09:00:12', '09:00:16', 48, '11', 0, 5265, 0, 1, '0', 0, '0', 9, 15, '', 5, 7),
(51, 10, 'MR MUHAMMAD IDREES', 'D', 3, '2013-11-24 00:00:00', '2013-11-25 00:00:00', '2013-11-25 09:00:31', '09:00:45', 19, '10', 0, 0, 5265, 0, '0', 0, '3', 9, 15, '', 5, 7),
(52, 13, 'MR MUHAMMAD SUFYAN', 'D', 6, '2013-11-24 00:00:00', '2013-11-25 00:00:00', '2013-11-24 09:09:19', '09:11:00', 5, '5', 0, 0, 0, 0, '0', 0, '0', 4, 15, 'N', 3, 7),
(53, 7, 'Dr. FAKHAR-E-ALAM', 'D', 2, '2013-11-24 00:00:00', '2013-11-27 00:00:00', '2013-11-25 09:09:55', '19:11:00', 1, '11', 4000, 0, 0, 0, '0', 0, '', 20, 15, '', 3, 7),
(54, 8, 'MR JAN DIL KHAN ', 'D', 1, '2013-11-24 00:00:00', '2013-11-26 00:00:00', '2013-11-25 09:13:34', '19:11:00', 2, '11', 680, 0, 0, 0, '0', 0, '', 20, 15, '', 3, 7),
(55, 9, 'MR JAITENDAR', 'D', 7, '2013-11-24 00:00:00', '2013-11-29 00:00:00', '2013-11-25 09:15:38', '09:11:00', 1, '1', 4500, 0, 0, 0, '0', 0, '', 4, 15, '', 4, 7),
(56, 13, 'MR MUHAMMAD SUFYAN', 'D', 6, '2013-11-24 00:00:00', '2013-11-25 00:00:00', '2013-11-25 09:41:18', '09:41:22', 19, '13', 0, 0, 5334, 0, '0', 0, '3', 4, 15, '', 5, 7),
(57, 8, 'MR JAN DIL KHAN ', 'D', 1, '2013-11-24 00:00:00', '2013-11-26 00:00:00', '2013-11-25 11:18:04', '11:11:00', 9, '2097', 181, 0, 0, 0, '0', 0, '', 20, 15, '', 3, 7),
(58, 7, 'Dr. FAKHAR-E-ALAM', 'D', 2, '2013-11-24 00:00:00', '2013-11-27 00:00:00', '2013-11-25 11:19:58', '11:11:00', 9, '2096', 181, 0, 0, 0, '0', 0, '', 20, 15, '', 4, 7),
(59, 12, 'MR SAJJAD AHMED', 'D', 4, '2013-11-24 00:00:00', '2013-11-26 00:00:00', '2013-11-25 11:20:37', '11:11:00', 9, '2098', 76, 0, 0, 0, '0', 0, '', 1, 15, '', 4, 7),
(63, 12, 'MR SAJJAD AHMED', 'D', 4, '2013-11-24 00:00:00', '2013-11-26 00:00:00', '2013-11-24 17:47:48', '17:47:48', 1, '-', 4000, 0, 0, 0, '0', 0, '0', 1, 15, 'N', 2, 7),
(64, 12, 'MR SAJJAD AHMED', 'D', 4, '2013-11-24 00:00:00', '2013-11-26 00:00:00', '2013-11-24 17:47:48', '17:47:48', 2, '-', 680, 0, 0, 0, '0', 0, '0', 1, 15, 'N', 2, 7),
(65, 14, 'MR MOBIN KHAN', 'D', 3, '2013-11-25 00:00:00', '2013-11-26 00:00:00', '2013-11-25 19:06:06', '19:06:06', 1, '0', 4200, 0, 0, 0, '0', 0, '0', 2, 15, 'N', 1, 7),
(66, 14, 'MR MOBIN KHAN', 'D', 3, '2013-11-25 00:00:00', '2013-11-26 00:00:00', '2013-11-25 19:06:06', '19:06:06', 2, '0', 714, 0, 0, 0, '0', 0, '0', 2, 15, 'N', 1, 7),
(67, 8, 'MR JAN DIL KHAN ', 'D', 1, '2013-11-24 00:00:00', '2013-11-26 00:00:00', '2013-11-25 19:28:24', '19:11:00', 8, '2503', 2796, 0, 0, 0, '0', 0, '', 20, 15, '', 4, 7),
(68, 8, 'MR JAN DIL KHAN ', 'D', 1, '2013-11-24 00:00:00', '2013-11-26 00:00:00', '2013-11-24 19:31:28', '19:11:00', 1, '11', 4000, 0, 0, 0, '0', 0, '', 20, 15, '', 3, 7),
(69, 7, 'Dr. FAKHAR-E-ALAM', 'D', 2, '2013-11-24 00:00:00', '2013-11-27 00:00:00', '2013-11-25 19:35:41', '19:11:00', 2, '1', 680, 0, 0, 0, '0', 0, '', 20, 15, '', 4, 7),
(70, 7, 'Dr. FAKHAR-E-ALAM', 'D', 2, '2013-11-24 00:00:00', '2013-11-27 00:00:00', '2013-11-24 19:36:59', '19:11:00', 2, '41', 680, 0, 0, 0, '0', 0, '', 20, 15, '', 3, 7),
(71, 12, 'MR SAJJAD AHMED', 'D', 4, '2013-11-24 00:00:00', '2013-11-26 00:00:00', '2013-11-25 19:38:42', '19:11:00', 1, '14', 4000, 0, 0, 0, '0', 0, '', 1, 15, '', 4, 7),
(72, 12, 'MR SAJJAD AHMED', 'D', 4, '2013-11-24 00:00:00', '2013-11-26 00:00:00', '2013-11-25 19:38:55', '19:11:00', 2, '1', 680, 0, 0, 0, '0', 0, '', 1, 15, '', 4, 7),
(75, 8, 'MR JAN DIL KHAN ', 'D', 1, '2013-11-24 00:00:00', '2013-11-26 00:00:00', '2013-11-25 19:40:52', '19:11:00', 8, '44', 462, 0, 0, 0, '0', 0, '', 20, 15, '', 4, 7),
(76, 14, 'MR MOBIN KHAN', 'D', 3, '2013-11-25 00:00:00', '2013-11-26 00:00:00', '2013-11-25 19:41:35', '19:11:00', 34, '11', 1200, 0, 0, 0, '0', 0, '', 2, 15, '', 4, 7),
(79, 15, 'MR KHURRAM SHAHZAD', 'D', 5, '2013-11-25 00:00:00', '2013-11-29 00:00:00', '2013-11-25 20:02:57', '20:02:57', 1, '0', 4200, 0, 0, 0, '0', 0, '0', 8, 15, 'N', 1, 7),
(80, 15, 'MR KHURRAM SHAHZAD', 'D', 5, '2013-11-25 00:00:00', '2013-11-29 00:00:00', '2013-11-25 20:02:57', '20:02:57', 2, '0', 714, 0, 0, 0, '0', 0, '0', 8, 15, 'N', 1, 7),
(81, 9, 'MR JAITENDAR', 'D', 7, '2013-11-24 00:00:00', '2013-11-29 00:00:00', '2013-11-25 20:06:51', '20:11:00', 8, '1', 180, 0, 0, 0, '0', 0, '', 4, 14, '', 4, 7),
(82, 7, 'Dr. FAKHAR-E-ALAM', 'D', 4, '2013-11-24 00:00:00', '2013-11-27 00:00:00', '2013-11-25 20:28:54', '20:11:00', 9, '2505', 281, 0, 0, 0, '0', 0, '', 20, 15, '', 4, 7),
(83, 12, 'MR SAJJAD AHMED', 'D', 2, '2013-11-24 00:00:00', '2013-11-26 00:00:00', '2013-11-25 20:48:21', '20:11:00', 3, '5', 0, 5000, 0, 0, '0', 0, '', 1, 15, '', 4, 7),
(85, 8, 'MR JAN DIL KHAN ', 'D', 1, '2013-11-24 00:00:00', '2013-11-26 00:00:00', '2013-11-25 22:20:16', '22:11:00', 1, '0', 4000, 0, 0, 0, '0', 0, '', 20, 15, '', 4, 7),
(86, 16, 'MR ARSHAD NASEEM', 'D', 6, '2013-11-25 00:00:00', '2013-11-26 00:00:00', '2013-11-25 23:31:29', '23:31:29', 1, '0', 4500, 0, 0, 0, '0', 0, '0', 21, 15, 'N', 1, 7),
(87, 16, 'MR ARSHAD NASEEM', 'D', 6, '2013-11-25 00:00:00', '2013-11-26 00:00:00', '2013-11-25 23:31:29', '23:31:29', 2, '0', 765, 0, 0, 0, '0', 0, '0', 21, 15, 'N', 1, 7),
(88, 12, 'MR SAJJAD AHMED', 'D', 2, '2013-11-24 00:00:00', '2013-11-26 00:00:00', '2013-11-25 07:58:33', '07:11:00', 37, '2100', 351, 0, 0, 0, '0', 0, '', 1, 15, '', 4, 7),
(89, 7, 'Dr. FAKHAR-E-ALAM', 'D', 4, '2013-11-24 00:00:00', '2013-11-27 00:00:00', '2013-11-26 08:41:42', '08:11:00', 9, '2506', 105, 0, 0, 0, '0', 0, '', 20, 15, '', 4, 7),
(90, 12, 'MR SAJJAD AHMED', 'D', 2, '2013-11-24 00:00:00', '2013-11-26 00:00:00', '2013-11-26 08:44:21', '08:11:00', 9, '2507', 181, 0, 0, 0, '0', 0, '', 1, 15, '', 4, 7),
(93, 9, 'MR JAITENDAR-GHAZANFAR', 'D', 7, '2013-11-24 00:00:00', '2013-11-29 00:00:00', '2013-11-26 11:31:43', '11:11:00', 1, '2', 4500, 0, 0, 0, '0', 0, '0', 4, 15, 'N', 3, 7),
(96, 14, 'MR MOBIN KHAN', 'D', 3, '2013-11-25 00:00:00', '2013-11-26 00:00:00', '2013-11-26 11:32:17', '11:11:00', 34, '2508', 1200, 0, 0, 0, '0', 0, '', 2, 15, '', 4, 7),
(97, 14, 'MR MOBIN KHAN', 'D', 3, '2013-11-25 00:00:00', '2013-11-26 00:00:00', '2013-11-26 12:33:12', '12:11:00', 9, '2509', 105, 0, 0, 0, '0', 0, '', 2, 15, '', 4, 7),
(98, 14, 'MR MOBIN KHAN', 'D', 3, '2013-11-25 00:00:00', '2013-11-26 00:00:00', '2013-11-26 12:39:25', '12:39:30', 48, '14', 0, 7419, 0, 1, '0', 0, '0', 2, 15, '', 5, 7),
(99, 9, 'MR JAITENDAR-GHAZANFAR', 'D', 7, '2013-11-24 00:00:00', '2013-11-29 00:00:00', '2013-11-26 12:53:28', '12:11:00', 9, '2510', 151, 0, 0, 0, '0', 0, '', 4, 15, '', 4, 7),
(100, 7, 'Dr. FAKHAR-E-ALAM', 'D', 4, '2013-11-24 00:00:00', '2013-11-27 00:00:00', '2013-11-26 15:34:18', '15:11:00', 8, '2511', 281, 0, 0, 0, '0', 0, '', 20, 15, '', 4, 7),
(101, 7, 'Dr. FAKHAR-E-ALAM', 'D', 4, '2013-11-24 00:00:00', '2013-11-27 00:00:00', '2013-11-26 15:34:52', '15:11:00', 1, '1255', 4000, 0, 0, 0, '0', 0, '', 20, 15, '', 4, 7),
(102, 7, 'Dr. FAKHAR-E-ALAM', 'D', 4, '2013-11-24 00:00:00', '2013-11-27 00:00:00', '2013-11-26 15:35:23', '15:11:00', 2, '111', 680, 0, 0, 0, '0', 0, '', 20, 15, '', 4, 7),
(104, 12, 'MR SAJJAD AHMED', 'D', 2, '2013-11-24 00:00:00', '2013-11-26 00:00:00', '2013-11-26 18:36:54', '18:36:57', 48, '12', 0, 4968, 0, 1, '0', 0, '0', 1, 15, '', 5, 7),
(106, 17, 'MR TALHA BIN HAIDER', 'D', 2, '2013-11-26 00:00:00', '2013-11-27 00:00:00', '2013-11-26 20:25:25', '20:25:25', 1, '0', 4200, 0, 0, 0, '0', 0, '0', 22, 15, 'N', 1, 7),
(107, 17, 'MR TALHA BIN HAIDER', 'D', 2, '2013-11-26 00:00:00', '2013-11-27 00:00:00', '2013-11-26 20:25:25', '20:25:25', 2, '0', 714, 0, 0, 0, '0', 0, '0', 22, 15, 'N', 1, 7),
(108, 15, 'MR KHURRAM SHAHZAD', 'D', 5, '2013-11-25 00:00:00', '2013-11-29 00:00:00', '2013-11-26 20:48:24', '20:11:00', 1, '0', 4200, 0, 0, 0, '0', 0, '', 8, 15, '', 4, 7),
(109, 15, 'MR KHURRAM SHAHZAD', 'D', 5, '2013-11-25 00:00:00', '2013-11-29 00:00:00', '2013-11-26 20:49:04', '20:11:00', 2, '0', 714, 0, 0, 0, '0', 0, '', 8, 15, '', 4, 7),
(110, 9, 'MR JAITENDAR-GHAZANFAR', 'D', 7, '2013-11-24 00:00:00', '2013-11-29 00:00:00', '2013-11-26 21:06:00', '21:11:00', 8, '2514', 140, 0, 0, 0, '0', 0, '', 4, 15, '', 4, 7),
(111, 16, 'MR ARSHAD NASEEM', 'D', 6, '2013-11-25 00:00:00', '2013-11-26 00:00:00', '2013-11-26 21:12:06', '21:12:10', 48, '16', 0, 5265, 0, 1, '0', 0, '0', 21, 15, '', 5, 7),
(112, 18, 'MR MUHAMMAD IRTZA HAIDAR', 'D', 6, '2013-11-26 00:00:00', '2013-12-12 00:00:00', '2013-11-26 21:34:55', '21:34:55', 1, '0', 4500, 0, 0, 0, '0', 0, '0', 21, 15, 'N', 1, 7),
(113, 18, 'MR MUHAMMAD IRTZA HAIDAR', 'D', 6, '2013-11-26 00:00:00', '2013-12-12 00:00:00', '2013-11-26 21:34:55', '21:34:55', 2, '0', 765, 0, 0, 0, '0', 0, '0', 21, 15, 'N', 1, 7),
(114, 9, 'MR JAITENDAR-GHAZANFAR', 'D', 7, '2013-11-24 00:00:00', '2013-11-29 00:00:00', '2013-11-26 22:08:10', '22:11:00', 8, '2515', 70, 0, 0, 0, '0', 0, '', 4, 15, '', 4, 7),
(115, 8, 'MR JAN DIL KHAN ', 'D', 1, '2013-11-24 00:00:00', '2013-11-26 00:00:00', '2013-11-26 22:12:38', '22:12:40', 48, '8', 0, 15081, 0, 1, '0', 0, '0', 20, 15, '', 5, 7),
(117, 17, 'MR TALHA BIN HAIDER', 'D', 2, '2013-11-26 00:00:00', '2013-11-27 00:00:00', '2013-11-27 09:20:31', '09:20:38', 19, '17', 0, 0, 4914, 0, '0', 0, '3', 22, 15, '', 5, 7),
(121, 7, 'Dr. FAKHAR-E-ALAM', 'D', 4, '2013-11-24 00:00:00', '2013-11-27 00:00:00', '2013-11-27 12:02:37', '12:11:00', 9, '2517', 316, 0, 0, 0, '0', 0, '', 20, 15, '', 4, 7),
(122, 9, 'MR JAITENDAR-GHAZANFAR', 'D', 7, '2013-11-24 00:00:00', '2013-11-29 00:00:00', '2013-11-27 12:03:19', '12:11:00', 9, '2518', 245, 0, 0, 0, '0', 0, '', 4, 15, '', 4, 7),
(125, 7, 'Dr. FAKHAR-E-ALAM', 'D', 4, '2013-11-24 00:00:00', '2013-11-27 00:00:00', '2013-11-27 16:14:41', '16:11:00', 3, '4', 0, 12039, 0, 0, '0', 0, '', 20, 15, '', 3, 7),
(126, 7, 'Dr. FAKHAR-E-ALAM', 'D', 4, '2013-11-24 00:00:00', '2013-11-27 00:00:00', '2013-11-27 16:21:34', '16:21:38', 48, '7', 0, 4745, 0, 1, '0', 0, '0', 20, 15, '', 5, 7),
(127, 9, 'MR JAITENDAR-GHAZANFAR', 'D', 7, '2013-11-24 00:00:00', '2013-11-29 00:00:00', '2013-11-27 17:36:39', '17:36:39', 1, '-', 4500, 0, 0, 0, '0', 0, '0', 4, 15, 'N', 2, 7),
(128, 15, 'MR KHURRAM SHAHZAD', 'D', 5, '2013-11-25 00:00:00', '2013-11-29 00:00:00', '2013-11-27 17:36:39', '17:36:39', 1, '-', 4200, 0, 0, 0, '0', 0, '0', 8, 15, 'N', 2, 7),
(129, 18, 'MR MUHAMMAD IRTZA HAIDAR', 'D', 6, '2013-11-26 00:00:00', '2013-12-12 00:00:00', '2013-11-27 17:36:39', '17:36:39', 1, '-', 4500, 0, 0, 0, '0', 0, '0', 21, 15, 'N', 2, 7),
(130, 18, 'MR MUHAMMAD IRTZA HAIDAR', 'D', 6, '2013-11-26 00:00:00', '2013-12-12 00:00:00', '2013-11-27 17:36:39', '17:36:39', 2, '-', 765, 0, 0, 0, '0', 0, '0', 21, 15, 'N', 2, 7),
(131, 15, 'MR KHURRAM SHAHZAD', 'D', 5, '2013-11-25 00:00:00', '2013-11-29 00:00:00', '2013-11-27 17:37:14', '17:11:00', 2, '132', 714, 0, 0, 0, '0', 0, '', 8, 15, '', 4, 7),
(132, 19, 'MR MUHAMMAD ALI BUTT ', 'D', 1, '2013-11-27 00:00:00', '2013-11-29 00:00:00', '2013-11-27 18:32:19', '18:32:19', 1, '0', 4000, 0, 0, 0, '0', 0, '0', 1, 15, 'N', 1, 7),
(134, 9, 'MR JAITENDAR-GHAZANFAR', 'D', 7, '2013-11-24 00:00:00', '2013-11-29 00:00:00', '2013-11-27 20:08:39', '20:11:00', 8, '2520', 1820, 0, 0, 0, '0', 0, '', 4, 15, '', 4, 7),
(135, 9, 'MR JAITENDAR-GHAZANFAR', 'D', 7, '2013-11-24 00:00:00', '2013-11-29 00:00:00', '2013-11-27 20:48:46', '20:11:00', 8, '2521', 70, 0, 0, 0, '0', 0, '', 4, 15, '', 4, 7),
(136, 20, 'MIS NOOR JEHAN', 'D', 5, '2013-11-27 00:00:00', '2013-11-27 00:00:00', '2013-11-27 23:19:56', '23:19:56', 1, '0', 4500, 0, 0, 0, '0', 0, '0', 23, 15, 'N', 1, 7),
(138, 20, 'MIS NOOR JEHAN', 'D', 5, '2013-11-27 00:00:00', '2013-11-27 00:00:00', '2013-11-27 23:23:43', '23:11:00', 8, '2522', 895, 0, 0, 0, '0', 0, '', 23, 15, '', 4, 7),
(139, 19, 'MR MUHAMMAD ALI BUTT ', 'D', 1, '2013-11-27 00:00:00', '2013-11-29 00:00:00', '2013-11-28 00:02:48', '00:11:00', 9, '2523', 105, 0, 0, 0, '0', 0, '', 1, 15, '', 4, 7),
(140, 21, 'MR AIZAZ/MR KAMRAN/MR SAFDAR', 'D', 3, '2013-11-27 00:00:00', '2013-11-27 00:00:00', '2013-11-27 00:30:38', '00:30:38', 1, '0', 5000, 0, 0, 0, '0', 0, '0', 23, 15, 'N', 1, 7),
(141, 20, 'MIS NOOR JEHAN', 'D', 5, '2013-11-27 00:00:00', '2013-11-27 00:00:00', '2013-11-27 08:47:37', '08:11:00', 9, '123', 257, 0, 0, 0, '0', 0, '', 23, 15, '', 4, 7),
(142, 21, 'MR AIZAZ/MR KAMRAN/MR SAFDAR', 'D', 3, '2013-11-27 00:00:00', '2013-11-27 00:00:00', '2013-11-27 08:54:46', '08:54:49', 48, '21', 0, 5000, 0, 1, '0', 0, '0', 23, 15, '', 5, 7),
(143, 20, 'MIS NOOR JEHAN', 'D', 5, '2013-11-27 00:00:00', '2013-11-27 00:00:00', '2013-11-27 08:55:29', '08:55:45', 48, '20', 0, 5652, 0, 1, '0', 0, '0', 23, 15, '', 5, 7),
(144, 19, 'MR MUHAMMAD ALI BUTT ', 'D', 1, '2013-11-27 00:00:00', '2013-11-29 00:00:00', '2013-11-28 12:45:20', '12:11:00', 1, '2526', 4000, 0, 0, 0, '0', 0, '0', 1, 15, 'N', 3, 7),
(145, 9, 'MR JAITENDAR-GHAZANFAR', 'D', 7, '2013-11-24 00:00:00', '2013-11-29 00:00:00', '2013-11-27 10:51:51', '10:11:00', 9, '2524', 220, 0, 0, 0, '0', 0, '', 4, 15, '', 4, 7),
(146, 19, 'MR MUHAMMAD ALI BUTT ', 'D', 1, '2013-11-27 00:00:00', '2013-11-29 00:00:00', '2013-11-27 12:44:11', '21:11:00', 9, '2525', 420, 0, 0, 0, '0', 0, '', 1, 15, '', 3, 7),
(147, 22, 'MR AZAM GUL', 'D', 2, '2013-11-28 00:00:00', '2013-11-29 00:00:00', '2013-11-28 20:48:54', '20:11:00', 1, '0', 4500, 0, 0, 0, '0', 0, '0', 1, 15, 'N', 3, 7),
(148, 22, 'MR AZAM GUL', 'D', 2, '2013-11-28 00:00:00', '2013-11-29 00:00:00', '2013-11-28 20:49:23', '20:11:00', 2, '0', 765, 0, 0, 0, '0', 0, '0', 1, 15, 'N', 3, 7),
(149, 23, 'MS MARIA JOHANNA CHRISTINA ', 'D', 4, '2013-11-28 00:00:00', '2013-11-30 00:00:00', '2013-11-28 14:50:01', '14:11:00', 1, '0', 4000, 0, 0, 0, '0', 0, '0', 4, 15, 'N', 3, 7),
(150, 24, 'MS MARIA JOHANNA CHRISTINA ', 'D', 5, '2013-11-28 00:00:00', '2013-11-30 00:00:00', '2013-11-28 19:04:13', '19:11:00', 1, '0', 4000, 0, 0, 0, '0', 0, '0', 4, 15, 'N', 3, 7),
(151, 22, 'MR AZAM GUL', 'D', 2, '2013-11-28 00:00:00', '2013-11-29 00:00:00', '2013-11-28 20:49:52', '20:11:00', 8, '2526', 1076, 0, 0, 0, '0', 0, '', 1, 15, '', 3, 7),
(152, 9, 'MR JAITENDAR-GHAZANFAR', 'D', 7, '2013-11-24 00:00:00', '2013-11-29 00:00:00', '2013-11-28 19:49:53', '19:11:00', 8, '2527', 120, 0, 0, 0, '0', 0, '', 4, 15, '', 4, 7),
(153, 9, 'MR JAITENDAR-GHAZANFAR', 'D', 7, '2013-11-24 00:00:00', '2013-11-29 00:00:00', '2013-11-28 20:04:00', '20:11:00', 8, '2528', 705, 0, 0, 0, '0', 0, '', 4, 15, '', 4, 7),
(154, 25, 'Mrs farhi ', 'D', 4, '2013-11-28 00:00:00', '2013-11-29 00:00:00', '2013-11-28 19:03:43', '19:11:00', 1, '0', 4200, 0, 0, 0, '0', 0, '0', 1, 15, 'N', 3, 7),
(155, 25, 'Mrs farhi ', 'D', 4, '2013-11-28 00:00:00', '2013-11-29 00:00:00', '2013-11-28 19:03:53', '19:11:00', 2, '0', 714, 0, 0, 0, '0', 0, '0', 1, 15, 'N', 3, 7),
(158, 15, 'MR KHURRAM SHAHZAD', 'D', 8, '2013-11-25 00:00:00', '2013-11-29 00:00:00', '2013-11-28 20:54:58', '20:11:00', 1, '12', 4200, 0, 0, 0, '0', 0, '', 8, 15, '', 4, 7),
(159, 15, 'MR KHURRAM SHAHZAD', 'D', 8, '2013-11-25 00:00:00', '2013-11-29 00:00:00', '2013-11-28 20:55:11', '20:11:00', 2, '231', 714, 0, 0, 0, '0', 0, '', 8, 15, '', 4, 7),
(160, 18, 'MR MUHAMMAD IRTZA HAIDAR', 'D', 6, '2013-11-26 00:00:00', '2013-12-12 00:00:00', '2013-11-28 18:01:18', '18:11:00', 1, '546', 4500, 0, 0, 0, '0', 0, '', 21, 15, '', 4, 7),
(161, 18, 'MR MUHAMMAD IRTZA HAIDAR', 'D', 6, '2013-11-26 00:00:00', '2013-12-12 00:00:00', '2013-11-28 18:01:36', '18:11:00', 2, '654', 765, 0, 0, 0, '0', 0, '', 21, 15, '', 4, 7),
(162, 9, 'MR JAITENDAR-GHAZANFAR', 'D', 7, '2013-11-24 00:00:00', '2013-11-29 00:00:00', '2013-11-28 18:02:15', '18:11:00', 1, '54', 4500, 0, 0, 0, '0', 0, '', 4, 15, '', 4, 7),
(163, 22, 'MR AZAM GUL', 'D', 2, '2013-11-28 00:00:00', '2013-11-29 00:00:00', '2013-11-28 20:06:36', '20:11:00', 8, '2529', 1356, 0, 0, 0, '0', 0, '', 1, 15, '', 4, 7),
(164, 25, 'Mrs farhi ', 'D', 4, '2013-11-28 00:00:00', '2013-11-29 00:00:00', '2013-11-28 20:23:11', '20:11:00', 8, '2530', 474, 0, 0, 0, '0', 0, '', 1, 15, '', 4, 7),
(165, 22, 'MR AZAM GUL', 'D', 2, '2013-11-28 00:00:00', '2013-11-29 00:00:00', '2013-11-29 08:11:03', '08:11:00', 9, '2531', 257, 0, 0, 0, '0', 0, '', 1, 15, '', 4, 7),
(166, 22, 'MR AZAM GUL', 'D', 2, '2013-11-28 00:00:00', '2013-11-29 00:00:00', '2013-11-29 09:04:35', '09:04:39', 48, '22', 0, 7954, 0, 1, '0', 0, '0', 1, 15, '', 5, 7),
(167, 9, 'MR JAITENDAR-GHAZANFAR', 'D', 7, '2013-11-24 00:00:00', '2013-11-29 00:00:00', '2013-11-29 09:22:37', '09:11:00', 9, '11', 155, 0, 0, 0, '0', 0, '', 4, 15, '', 4, 7),
(168, 9, 'MR JAITENDAR & GHAZANFAR', 'D', 7, '2013-11-24 00:00:00', '2013-11-29 00:00:00', '2013-11-29 09:30:46', '09:30:52', 19, '9', 0, 0, 27041, 0, '0', 0, '3', 4, 15, '', 5, 7),
(169, 25, 'Mrs farhi ', 'D', 4, '2013-11-28 00:00:00', '2013-11-29 00:00:00', '2013-11-29 12:39:50', '12:11:00', 143, '3', 76, 0, 0, 0, '0', 0, '', 1, 15, '', 4, 7),
(170, 19, 'MR MUHAMMAD ALI BUTT ', 'D', 1, '2013-11-27 00:00:00', '2013-11-29 00:00:00', '2013-11-29 13:55:19', '13:55:25', 48, '19', 0, 8525, 0, 0, '1', 0, '2', 1, 15, '', 5, 7),
(171, 15, 'MR KHURRAM SHAHZAD', 'D', 8, '2013-11-25 00:00:00', '2013-11-29 00:00:00', '2013-11-29 13:56:06', '13:56:10', 19, '15', 0, 0, 19656, 0, '0', 0, '3', 8, 15, '', 5, 7),
(172, 25, 'Mrs farhi ', 'D', 4, '2013-11-28 00:00:00', '2013-11-29 00:00:00', '2013-11-29 13:56:51', '13:56:56', 48, '25', 0, 5464, 0, 1, '0', 0, '0', 1, 15, '', 5, 7),
(173, 23, 'MS MARIA JOHANNA CHRISTINA ', 'D', 3, '2013-11-28 00:00:00', '2013-11-30 00:00:00', '2013-11-29 14:48:44', '14:11:00', 1, '23', 4000, 0, 0, 0, '0', 0, '', 4, 15, '', 4, 7),
(174, 23, 'MS MARIA JOHANNA CHRISTINA ', 'D', 3, '2013-11-28 00:00:00', '2013-11-30 00:00:00', '2013-11-29 14:49:05', '14:11:00', 8, '2533', 410, 0, 0, 0, '0', 0, '', 4, 15, '', 4, 7),
(175, 24, 'MS MARAGARETHA JOHANNA ', 'D', 5, '2013-11-28 00:00:00', '2013-11-30 00:00:00', '2013-11-29 14:50:18', '14:11:00', 1, '321', 4000, 0, 0, 0, '0', 0, '', 4, 15, '', 4, 7),
(176, 24, 'MS MARAGARETHA JOHANNA ', 'D', 5, '2013-11-28 00:00:00', '2013-11-30 00:00:00', '2013-11-29 14:50:35', '14:11:00', 8, '2534', 415, 0, 0, 0, '0', 0, '', 4, 15, '', 4, 7),
(183, 18, 'MR MUHAMMAD IRTZA HAIDAR', 'D', 6, '2013-11-26 00:00:00', '2013-12-12 00:00:00', '2013-11-29 20:09:28', '20:11:00', 1, '534', 4500, 0, 0, 0, '0', 0, '', 21, 15, '', 4, 7),
(184, 18, 'MR MUHAMMAD IRTZA HAIDAR', 'D', 6, '2013-11-26 00:00:00', '2013-12-12 00:00:00', '2013-11-29 20:09:50', '20:11:00', 2, '21', 765, 0, 0, 0, '0', 0, '', 21, 15, '', 4, 7),
(186, 23, 'MS MARIA JOHANNA CHRISTINA ', 'D', 3, '2013-11-28 00:00:00', '2013-11-30 00:00:00', '2013-11-29 21:04:13', '21:11:00', 8, '2535', 690, 0, 0, 0, '0', 0, '', 4, 15, '', 4, 7),
(187, 24, 'MS MARAGARETHA JOHANNA ', 'D', 5, '2013-11-28 00:00:00', '2013-11-30 00:00:00', '2013-11-29 08:42:45', '08:11:00', 8, '2536', 690, 0, 0, 0, '0', 0, '', 4, 15, '', 3, 7),
(189, 24, 'MS MARAGARETHA JOHANNA ', 'D', 5, '2013-11-28 00:00:00', '2013-11-30 00:00:00', '2013-11-30 08:56:14', '08:11:00', 9, '123', 220, 0, 0, 0, '0', 0, '', 4, 15, '', 4, 7),
(190, 23, 'MS MARIA JOHANNA CHRISTINA ', 'D', 3, '2013-11-28 00:00:00', '2013-11-30 00:00:00', '2013-11-30 09:18:48', '09:18:52', 48, '23', 0, 9100, 0, 0, '1', 0, '2', 4, 15, '', 5, 7),
(191, 24, 'MS MARAGARETHA JOHANNA ', 'D', 5, '2013-11-28 00:00:00', '2013-11-30 00:00:00', '2013-11-30 09:19:03', '09:19:08', 48, '24', 0, 9325, 0, 0, '1', 0, '2', 4, 15, '', 5, 7),
(192, 18, 'MR MUHAMMAD IRTZA HAIDAR', 'D', 6, '2013-11-26 00:00:00', '2013-12-12 00:00:00', '2013-11-30 10:09:14', '10:09:14', 1, '-', 4500, 0, 0, 0, '0', 0, '0', 21, 15, 'N', 2, 7),
(193, 18, 'MR MUHAMMAD IRTZA HAIDAR', 'D', 6, '2013-11-26 00:00:00', '2013-12-12 00:00:00', '2013-11-30 10:09:14', '10:09:14', 2, '-', 765, 0, 0, 0, '0', 0, '0', 21, 15, 'N', 2, 7),
(198, 18, 'MR MUHAMMAD IRTZA HAIDAR', 'D', 6, '2013-11-26 00:00:00', '2013-12-12 00:00:00', '2013-12-01 09:27:31', '09:27:31', 1, '-', 4500, 0, 0, 0, '0', 0, '0', 21, 15, 'N', 2, 7),
(199, 18, 'MR MUHAMMAD IRTZA HAIDAR', 'D', 6, '2013-11-26 00:00:00', '2013-12-12 00:00:00', '2013-12-01 09:27:31', '09:27:31', 2, '-', 765, 0, 0, 0, '0', 0, '0', 21, 15, 'N', 2, 7),
(200, 26, 'MR FARHAN AFZAL ', 'D', 2, '2013-11-30 00:00:00', '2013-12-02 00:00:00', '2013-12-01 09:27:31', '09:27:31', 1, '-', 4700, 0, 0, 0, '0', 0, '0', 1, 15, 'N', 2, 7),
(201, 26, 'MR FARHAN AFZAL ', 'D', 2, '2013-11-30 00:00:00', '2013-12-02 00:00:00', '2013-12-01 09:27:31', '09:27:31', 2, '-', 799, 0, 0, 0, '0', 0, '0', 1, 15, 'N', 2, 7),
(202, 26, 'MR FARHAN AFZAL ', 'D', 2, '2013-12-01 00:00:00', '2013-12-02 00:00:00', '2013-12-02 09:40:13', '09:12:00', 9, '2530', 315, 0, 0, 0, '0', 0, '', 1, 15, '', 4, 7),
(203, 26, 'MR FARHAN AFZAL ', 'D', 2, '2013-12-01 00:00:00', '2013-12-02 00:00:00', '2013-12-02 10:50:49', '10:50:52', 48, '26', 0, 5814, 0, 1, '0', 0, '0', 1, 15, '', 5, 7),
(204, 18, 'MR MUHAMMAD IRTZA HAIDAR', 'D', 6, '2013-11-26 00:00:00', '2013-12-12 00:00:00', '2013-12-02 14:22:22', '14:12:00', 1, '312', 4500, 0, 0, 0, '0', 0, '', 21, 15, '', 4, 7),
(205, 18, 'MR MUHAMMAD IRTZA HAIDAR', 'D', 6, '2013-11-26 00:00:00', '2013-12-12 00:00:00', '2013-12-02 14:22:51', '14:12:00', 2, '465', 765, 0, 0, 0, '0', 0, '', 21, 15, '', 4, 7),
(206, 27, 'MR SHEHRYAR & IMRAN ', 'D', 7, '2013-12-02 00:00:00', '2013-12-03 00:00:00', '2013-12-02 18:31:50', '18:31:50', 1, '0', 4500, 0, 0, 0, '0', 0, '0', 24, 15, 'N', 1, 7),
(207, 27, 'MR SHEHRYAR & IMRAN ', 'D', 7, '2013-12-02 00:00:00', '2013-12-03 00:00:00', '2013-12-02 18:31:50', '18:31:50', 2, '0', 765, 0, 0, 0, '0', 0, '0', 24, 15, 'N', 1, 7),
(210, 27, 'MR SHEHRYAR & IMRAN ', 'D', 7, '2013-12-02 00:00:00', '2013-12-03 00:00:00', '2013-12-03 09:56:57', '09:56:59', 48, '27', 0, 5265, 0, 1, '0', 0, '0', 24, 15, '', 5, 7),
(213, 28, 'MR MUHAMMAD IDREES', 'D', 3, '2013-12-03 00:00:00', '2013-12-04 00:00:00', '2013-12-03 22:41:09', '22:41:09', 1, '0', 4500, 0, 0, 0, '0', 0, '0', 1, 15, 'N', 1, 7),
(215, 29, 'MR ALI MALIK', 'D', 2, '2013-12-03 00:00:00', '2013-12-04 00:00:00', '2013-12-03 22:52:07', '22:52:07', 1, '0', 4000, 0, 0, 0, '0', 0, '0', 25, 15, 'N', 1, 7),
(216, 29, 'MR ALI MALIK', 'D', 2, '2013-12-03 00:00:00', '2013-12-04 00:00:00', '2013-12-03 22:52:07', '22:52:07', 2, '0', 680, 0, 0, 0, '0', 0, '0', 25, 15, 'N', 1, 7),
(217, 28, 'MR MUHAMMAD IDREES', 'D', 3, '2013-12-03 00:00:00', '2013-12-04 00:00:00', '2013-12-03 23:55:08', '23:12:00', 8, '2539', 567, 0, 0, 0, '0', 0, '', 1, 15, '', 4, 7),
(218, 29, 'MR ALI MALIK', 'D', 2, '2013-12-02 00:00:00', '2013-12-04 00:00:00', '2013-12-02 09:12:25', '09:12:00', 1, '213', 4000, 0, 0, 0, '0', 0, '', 25, 15, '', 4, 7),
(219, 29, 'MR ALI MALIK', 'D', 2, '2013-12-02 00:00:00', '2013-12-04 00:00:00', '2013-12-02 09:12:46', '09:12:00', 2, '654', 680, 0, 0, 0, '0', 0, '', 25, 15, '', 3, 7),
(220, 28, 'MR MUHAMMAD IDREES', 'D', 3, '2013-12-03 00:00:00', '2013-12-04 00:00:00', '2013-12-04 11:16:04', '11:12:00', 13, '2540', 211, 0, 0, 0, '0', 0, '', 1, 15, '', 4, 7),
(221, 18, 'MR MUHAMMAD IRTZA HAIDAR', 'D', 6, '2013-11-26 00:00:00', '2013-12-12 00:00:00', '2013-12-03 12:38:24', '12:38:24', 1, '-', 4500, 0, 0, 0, '0', 0, '0', 21, 15, 'N', 2, 7),
(222, 18, 'MR MUHAMMAD IRTZA HAIDAR', 'D', 6, '2013-11-26 00:00:00', '2013-12-12 00:00:00', '2013-12-03 12:38:24', '12:38:24', 2, '-', 765, 0, 0, 0, '0', 0, '0', 21, 15, 'N', 2, 7),
(226, 28, 'MR MUHAMMAD IDREES', 'D', 3, '2013-12-03 00:00:00', '2013-12-04 00:00:00', '2013-12-04 13:20:09', '13:12:00', 9, '2541', 76, 0, 0, 0, '0', 0, '', 1, 15, '', 4, 7),
(227, 28, 'MR MUHAMMAD IDREES', 'D', 3, '2013-12-03 00:00:00', '2013-12-04 00:00:00', '2013-12-04 15:12:17', '15:12:19', 48, '28', 0, 5354, 0, 1, '0', 0, '0', 1, 15, '', 5, 7),
(228, 30, 'MR MUHAMMAD UMAIR BILAL ', 'D', 1, '2013-12-04 00:00:00', '2013-12-06 00:00:00', '2013-12-04 16:28:49', '16:28:49', 1, '0', 4500, 0, 0, 0, '0', 0, '0', 26, 15, 'N', 1, 7),
(229, 30, 'MR MUHAMMAD UMAIR BILAL ', 'D', 1, '2013-12-04 00:00:00', '2013-12-06 00:00:00', '2013-12-04 16:28:49', '16:28:49', 2, '0', 765, 0, 0, 0, '0', 0, '0', 26, 15, 'N', 1, 7),
(230, 29, 'MR ALI MALIK', 'D', 2, '2013-12-02 00:00:00', '2013-12-04 00:00:00', '2013-12-04 16:29:34', '16:29:36', 48, '29', 0, 9360, 0, 1, '0', 0, '0', 25, 15, '', 5, 7),
(231, 31, 'MR YAOXINSHENG', 'D', 2, '2013-12-04 00:00:00', '2013-12-06 00:00:00', '2013-12-04 22:18:35', '22:18:35', 1, '0', 4000, 0, 0, 0, '0', 0, '0', 1, 15, 'N', 1, 7),
(233, 32, 'MS SHI LIZHEN', 'D', 7, '2013-12-04 00:00:00', '2013-12-08 00:00:00', '2013-12-04 22:28:16', '22:28:16', 1, '0', 4500, 0, 0, 0, '0', 0, '0', 1, 15, 'N', 1, 7),
(234, 32, 'MS SHI LIZHEN', 'D', 7, '2013-12-04 00:00:00', '2013-12-08 00:00:00', '2013-12-04 22:28:16', '22:28:16', 2, '0', 765, 0, 0, 0, '0', 0, '0', 1, 15, 'N', 1, 7),
(235, 33, 'MR MUHAMMAD NAWAZ', 'D', 5, '2013-12-04 00:00:00', '2013-12-06 00:00:00', '2013-12-04 22:39:40', '22:39:40', 1, '0', 4000, 0, 0, 0, '0', 0, '0', 1, 15, 'N', 1, 7),
(236, 34, 'MR TANG JUN', 'D', 8, '2013-12-04 00:00:00', '2013-12-08 00:00:00', '2013-12-04 22:48:11', '22:48:11', 1, '0', 4500, 0, 0, 0, '0', 0, '0', 1, 15, 'N', 1, 7),
(237, 34, 'MR TANG JUN', 'D', 8, '2013-12-04 00:00:00', '2013-12-08 00:00:00', '2013-12-04 22:48:11', '22:48:11', 2, '0', 765, 0, 0, 0, '0', 0, '0', 1, 15, 'N', 1, 7),
(238, 30, 'MR MUHAMMAD UMAIR BILAL ', 'D', 3, '2013-12-04 00:00:00', '2013-12-06 00:00:00', '2013-12-04 23:40:41', '23:12:00', 8, '2541', 211, 0, 0, 0, '0', 0, '', 26, 15, '', 4, 7),
(239, 33, 'MR MUHAMMAD NAWAZ', 'D', 5, '2013-12-04 00:00:00', '2013-12-06 00:00:00', '2013-12-05 00:10:07', '00:12:00', 8, '2542', 211, 0, 0, 0, '0', 0, '', 1, 15, '', 4, 7),
(242, 18, 'MR MUHAMMAD IRTZA HAIDAR', 'D', 6, '2013-11-26 00:00:00', '2013-12-12 00:00:00', '2013-12-04 12:43:12', '12:43:12', 1, '-', 4500, 0, 0, 0, '0', 0, '0', 21, 15, 'N', 2, 7),
(243, 18, 'MR MUHAMMAD IRTZA HAIDAR', 'D', 6, '2013-11-26 00:00:00', '2013-12-12 00:00:00', '2013-12-04 12:43:12', '12:43:12', 2, '-', 765, 0, 0, 0, '0', 0, '0', 21, 15, 'N', 2, 7),
(245, 18, 'MR MUHAMMAD IRTZA HAIDAR', 'D', 6, '2013-11-26 00:00:00', '2013-12-12 00:00:00', '2013-12-05 12:46:55', '12:46:55', 1, '-', 4500, 0, 0, 0, '0', 0, '0', 21, 15, 'N', 2, 7),
(246, 18, 'MR MUHAMMAD IRTZA HAIDAR', 'D', 6, '2013-11-26 00:00:00', '2013-12-12 00:00:00', '2013-12-05 12:46:55', '12:46:55', 2, '-', 765, 0, 0, 0, '0', 0, '0', 21, 15, 'N', 2, 7),
(247, 30, 'MR MUHAMMAD UMAIR BILAL ', 'D', 3, '2013-12-04 00:00:00', '2013-12-06 00:00:00', '2013-12-05 12:46:55', '12:46:55', 1, '-', 4500, 0, 0, 0, '0', 0, '0', 26, 15, 'N', 2, 7),
(248, 30, 'MR MUHAMMAD UMAIR BILAL ', 'D', 3, '2013-12-04 00:00:00', '2013-12-06 00:00:00', '2013-12-05 12:46:55', '12:46:55', 2, '-', 765, 0, 0, 0, '0', 0, '0', 26, 15, 'N', 2, 7),
(249, 31, 'MR YAO XINSHENG', 'D', 2, '2013-12-04 00:00:00', '2013-12-06 00:00:00', '2013-12-05 12:46:55', '12:46:55', 1, '-', 4000, 0, 0, 0, '0', 0, '0', 1, 15, 'N', 2, 7),
(252, 33, 'MR MUHAMMAD NAWAZ', 'D', 5, '2013-12-04 00:00:00', '2013-12-06 00:00:00', '2013-12-05 12:46:55', '12:46:55', 1, '-', 4000, 0, 0, 0, '0', 0, '0', 1, 15, 'N', 2, 7),
(255, 31, 'MR YAO XINSHENG', 'D', 2, '2013-12-04 00:00:00', '2013-12-06 00:00:00', '2013-12-05 12:48:00', '12:12:00', 9, '2545', 181, 0, 0, 0, '0', 0, '', 1, 15, '', 4, 7),
(256, 30, 'MR MUHAMMAD UMAIR BILAL ', 'D', 3, '2013-12-04 00:00:00', '2013-12-06 00:00:00', '2013-12-05 12:49:00', '12:12:00', 9, '2546', 152, 0, 0, 0, '0', 0, '', 26, 15, '', 4, 7),
(257, 33, 'MR MUHAMMAD NAWAZ', 'D', 5, '2013-12-04 00:00:00', '2013-12-06 00:00:00', '2013-12-05 12:49:39', '12:12:00', 9, '2544', 181, 0, 0, 0, '0', 0, '', 1, 15, '', 4, 7),
(258, 35, 'MR SAAD ANJUM ', 'D', 4, '2013-12-05 00:00:00', '2013-12-06 00:00:00', '2013-12-05 17:52:31', '17:52:31', 1, '0', 4500, 0, 0, 0, '0', 0, '0', 1, 15, 'N', 1, 7),
(260, 33, 'MR MUHAMMAD NAWAZ', 'D', 5, '2013-12-04 00:00:00', '2013-12-06 00:00:00', '2013-12-05 18:45:02', '18:12:00', 60, '2547', 562, 0, 0, 0, '0', 0, '', 1, 15, '', 4, 7),
(261, 33, 'MR MUHAMMAD NAWAZ', 'D', 5, '2013-12-04 00:00:00', '2013-12-06 00:00:00', '2013-12-05 20:17:48', '20:12:00', 8, '2548', 889, 0, 0, 0, '0', 0, '', 1, 15, '', 4, 7),
(262, 33, 'MR MUHAMMAD NAWAZ', 'D', 5, '2013-12-04 00:00:00', '2013-12-06 00:00:00', '2013-12-05 20:18:29', '20:12:00', 3, '56', 0, 8000, 0, 0, '0', 0, '', 1, 15, '', 4, 7),
(263, 31, 'MR YAO XINSHENG', 'D', 2, '2013-12-04 00:00:00', '2013-12-06 00:00:00', '2013-12-05 20:19:18', '20:12:00', 3, '24', 0, 8000, 0, 0, '0', 0, '', 1, 15, '', 4, 7),
(264, 30, 'MR MUHAMMAD UMAIR BILAL ', 'D', 3, '2013-12-04 00:00:00', '2013-12-06 00:00:00', '2013-12-06 01:56:56', '01:12:00', 8, '2549', 386, 0, 0, 0, '0', 0, '', 26, 15, '', 4, 7),
(266, 34, 'MR TANG JUN', 'D', 8, '2013-12-04 00:00:00', '2013-12-08 00:00:00', '2013-12-06 08:39:07', '08:12:00', 65, '2550', 386, 0, 0, 0, '0', 0, '', 1, 15, '', 4, 7),
(267, 35, 'MR SAAD ANJUM ', 'D', 4, '2013-12-05 00:00:00', '2013-12-06 00:00:00', '2013-12-06 10:43:00', '10:12:00', 59, '2251', 187, 0, 0, 0, '0', 0, '', 1, 15, '', 4, 7),
(268, 35, 'MR SAAD ANJUM ', 'D', 4, '2013-12-05 00:00:00', '2013-12-06 00:00:00', '2013-12-06 10:43:21', '10:12:00', 3, '321', 0, 4500, 0, 0, '0', 0, '', 1, 15, '', 4, 7),
(270, 34, 'MR TANG JUN', 'D', 8, '2013-12-04 00:00:00', '2013-12-08 00:00:00', '2013-12-06 12:23:48', '12:12:00', 34, '2254', 2425, 0, 0, 0, '0', 0, '', 1, 15, '', 4, 7),
(271, 31, 'MR YAO XINSHENG', 'D', 2, '2013-12-04 00:00:00', '2013-12-06 00:00:00', '2013-12-06 12:25:53', '12:12:00', 9, '2253', 181, 0, 0, 0, '0', 0, '', 1, 15, '', 4, 7),
(272, 33, 'MR MUHAMMAD NAWAZ', 'D', 5, '2013-12-04 00:00:00', '2013-12-06 00:00:00', '2013-12-06 12:26:41', '12:12:00', 9, '2552', 211, 0, 0, 0, '0', 0, '', 1, 15, '', 4, 7),
(273, 35, 'MR SAAD ANJUM ', 'D', 4, '2013-12-05 00:00:00', '2013-12-06 00:00:00', '2013-12-06 14:13:04', '14:13:07', 48, '35', 0, 187, 0, 1, '0', 0, '0', 1, 15, '', 5, 7),
(274, 30, 'MR MUHAMMAD UMAIR BILAL ', 'D', 3, '2013-12-04 00:00:00', '2013-12-06 00:00:00', '2013-12-06 14:13:17', '14:13:19', 48, '30', 0, 11279, 0, 1, '0', 0, '0', 26, 15, '', 5, 7),
(276, 31, 'MR YAO XINSHENG', 'D', 2, '2013-12-04 00:00:00', '2013-12-06 00:00:00', '2013-12-06 02:49:45', '02:12:00', 1, '0', 4000, 0, 0, 0, '0', 0, '', 1, 15, '', 4, 7),
(277, 33, 'MR MUHAMMAD NAWAZ', 'D', 5, '2013-12-04 00:00:00', '2013-12-06 00:00:00', '2013-12-06 02:50:18', '02:12:00', 1, '0', 4000, 0, 0, 0, '0', 0, '', 1, 15, '', 4, 7),
(278, 33, 'MR MUHAMMAD NAWAZ', 'D', 5, '2013-12-04 00:00:00', '2013-12-06 00:00:00', '2013-12-07 02:56:29', '02:12:00', 8, '2255', 707, 0, 0, 0, '0', 0, '', 1, 15, '', 4, 7),
(288, 33, 'MR MUHAMMAD NAWAZ', 'D', 5, '2013-12-04 00:00:00', '2013-12-06 00:00:00', '2013-12-06 12:04:25', '12:12:00', 9, '321', 181, 0, 0, 0, '0', 0, '', 1, 15, '', 4, 7),
(289, 31, 'MR YAO XINSHENG', 'D', 2, '2013-12-04 00:00:00', '2013-12-06 00:00:00', '2013-12-06 12:55:43', '12:55:44', 48, '31', 0, 4362, 0, 1, '0', 0, '0', 1, 15, '', 5, 7),
(290, 33, 'MR MUHAMMAD NAWAZ', 'D', 5, '2013-12-04 00:00:00', '2013-12-06 00:00:00', '2013-12-06 12:55:56', '12:55:57', 48, '33', 0, 6942, 0, 1, '0', 0, '0', 1, 15, '', 5, 7),
(291, 18, 'MR MUHAMMAD IRTZA HAIDAR', 'D', 6, '2013-11-26 00:00:00', '2013-12-12 00:00:00', '2013-12-06 21:20:07', '21:12:00', 1, '0', 4500, 0, 0, 0, '0', 0, '', 21, 15, '', 4, 7),
(292, 18, 'MR MUHAMMAD IRTZA HAIDAR', 'D', 6, '2013-11-26 00:00:00', '2013-12-12 00:00:00', '2013-12-06 21:20:28', '21:12:00', 2, '0', 765, 0, 0, 0, '0', 0, '', 21, 15, '', 4, 7),
(293, 36, 'MIS MADIHA', 'D', 3, '2013-12-05 00:00:00', '2013-12-08 00:00:00', '2013-12-05 21:26:37', '21:26:37', 1, '0', 4700, 0, 0, 0, '0', 0, '0', 1, 15, 'N', 1, 7),
(294, 36, 'MIS MADIHA', 'D', 3, '2013-12-05 00:00:00', '2013-12-08 00:00:00', '2013-12-05 21:26:37', '21:26:37', 2, '0', 799, 0, 0, 0, '0', 0, '0', 1, 15, 'N', 1, 7),
(295, 37, 'MIS MADIHA', 'D', 5, '2013-12-05 00:00:00', '2013-12-08 00:00:00', '2013-12-05 21:28:38', '21:28:38', 1, '0', 4700, 0, 0, 0, '0', 0, '0', 1, 15, 'N', 1, 7),
(296, 37, 'MIS MADIHA', 'D', 5, '2013-12-05 00:00:00', '2013-12-08 00:00:00', '2013-12-05 21:28:38', '21:28:38', 2, '0', 799, 0, 0, 0, '0', 0, '0', 1, 15, 'N', 1, 7),
(297, 32, 'MS SHI LIZHEN', 'D', 7, '2013-12-04 00:00:00', '2013-12-08 00:00:00', '2013-12-05 21:33:25', '21:12:00', 1, '0', 4500, 0, 0, 0, '0', 0, '', 1, 15, '', 4, 7),
(298, 32, 'MS SHI LIZHEN', 'D', 7, '2013-12-04 00:00:00', '2013-12-08 00:00:00', '2013-12-05 21:34:06', '21:12:00', 2, '0', 765, 0, 0, 0, '0', 0, '', 1, 15, '', 4, 7),
(299, 34, 'MR TANG JUN', 'D', 8, '2013-12-04 00:00:00', '2013-12-08 00:00:00', '2013-12-05 21:34:41', '21:12:00', 1, '0', 4500, 0, 0, 0, '0', 0, '', 1, 15, '', 4, 7),
(300, 34, 'MR TANG JUN', 'D', 8, '2013-12-04 00:00:00', '2013-12-08 00:00:00', '2013-12-05 21:35:01', '21:12:00', 2, '0', 765, 0, 0, 0, '0', 0, '', 1, 15, '', 4, 7),
(301, 34, 'MR TANG JUN', 'D', 8, '2013-12-04 00:00:00', '2013-12-08 00:00:00', '2013-12-06 21:35:38', '21:12:00', 1, '0', 4500, 0, 0, 0, '0', 0, '', 1, 15, '', 4, 7),
(303, 34, 'MR TANG JUN', 'D', 8, '2013-12-04 00:00:00', '2013-12-08 00:00:00', '2013-12-07 21:36:43', '21:12:00', 1, '0', 4500, 0, 0, 0, '0', 0, '', 1, 15, '', 4, 7),
(304, 34, 'MR TANG JUN', 'D', 8, '2013-12-04 00:00:00', '2013-12-08 00:00:00', '2013-12-07 21:36:59', '21:12:00', 2, '0', 765, 0, 0, 0, '0', 0, '', 1, 15, '', 4, 7),
(305, 32, 'MS SHI LIZHEN', 'D', 7, '2013-12-04 00:00:00', '2013-12-08 00:00:00', '2013-12-06 21:37:53', '21:12:00', 1, '0', 4500, 0, 0, 0, '0', 0, '', 1, 15, '', 4, 7),
(306, 32, 'MS SHI LIZHEN', 'D', 7, '2013-12-04 00:00:00', '2013-12-08 00:00:00', '2013-12-06 21:38:11', '21:12:00', 2, '0', 765, 0, 0, 0, '0', 0, '', 1, 15, '', 4, 7),
(307, 32, 'MS SHI LIZHEN', 'D', 7, '2013-12-04 00:00:00', '2013-12-08 00:00:00', '2013-12-07 21:38:43', '21:12:00', 1, '0', 4500, 0, 0, 0, '0', 0, '', 1, 15, '', 4, 7),
(308, 32, 'MS SHI LIZHEN', 'D', 7, '2013-12-04 00:00:00', '2013-12-08 00:00:00', '2013-12-07 21:38:56', '21:12:00', 2, '0', 765, 0, 0, 0, '0', 0, '', 1, 15, '', 4, 7),
(309, 18, 'MR MUHAMMAD IRTZA HAIDAR', 'D', 6, '2013-11-26 00:00:00', '2013-12-12 00:00:00', '2013-12-07 21:39:25', '21:12:00', 1, '0', 4500, 0, 0, 0, '0', 0, '', 21, 15, '', 4, 7),
(310, 18, 'MR MUHAMMAD IRTZA HAIDAR', 'D', 6, '2013-11-26 00:00:00', '2013-12-12 00:00:00', '2013-12-07 21:39:37', '21:12:00', 2, '0', 765, 0, 0, 0, '0', 0, '', 21, 15, '', 4, 7),
(311, 37, 'MIS MADIHA', 'D', 5, '2013-12-05 00:00:00', '2013-12-08 00:00:00', '2013-12-08 08:51:20', '08:12:00', 9, '32', 362, 0, 0, 0, '0', 0, '', 1, 15, '', 4, 7),
(312, 37, 'MIS MADIHA', 'D', 5, '2013-12-05 00:00:00', '2013-12-08 00:00:00', '2013-12-08 09:29:11', '09:29:13', 48, '37', 0, 5861, 0, 1, '0', 0, '0', 1, 15, '', 5, 7),
(313, 36, 'MIS MADIHA', 'D', 3, '2013-12-05 00:00:00', '2013-12-08 00:00:00', '2013-12-08 09:29:28', '09:29:30', 48, '36', 0, 5499, 0, 1, '0', 0, '0', 1, 15, '', 5, 7),
(314, 32, 'MS SHI LIZHEN', 'D', 7, '2013-12-04 00:00:00', '2013-12-08 00:00:00', '2013-12-08 10:33:00', '10:12:00', 9, '21', 362, 0, 0, 0, '0', 0, '', 1, 15, '', 4, 7),
(315, 18, 'MR MUHAMMAD IRTZA HAIDAR', 'D', 6, '2013-11-26 00:00:00', '2013-12-12 00:00:00', '2013-12-08 20:30:48', '20:12:00', 1, '0', 4500, 0, 0, 0, '0', 0, '', 21, 15, '', 4, 7),
(316, 18, 'MR MUHAMMAD IRTZA HAIDAR', 'D', 6, '2013-11-26 00:00:00', '2013-12-12 00:00:00', '2013-12-08 20:31:00', '20:12:00', 2, '0', 765, 0, 0, 0, '0', 0, '', 21, 15, '', 4, 7),
(317, 32, 'MS SHI LIZHEN', 'D', 7, '2013-12-04 00:00:00', '2013-12-08 00:00:00', '2013-12-08 20:36:06', '20:36:08', 48, '32', 0, 21422, 0, 1, '0', 0, '0', 1, 15, '', 5, 7),
(318, 34, 'MR TANG JUN', 'D', 8, '2013-12-04 00:00:00', '2013-12-08 00:00:00', '2013-12-08 20:36:54', '20:37:02', 48, '34', 0, 23106, 0, 1, '0', 0, '0', 1, 15, '', 5, 7),
(320, 38, 'MR HASSAN NAUMAN AHMED/AHMED Q', 'D', 7, '2013-12-05 00:00:00', '2013-12-10 00:00:00', '2013-12-08 23:47:39', '23:12:00', 1, '0', 4700, 0, 0, 0, '0', 0, '0', 27, 15, 'N', 3, 7),
(321, 38, 'MR HASSAN NAUMAN AHMED/AHMED Q', 'D', 7, '2013-12-05 00:00:00', '2013-12-10 00:00:00', '2013-12-08 23:47:51', '23:12:00', 2, '0', 799, 0, 0, 0, '0', 0, '0', 27, 15, 'N', 3, 7),
(322, 38, 'MR HASSAN NAUMAN AHMED/AHMED ', 'D', 7, '2013-12-05 00:00:00', '2013-12-10 00:00:00', '2013-12-08 23:41:27', '07:12:00', 34, '2257', 3000, 0, 0, 0, '0', 0, '', 27, 15, '', 3, 7),
(323, 38, 'MR HASSAN NAUMAN AHMED/AHMED ', 'D', 7, '2013-12-08 00:00:00', '2013-12-10 00:00:00', '2013-12-08 23:50:28', '23:12:00', 65, '2258', 772, 0, 0, 0, '0', 0, '', 27, 15, '', 4, 7),
(326, 38, 'MR HASSAN NAUMAN AHMED/AHMED ', 'D', 7, '2013-12-08 00:00:00', '2013-12-10 00:00:00', '2013-12-09 11:13:18', '07:12:00', 34, '2259', 1905, 0, 0, 0, '0', 0, '', 27, 15, '', 3, 7),
(328, 18, 'MR MUHAMMAD IRTZA HAIDAR', 'D', 6, '2013-11-26 00:00:00', '2013-12-12 00:00:00', '2013-12-09 12:17:24', '12:17:24', 1, '-', 4500, 0, 0, 0, '0', 0, '0', 21, 15, 'N', 2, 7),
(329, 18, 'MR MUHAMMAD IRTZA HAIDAR', 'D', 6, '2013-11-26 00:00:00', '2013-12-12 00:00:00', '2013-12-09 12:17:24', '12:17:24', 2, '-', 765, 0, 0, 0, '0', 0, '0', 21, 15, 'N', 2, 7),
(330, 38, 'MR HASSAN NAUMAN AHMED/AHMED ', 'D', 7, '2013-12-08 00:00:00', '2013-12-10 00:00:00', '2013-12-09 12:17:24', '12:17:24', 1, '-', 4700, 0, 0, 0, '0', 0, '0', 27, 15, 'N', 2, 7),
(331, 39, 'MR HAMMAD GHAZALI ', 'D', 8, '2013-12-09 00:00:00', '2013-12-12 00:00:00', '2013-12-09 12:17:24', '12:17:24', 1, '-', 4200, 0, 0, 0, '0', 0, '0', 28, 15, 'N', 2, 7),
(332, 39, 'MR HAMMAD GHAZALI ', 'D', 8, '2013-12-09 00:00:00', '2013-12-12 00:00:00', '2013-12-09 12:17:24', '12:17:24', 2, '-', 714, 0, 0, 0, '0', 0, '0', 28, 15, 'N', 2, 7),
(333, 40, 'MR AADIL MANDVIWALLA ', 'D', 4, '2013-12-09 00:00:00', '2013-12-11 00:00:00', '2013-12-09 16:22:10', '16:22:10', 1, '0', 4700, 0, 0, 0, '0', 0, '0', 28, 15, 'N', 1, 7),
(334, 40, 'MR AADIL MANDVIWALLA ', 'D', 4, '2013-12-09 00:00:00', '2013-12-11 00:00:00', '2013-12-09 16:22:10', '16:22:10', 2, '0', 799, 0, 0, 0, '0', 0, '0', 28, 15, 'N', 1, 7),
(335, 41, 'MR ASADULLAH PATHAN ', 'D', 2, '2013-12-09 00:00:00', '2013-12-14 00:00:00', '2013-12-09 22:09:48', '22:09:48', 1, '0', 4000, 0, 0, 0, '0', 0, '0', 1, 15, 'N', 1, 7),
(337, 42, 'MR ASADULLAH PATHAN ', 'D', 3, '2013-12-09 00:00:00', '2013-12-14 00:00:00', '2013-12-09 22:12:50', '22:12:50', 1, '0', 4500, 0, 0, 0, '0', 0, '0', 1, 15, 'N', 1, 7),
(339, 43, 'MS ANITA SARFARAZ ', 'D', 1, '2013-12-09 00:00:00', '2013-12-11 00:00:00', '2013-12-09 22:17:03', '22:17:03', 1, '0', 4200, 0, 0, 0, '0', 0, '0', 28, 15, 'N', 1, 7),
(340, 43, 'MS ANITA SARFARAZ ', 'D', 1, '2013-12-09 00:00:00', '2013-12-11 00:00:00', '2013-12-09 22:17:03', '22:17:03', 2, '0', 714, 0, 0, 0, '0', 0, '0', 28, 15, 'N', 1, 7),
(341, 40, 'MR AADIL MANDVIWALLA ', 'D', 4, '2013-12-09 00:00:00', '2013-12-11 00:00:00', '2013-12-09 22:47:33', '22:12:00', 9, '2263', 422, 0, 0, 0, '0', 0, '', 28, 15, '', 4, 7),
(344, 38, 'MR HASSAN NAUMAN AHMED/AHMED ', 'D', 7, '2013-12-08 00:00:00', '2013-12-10 00:00:00', '2013-12-09 22:57:24', '22:12:00', 2, '654', 799, 0, 0, 0, '0', 0, '', 27, 15, '', 4, 7),
(345, 38, 'MR HASSAN NAUMAN AHMED/AHMED ', 'D', 7, '2013-12-08 00:00:00', '2013-12-10 00:00:00', '2013-12-09 22:57:58', '22:12:00', 8, '654', 427, 0, 0, 0, '0', 0, '', 27, 15, '', 4, 7),
(346, 38, 'MR HASSAN NAUMAN AHMED/AHMED ', 'D', 7, '2013-12-08 00:00:00', '2013-12-10 00:00:00', '2013-12-09 23:58:29', '23:12:00', 60, '56', 140, 0, 0, 0, '0', 0, '', 27, 15, '', 4, 7),
(347, 38, 'MR HASSAN NAUMAN AHMED/AHMED ', 'D', 7, '2013-12-08 00:00:00', '2013-12-10 00:00:00', '2013-12-10 08:09:47', '08:12:00', 8, '1245', 1500, 0, 0, 0, '0', 0, '', 27, 15, '', 4, 7),
(348, 38, 'MR HASSAN NAUMAN AHMED/AHMED ', 'D', 7, '2013-12-08 00:00:00', '2013-12-10 00:00:00', '2013-12-10 08:10:40', '08:12:00', 9, '2267', 76, 0, 0, 0, '0', 0, '', 27, 15, '', 4, 7),
(349, 38, 'MR HASSAN NAUMAN AHMED/AHMED ', 'D', 7, '2013-12-08 00:00:00', '2013-12-10 00:00:00', '2013-12-10 09:07:41', '09:07:44', 48, '38', 0, 18818, 0, 1, '0', 0, '0', 27, 15, '', 5, 7),
(350, 44, 'MR SAAD ', 'D', 5, '2013-12-10 00:00:00', '2013-12-10 00:00:00', '2013-12-09 09:11:36', '09:11:36', 1, '0', 5000, 0, 0, 0, '0', 0, '0', 1, 15, 'N', 1, 7),
(351, 44, 'MR SAAD ', 'D', 5, '2013-12-10 00:00:00', '2013-12-10 00:00:00', '2013-12-09 09:11:36', '09:11:36', 2, '0', 850, 0, 0, 0, '0', 0, '0', 1, 15, 'N', 1, 7),
(352, 44, 'MR SAAD ', 'D', 5, '2013-12-10 00:00:00', '2013-12-10 00:00:00', '2013-12-10 09:12:36', '09:12:38', 48, '44', 0, 5850, 0, 1, '0', 0, '0', 1, 15, '', 5, 7),
(353, 43, 'MS ANITA SARFARAZ ', 'D', 1, '2013-12-09 00:00:00', '2013-12-11 00:00:00', '2013-12-10 16:19:19', '16:12:00', 1, '21', 4200, 0, 0, 0, '0', 0, '', 28, 15, '', 4, 7),
(354, 43, 'MS ANITA SARFARAZ ', 'D', 1, '2013-12-09 00:00:00', '2013-12-11 00:00:00', '2013-12-10 16:19:33', '16:12:00', 2, '425', 714, 0, 0, 0, '0', 0, '', 28, 15, '', 4, 7),
(355, 41, 'MR ASADULLAH PATHAN ', 'D', 2, '2013-12-09 00:00:00', '2013-12-14 00:00:00', '2013-12-10 16:19:56', '16:12:00', 1, '41', 4000, 0, 0, 0, '0', 0, '', 1, 15, '', 4, 7),
(357, 42, 'MR ASADULLAH PATHAN ', 'D', 3, '2013-12-09 00:00:00', '2013-12-14 00:00:00', '2013-12-10 16:20:32', '16:12:00', 1, '765', 4500, 0, 0, 0, '0', 0, '', 1, 15, '', 4, 7),
(359, 40, 'MR AADIL MANDVIWALLA ', 'D', 4, '2013-12-09 00:00:00', '2013-12-11 00:00:00', '2013-12-10 16:21:16', '16:12:00', 1, '45', 4700, 0, 0, 0, '0', 0, '', 28, 15, '', 4, 7),
(360, 40, 'MR AADIL MANDVIWALLA ', 'D', 4, '2013-12-09 00:00:00', '2013-12-11 00:00:00', '2013-12-10 16:21:34', '16:12:00', 2, '45', 799, 0, 0, 0, '0', 0, '', 28, 15, '', 4, 7),
(363, 39, 'MR HAMMAD GHAZALI ', 'D', 8, '2013-12-09 00:00:00', '2013-12-12 00:00:00', '2013-12-10 16:53:15', '16:12:00', 1, '324', 4200, 0, 0, 0, '0', 0, '', 28, 15, '', 4, 7),
(364, 39, 'MR HAMMAD GHAZALI ', 'D', 8, '2013-12-09 00:00:00', '2013-12-12 00:00:00', '2013-12-10 16:53:28', '16:12:00', 2, '564', 714, 0, 0, 0, '0', 0, '', 28, 15, '', 4, 7),
(365, 45, 'SYED MUJEEBULLAH HUSINI ', 'D', 5, '2013-12-10 00:00:00', '2013-12-13 00:00:00', '2013-12-10 18:34:16', '18:34:16', 1, '0', 4200, 0, 0, 0, '0', 0, '0', 29, 15, 'N', 1, 7),
(366, 45, 'SYED MUJEEBULLAH HUSINI ', 'D', 5, '2013-12-10 00:00:00', '2013-12-13 00:00:00', '2013-12-10 18:34:16', '18:34:16', 2, '0', 714, 0, 0, 0, '0', 0, '0', 29, 15, 'N', 1, 7),
(367, 46, 'SYED NOORUL HUSSAIN ', 'D', 7, '2013-12-10 00:00:00', '2013-12-13 00:00:00', '2013-12-10 18:37:25', '18:37:25', 1, '0', 4200, 0, 0, 0, '0', 0, '0', 29, 15, 'N', 1, 7),
(368, 46, 'SYED NOORUL HUSSAIN ', 'D', 7, '2013-12-10 00:00:00', '2013-12-13 00:00:00', '2013-12-10 18:37:25', '18:37:25', 2, '0', 714, 0, 0, 0, '0', 0, '0', 29, 15, 'N', 1, 7),
(369, 40, 'MR AADIL MANDVIWALLA ', 'D', 4, '2013-12-09 00:00:00', '2013-12-11 00:00:00', '2013-12-09 20:51:45', '20:12:00', 9, '2267', 316, 0, 0, 0, '0', 0, '', 28, 15, '', 4, 7),
(370, 45, 'SYED MUJEEBULLAH HUSINI ', 'D', 5, '2013-12-10 00:00:00', '2013-12-13 00:00:00', '2013-12-10 21:49:24', '21:12:00', 8, '2268', 1357, 0, 0, 0, '0', 0, '', 29, 15, '', 4, 7);
INSERT INTO `hms_guest_ledger` (`id`, `chkin_id`, `guest_name`, `room_status`, `room_id`, `chkin_date`, `chkout_date`, `c_date`, `c_time`, `service_id`, `remarks`, `debit`, `credit`, `balance`, `cash_paid`, `credit_card`, `credit_card_no`, `btc`, `company_id`, `user_id`, `late_out`, `day_close`, `branch_id`) VALUES
(371, 18, 'MR MUHAMMAD IRTZA HAIDAR', 'D', 6, '2013-11-26 00:00:00', '2013-12-12 00:00:00', '2013-12-10 11:10:26', '11:10:25', 1, '-', 4500, 0, 0, 0, '0', 0, '0', 21, 15, 'N', 2, 7),
(372, 18, 'MR MUHAMMAD IRTZA HAIDAR', 'D', 6, '2013-11-26 00:00:00', '2013-12-12 00:00:00', '2013-12-10 11:10:26', '11:10:25', 2, '-', 765, 0, 0, 0, '0', 0, '0', 21, 15, 'N', 2, 7),
(374, 40, 'MR AADIL MANDVIWALLA ', 'D', 4, '2013-12-09 00:00:00', '2013-12-11 00:00:00', '2013-12-11 12:07:16', '12:12:00', 1, '-45', 4700, 0, 0, 0, '0', 0, '0', 28, 15, 'N', 3, 7),
(375, 41, 'MR ASADULLAH PATHAN ', 'D', 2, '2013-12-09 00:00:00', '2013-12-14 00:00:00', '2013-12-11 11:19:14', '11:12:00', 1, '-2', 4000, 0, 0, 0, '0', 0, '0', 1, 15, 'N', 3, 7),
(376, 42, 'MR ASADULLAH PATHAN ', 'D', 3, '2013-12-09 00:00:00', '2013-12-14 00:00:00', '2013-12-11 11:15:59', '11:12:00', 1, '-546', 4500, 0, 0, 0, '0', 0, '0', 1, 15, 'N', 3, 7),
(378, 43, 'MS ANITA SARFARAZ ', 'D', 1, '2013-12-09 00:00:00', '2013-12-11 00:00:00', '2013-12-11 11:11:12', '11:12:00', 1, '-546', 4200, 0, 0, 0, '0', 0, '0', 28, 15, 'N', 3, 7),
(379, 43, 'MS ANITA SARFARAZ ', 'D', 1, '2013-12-09 00:00:00', '2013-12-11 00:00:00', '2013-12-10 11:10:26', '11:10:26', 2, '-', 714, 0, 0, 0, '0', 0, '0', 28, 15, 'N', 2, 7),
(381, 40, 'MR AADIL MANDVIWALLA ', 'D', 4, '2013-12-09 00:00:00', '2013-12-11 00:00:00', '2013-12-11 12:07:20', '12:12:00', 2, '65', 799, 0, 0, 0, '0', 0, '', 28, 15, '', 4, 7),
(388, 39, 'MR HAMMAD GHAZALI ', 'D', 8, '2013-12-09 00:00:00', '2013-12-12 00:00:00', '2013-12-11 12:11:52', '12:12:00', 2, '564', 714, 0, 0, 0, '0', 0, '', 28, 15, '', 4, 7),
(389, 41, 'MR ASADULLAH PATHAN ', 'D', 2, '2013-12-09 00:00:00', '2013-12-14 00:00:00', '2013-12-11 12:53:48', '12:12:00', 9, '2271', 468, 0, 0, 0, '0', 0, '', 1, 15, '', 4, 7),
(390, 45, 'SYED MUJEEBULLAH HUSINI ', 'D', 5, '2013-12-10 00:00:00', '2013-12-13 00:00:00', '2013-12-11 12:54:19', '12:12:00', 9, '98', 105, 0, 0, 0, '0', 0, '', 29, 15, '', 4, 7),
(391, 46, 'SYED NOORUL HUSSAIN ', 'D', 7, '2013-12-10 00:00:00', '2013-12-13 00:00:00', '2013-12-11 12:54:48', '12:12:00', 9, '45', 181, 0, 0, 0, '0', 0, '', 29, 15, '', 4, 7),
(392, 40, 'MR AADIL MANDVIWALLA ', 'D', 4, '2013-12-09 00:00:00', '2013-12-11 00:00:00', '2013-12-11 16:53:35', '16:12:00', 9, '6', 363, 0, 0, 0, '0', 0, '', 28, 15, '', 4, 7),
(393, 43, 'MS ANITA SARFARAZ ', 'D', 1, '2013-12-09 00:00:00', '2013-12-11 00:00:00', '2013-12-11 18:27:21', '18:27:23', 48, '43', 0, 14742, 0, 1, '0', 0, '0', 28, 15, '', 5, 7),
(394, 40, 'MR AADIL MANDVIWALLA ', 'D', 4, '2013-12-09 00:00:00', '2013-12-11 00:00:00', '2013-12-11 18:27:35', '18:27:37', 48, '40', 0, 17598, 0, 1, '0', 0, '0', 28, 15, '', 5, 7),
(395, 47, 'MR AHMED AWAIS ', 'D', 1, '2013-12-11 00:00:00', '2013-12-12 00:00:00', '2013-12-11 18:31:08', '18:31:08', 1, '0', 4000, 0, 0, 0, '0', 0, '0', 1, 15, 'N', 1, 7),
(396, 47, 'MR AHMED AWAIS ', 'D', 1, '2013-12-11 00:00:00', '2013-12-12 00:00:00', '2013-12-11 18:31:08', '18:31:08', 2, '0', 680, 0, 0, 0, '0', 0, '0', 1, 15, 'N', 1, 7),
(397, 48, 'MR KHURRAM IQBAL ', 'D', 4, '2013-12-11 00:00:00', '2013-12-11 00:00:00', '2013-12-11 19:44:38', '19:44:38', 1, '0', 4000, 0, 0, 0, '0', 0, '0', 1, 15, 'N', 1, 7),
(398, 48, 'MR KHURRAM IQBAL ', 'D', 4, '2013-12-11 00:00:00', '2013-12-11 00:00:00', '2013-12-11 19:44:38', '19:44:38', 2, '0', 680, 0, 0, 0, '0', 0, '0', 1, 15, 'N', 1, 7),
(399, 48, 'MR KHURRAM IQBAL ', 'D', 4, '2013-12-11 00:00:00', '2013-12-11 00:00:00', '2013-12-11 19:44:53', '19:44:57', 48, '48', 0, 4680, 0, 1, '0', 0, '0', 1, 15, '', 5, 7),
(400, 49, 'MISS TANIA FATIMA ', 'D', 4, '2013-12-11 00:00:00', '2013-12-11 00:00:00', '2013-12-11 19:47:21', '19:47:21', 1, '0', 3500, 0, 0, 0, '0', 0, '0', 1, 15, 'N', 1, 7),
(401, 49, 'MISS TANIA FATIMA ', 'D', 4, '2013-12-11 00:00:00', '2013-12-11 00:00:00', '2013-12-11 19:47:21', '19:47:21', 2, '0', 595, 0, 0, 0, '0', 0, '0', 1, 15, 'N', 1, 7),
(402, 49, 'MISS TANIA FATIMA ', 'D', 4, '2013-12-11 00:00:00', '2013-12-11 00:00:00', '2013-12-11 19:47:28', '19:47:45', 48, '49', 0, 4095, 0, 1, '0', 0, '0', 1, 15, '', 5, 7),
(403, 50, 'Ms Tania ', 'D', 4, '2013-12-11 00:00:00', '2013-12-11 00:00:00', '2013-12-11 19:52:55', '19:52:55', 1, '0', 4000, 0, 0, 0, '0', 0, '0', 1, 15, 'N', 1, 7),
(404, 50, 'Ms Tania ', 'D', 4, '2013-12-11 00:00:00', '2013-12-11 00:00:00', '2013-12-11 19:52:55', '19:52:55', 2, '0', 680, 0, 0, 0, '0', 0, '0', 1, 15, 'N', 1, 7),
(405, 50, 'Ms Tania ', 'D', 4, '2013-12-11 00:00:00', '2013-12-11 00:00:00', '2013-12-11 19:53:05', '19:53:08', 48, '50', 0, 4680, 0, 1, '0', 0, '0', 1, 15, '', 5, 7),
(406, 51, 'Mr Javed Akhtar ', 'D', 4, '2013-12-11 00:00:00', '2013-12-11 00:00:00', '2013-12-11 19:58:41', '19:58:41', 1, '0', 4000, 0, 0, 0, '0', 0, '0', 1, 15, 'N', 1, 7),
(407, 51, 'Mr Javed Akhtar ', 'D', 4, '2013-12-11 00:00:00', '2013-12-11 00:00:00', '2013-12-11 19:58:41', '19:58:41', 2, '0', 680, 0, 0, 0, '0', 0, '0', 1, 15, 'N', 1, 7),
(408, 51, 'Mr Javed Akhtar ', 'D', 4, '2013-12-11 00:00:00', '2013-12-11 00:00:00', '2013-12-11 19:58:47', '19:58:49', 48, '51', 0, 4680, 0, 1, '0', 0, '0', 1, 15, '', 5, 7),
(409, 42, 'MR ASADULLAH PATHAN ', 'D', 3, '2013-12-09 00:00:00', '2013-12-14 00:00:00', '2013-12-11 20:11:25', '20:12:00', 10, '2275', 1240, 0, 0, 0, '0', 0, '', 1, 15, '', 4, 7),
(410, 46, 'SYED NOORUL HUSSAIN ', 'D', 7, '2013-12-10 00:00:00', '2013-12-13 00:00:00', '2013-12-11 20:12:15', '20:12:00', 8, '2274', 386, 0, 0, 0, '0', 0, '', 29, 15, '', 4, 7),
(411, 45, 'SYED MUJEEBULLAH HUSINI ', 'D', 4, '2013-12-10 00:00:00', '2013-12-13 00:00:00', '2013-12-11 20:19:23', '20:12:00', 8, '2273', 386, 0, 0, 0, '0', 0, '', 29, 15, '', 4, 7),
(412, 18, 'MR MUHAMMAD IRTZA HAIDAR', 'D', 6, '2013-11-26 00:00:00', '2013-12-12 00:00:00', '2013-12-11 09:34:02', '09:34:02', 1, '-', 4500, 0, 0, 0, '0', 0, '0', 21, 15, 'N', 2, 7),
(413, 18, 'MR MUHAMMAD IRTZA HAIDAR', 'D', 6, '2013-11-26 00:00:00', '2013-12-12 00:00:00', '2013-12-11 09:34:02', '09:34:02', 2, '-', 765, 0, 0, 0, '0', 0, '0', 21, 15, 'N', 2, 7),
(414, 39, 'MR HAMMAD GHAZALI ', 'D', 8, '2013-12-09 00:00:00', '2013-12-12 00:00:00', '2013-12-11 09:34:02', '09:34:02', 1, '-', 4200, 0, 0, 0, '0', 0, '0', 28, 15, 'N', 2, 7),
(415, 41, 'MR ASADULLAH PATHAN ', 'D', 2, '2013-12-09 00:00:00', '2013-12-14 00:00:00', '2013-12-12 12:10:39', '12:12:00', 1, '-654', 4000, 0, 0, 0, '0', 0, '0', 1, 15, 'N', 3, 7),
(418, 45, 'SYED MUJEEBULLAH HUSINI ', 'D', 4, '2013-12-10 00:00:00', '2013-12-13 00:00:00', '2013-12-11 09:34:02', '09:34:02', 1, '-', 4200, 0, 0, 0, '0', 0, '0', 29, 15, 'N', 2, 7),
(419, 45, 'SYED MUJEEBULLAH HUSINI ', 'D', 4, '2013-12-10 00:00:00', '2013-12-13 00:00:00', '2013-12-11 09:34:02', '09:34:02', 2, '-', 714, 0, 0, 0, '0', 0, '0', 29, 15, 'N', 2, 7),
(420, 46, 'SYED NOORUL HUSSAIN ', 'D', 7, '2013-12-10 00:00:00', '2013-12-13 00:00:00', '2013-12-11 09:34:02', '09:34:02', 1, '-', 4200, 0, 0, 0, '0', 0, '0', 29, 15, 'N', 2, 7),
(421, 46, 'SYED NOORUL HUSSAIN ', 'D', 7, '2013-12-10 00:00:00', '2013-12-13 00:00:00', '2013-12-11 09:34:02', '09:34:02', 2, '-', 714, 0, 0, 0, '0', 0, '0', 29, 15, 'N', 2, 7),
(422, 47, 'MR AHMED AWAIS ', 'D', 1, '2013-12-11 00:00:00', '2013-12-12 00:00:00', '2013-12-12 10:10:43', '10:12:00', 9, '465', 105, 0, 0, 0, '0', 0, '', 1, 15, '', 4, 7),
(423, 47, 'MR AHMED AWAIS ', 'D', 1, '2013-12-11 00:00:00', '2013-12-12 00:00:00', '2013-12-12 10:53:13', '10:53:16', 48, '47', 0, 4785, 0, 1, '0', 0, '0', 1, 15, '', 5, 7),
(425, 42, 'MR ASADULLAH PATHAN ', 'D', 3, '2013-12-09 00:00:00', '2013-12-14 00:00:00', '2013-12-12 09:59:16', '09:12:00', 1, '654', 4500, 0, 0, 0, '0', 0, '', 1, 15, '', 3, 7),
(427, 45, 'SYED MUJEEBULLAH HUSINI ', 'D', 4, '2013-12-10 00:00:00', '2013-12-13 00:00:00', '2013-12-12 12:13:19', '12:12:00', 1, '654', 4200, 0, 0, 0, '0', 0, '', 29, 15, '', 4, 7),
(428, 45, 'SYED MUJEEBULLAH HUSINI ', 'D', 4, '2013-12-10 00:00:00', '2013-12-13 00:00:00', '2013-12-12 12:13:40', '12:12:00', 2, '987', 714, 0, 0, 0, '0', 0, '', 29, 15, '', 4, 7),
(429, 18, 'MR MUHAMMAD IRTZA HAIDAR', 'D', 6, '2013-11-26 00:00:00', '2013-12-12 00:00:00', '2013-12-12 12:14:07', '12:12:00', 1, '987', 4500, 0, 0, 0, '0', 0, '', 21, 15, '', 4, 7),
(430, 18, 'MR MUHAMMAD IRTZA HAIDAR', 'D', 6, '2013-11-26 00:00:00', '2013-12-12 00:00:00', '2013-12-12 12:14:22', '12:12:00', 2, '987', 765, 0, 0, 0, '0', 0, '', 21, 15, '', 4, 7),
(431, 46, 'SYED NOORUL HUSSAIN ', 'D', 7, '2013-12-10 00:00:00', '2013-12-13 00:00:00', '2013-12-12 12:15:32', '12:12:00', 1, '714', 4200, 0, 0, 0, '0', 0, '', 29, 15, '', 4, 7),
(432, 46, 'SYED NOORUL HUSSAIN ', 'D', 7, '2013-12-10 00:00:00', '2013-12-13 00:00:00', '2013-12-12 12:15:49', '12:12:00', 2, '213', 714, 0, 0, 0, '0', 0, '', 29, 15, '', 4, 7),
(433, 39, 'MR HAMMAD GHAZALI ', 'D', 8, '2013-12-09 00:00:00', '2013-12-12 00:00:00', '2013-12-12 12:16:40', '12:12:00', 1, '45', 4200, 0, 0, 0, '0', 0, '', 28, 15, '', 4, 7),
(434, 39, 'MR HAMMAD GHAZALI ', 'D', 8, '2013-12-09 00:00:00', '2013-12-12 00:00:00', '2013-12-12 12:16:50', '12:12:00', 2, '45', 714, 0, 0, 0, '0', 0, '', 28, 15, '', 4, 7),
(435, 46, 'Syed Noor Ul Hussain  ', 'D', 7, '2013-12-10 00:00:00', '2013-12-13 00:00:00', '2013-12-12 20:34:24', '20:12:00', 8, '2278', 363, 0, 0, 0, '0', 0, '', 29, 15, '', 4, 7),
(436, 45, 'Syed Mujeebullah Husaini  ', 'D', 4, '2013-12-10 00:00:00', '2013-12-13 00:00:00', '2013-12-12 20:35:28', '20:12:00', 8, '2277', 567, 0, 0, 0, '0', 0, '', 29, 15, '', 4, 7),
(438, 52, 'Mr Shahid Raza Zaidi', 'D', 5, '2013-12-12 00:00:00', '2013-12-13 00:00:00', '2013-12-12 00:10:16', '00:10:16', 1, '0', 4200, 0, 0, 0, '0', 0, '0', 30, 15, 'N', 1, 7),
(439, 52, 'Mr Shahid Raza Zaidi', 'D', 5, '2013-12-12 00:00:00', '2013-12-13 00:00:00', '2013-12-12 00:10:16', '00:10:16', 2, '0', 714, 0, 0, 0, '0', 0, '0', 30, 15, 'N', 1, 7),
(440, 52, 'Mr Shahid Raza Zaidi', 'D', 5, '2013-12-12 00:00:00', '2013-12-13 00:00:00', '2013-12-12 00:10:48', '00:12:00', 34, '2279', 1200, 0, 0, 0, '0', 0, '', 30, 15, '', 4, 7),
(441, 53, 'Mr Rasheed Ahmed Jamal', 'D', 1, '2013-12-12 00:00:00', '2013-12-15 00:00:00', '2013-12-12 00:23:01', '00:23:01', 1, '0', 4200, 0, 0, 0, '0', 0, '0', 16, 15, 'N', 1, 7),
(442, 53, 'Mr Rasheed Ahmed Jamal', 'D', 1, '2013-12-12 00:00:00', '2013-12-15 00:00:00', '2013-12-12 00:23:01', '00:23:01', 2, '0', 714, 0, 0, 0, '0', 0, '0', 16, 15, 'N', 1, 7),
(443, 39, 'MR Hammad Ghazali  ', 'D', 8, '2013-12-09 00:00:00', '2013-12-12 00:00:00', '2013-12-12 09:09:08', '09:12:00', 9, '654', 152, 0, 0, 0, '0', 0, '', 28, 15, '', 4, 7),
(444, 39, 'MR Hammad Ghazali  ', 'D', 8, '2013-12-09 00:00:00', '2013-12-12 00:00:00', '2013-12-12 11:02:00', '11:02:02', 48, '39', 0, 19808, 0, 1, '0', 0, '0', 28, 15, '', 5, 7),
(445, 18, 'Mr Muhammad Irtaza Haider ', 'D', 6, '2013-11-26 00:00:00', '2013-12-12 00:00:00', '2013-12-12 11:02:18', '11:02:27', 48, '18', 0, 89505, 0, 0, '1', 0, '2', 21, 15, '', 5, 7),
(446, 52, 'Mr Shahid Raza Zaidi', 'D', 5, '2013-12-12 00:00:00', '2013-12-13 00:00:00', '2013-12-12 12:12:33', '12:12:00', 34, '654', 600, 0, 0, 0, '0', 0, '', 30, 15, '', 4, 7),
(447, 52, 'Mr Shahid Raza Zaidi', 'D', 5, '2013-12-12 00:00:00', '2013-12-13 00:00:00', '2013-12-12 12:13:03', '12:12:00', 34, '654', 3600, 0, 0, 0, '0', 0, '', 30, 15, '', 4, 7),
(448, 41, 'Mr Asadullah Pathan ', 'D', 2, '2013-12-09 00:00:00', '2013-12-14 00:00:00', '2013-12-13 19:52:26', '19:12:00', 1, '-56', 4000, 0, 0, 0, '0', 0, '0', 1, 15, 'N', 3, 7),
(449, 42, 'Mr Asadullah Pathan ', 'D', 3, '2013-12-09 00:00:00', '2013-12-14 00:00:00', '2013-12-13 13:17:43', '13:12:00', 1, '10', 4500, 0, 0, 0, '0', 0, '0', 1, 15, 'N', 3, 7),
(454, 46, 'Syed Noor Ul Hussain  ', 'D', 7, '2013-12-10 00:00:00', '2013-12-13 00:00:00', '2013-12-13 13:32:47', '13:12:00', 9, '54', 181, 0, 0, 0, '0', 0, '', 29, 15, '', 4, 7),
(455, 46, 'Syed Noor Ul Hussain  ', 'D', 7, '2013-12-10 00:00:00', '2013-12-13 00:00:00', '2013-12-13 14:39:29', '14:39:30', 48, '46', 0, 15853, 0, 1, '0', 0, '0', 29, 15, '', 5, 7),
(456, 45, 'Syed Mujeebullah Husaini  ', 'D', 4, '2013-12-10 00:00:00', '2013-12-13 00:00:00', '2013-12-13 14:39:42', '14:39:46', 19, '45', 0, 0, 17157, 0, '0', 0, '3', 29, 15, '', 5, 7),
(457, 52, 'Mr Shahid Raza Zaidi', 'D', 5, '2013-12-12 00:00:00', '2013-12-13 00:00:00', '2013-12-13 14:40:00', '14:40:05', 19, '52', 0, 0, 10314, 0, '0', 0, '3', 30, 15, '', 5, 7),
(458, 54, 'Mr Ijaz Ali ', 'D', 5, '2013-12-13 00:00:00', '2013-12-15 00:00:00', '2013-12-13 19:56:56', '19:12:00', 1, '02', 4700, 0, 0, 0, '0', 0, '0', 1, 15, 'N', 3, 7),
(459, 54, 'Mr Ijaz Ali ', 'D', 5, '2013-12-13 00:00:00', '2013-12-15 00:00:00', '2013-12-13 19:57:10', '19:12:00', 2, '546', 799, 0, 0, 0, '0', 0, '0', 1, 15, 'N', 3, 7),
(460, 55, 'Mr Shahzad ', 'D', 4, '2013-12-13 00:00:00', '2013-12-14 00:00:00', '2013-12-13 19:54:15', '19:12:00', 1, '021', 4000, 0, 0, 0, '0', 0, '0', 1, 15, 'N', 3, 7),
(461, 55, 'Mr Shahzad ', 'D', 4, '2013-12-13 00:00:00', '2013-12-14 00:00:00', '2013-12-13 19:54:27', '19:12:00', 2, '046', 680, 0, 0, 0, '0', 0, '0', 1, 15, 'N', 3, 7),
(462, 56, 'Mr Sajjad & Asghar Khan ', 'D', 4, '2013-12-13 00:00:00', '2013-12-14 00:00:00', '2013-12-13 19:56:14', '19:12:00', 1, '0564', 5000, 0, 0, 0, '0', 0, '0', 31, 15, 'N', 3, 7),
(466, 53, 'Mr Rasheed Ahmed Jamal', 'D', 6, '2013-12-12 00:00:00', '2013-12-15 00:00:00', '2013-12-13 19:57:30', '19:12:00', 1, '45', 4200, 0, 0, 0, '0', 0, '', 16, 15, '', 4, 7),
(467, 53, 'Mr Rasheed Ahmed Jamal', 'D', 6, '2013-12-12 00:00:00', '2013-12-15 00:00:00', '2013-12-13 19:57:53', '19:12:00', 2, '56', 714, 0, 0, 0, '0', 0, '', 16, 15, '', 4, 7),
(475, 54, 'Mr Ijaz Ali ', 'D', 8, '2013-12-13 00:00:00', '2013-12-15 00:00:00', '2013-12-13 20:02:20', '20:12:00', 8, '564', 983, 0, 0, 0, '0', 0, '', 1, 15, '', 4, 7),
(476, 57, 'Mr Shahzad ', 'D', 7, '2013-12-13 00:00:00', '2013-12-14 00:00:00', '2013-12-13 20:05:19', '20:05:19', 1, '0', 4000, 0, 0, 0, '0', 0, '0', 1, 15, 'N', 1, 7),
(477, 57, 'Mr Shahzad ', 'D', 7, '2013-12-13 00:00:00', '2013-12-14 00:00:00', '2013-12-13 20:05:19', '20:05:19', 2, '0', 680, 0, 0, 0, '0', 0, '0', 1, 15, 'N', 1, 7),
(478, 56, 'Mr Sajjad & Asghar Khan ', 'D', 4, '2013-12-13 00:00:00', '2013-12-14 00:00:00', '2013-12-13 20:20:15', '13:12:00', 8, '654', 740, 0, 0, 0, '0', 0, '', 31, 15, '', 3, 7),
(479, 42, 'Mr Asadullah Pathan ', 'D', 3, '2013-12-09 00:00:00', '2013-12-14 00:00:00', '2013-12-13 22:44:46', '22:12:00', 9, '2289', 257, 0, 0, 0, '0', 0, '', 1, 15, '', 4, 7),
(481, 58, 'Mr Dr Maseeh ur Rahman', 'D', 7, '2013-12-13 00:00:00', '2013-12-14 00:00:00', '2013-12-13 23:59:06', '00:12:00', 1, '0', 4500, 0, 0, 0, '0', 0, '0', 1, 15, 'N', 3, 7),
(482, 58, 'Mr Dr Maseeh ur Rahman', 'D', 7, '2013-12-13 00:00:00', '2013-12-14 00:00:00', '2013-12-13 23:59:06', '00:12:00', 2, '0', 765, 0, 0, 0, '0', 0, '0', 1, 15, 'N', 3, 7),
(483, 58, 'Mr Dr Maseeh ur Rahman', 'D', 7, '2013-12-13 00:00:00', '2013-12-14 00:00:00', '2013-12-13 23:59:25', '00:12:00', 34, '2291', 1500, 0, 0, 0, '0', 0, '', 1, 15, '', 3, 7),
(485, 42, 'Mr Asadullah Pathan ', 'D', 3, '2013-12-09 00:00:00', '2013-12-14 00:00:00', '2013-12-14 09:55:56', '09:12:00', 9, '2294', 287, 0, 0, 0, '0', 0, '', 1, 15, '', 4, 7),
(486, 41, 'Mr Asadullah Pathan ', 'D', 2, '2013-12-09 00:00:00', '2013-12-14 00:00:00', '2013-12-11 10:14:17', '10:12:00', 3, '0', 0, 10000, 0, 0, '0', 0, '', 1, 15, '', 4, 7),
(487, 41, 'Mr Asadullah Pathan ', 'D', 2, '2013-12-09 00:00:00', '2013-12-14 00:00:00', '2013-12-14 10:14:31', '12:12:00', 34, '2295', 1500, 0, 0, 0, '0', 0, '', 1, 15, '', 3, 7),
(488, 57, 'Mr Shahzad ', 'D', 1, '2013-12-13 00:00:00', '2013-12-14 00:00:00', '2013-12-14 11:08:49', '11:08:55', 48, '57', 0, 4680, 0, 1, '0', 0, '0', 1, 15, '', 5, 7),
(489, 55, 'Mr Shahzad ', 'D', 5, '2013-12-13 00:00:00', '2013-12-14 00:00:00', '2013-12-14 11:09:09', '11:09:11', 48, '55', 0, 4680, 0, 1, '0', 0, '0', 1, 15, '', 5, 7),
(490, 58, 'Mr Dr Maseeh ur Rahman', 'D', 7, '2013-12-13 00:00:00', '2013-12-14 00:00:00', '2013-12-14 11:54:08', '11:12:00', 9, '2296', 257, 0, 0, 0, '0', 0, '', 1, 15, '', 4, 7),
(491, 58, 'Mr Dr Maseeh ur Rahman', 'D', 7, '2013-12-13 00:00:00', '2013-12-14 00:00:00', '2013-12-14 11:54:30', '11:12:00', 34, '2297', 3000, 0, 0, 0, '0', 0, '', 1, 15, '', 4, 7),
(492, 58, 'Mr Dr Maseeh ur Rahman', 'D', 7, '2013-12-13 00:00:00', '2013-12-14 00:00:00', '2013-12-14 13:04:25', '13:04:32', 48, '58', 0, 10022, 0, 1, '0', 0, '0', 1, 15, '', 5, 7),
(495, 41, 'Mr Asadullah Pathan ', 'D', 2, '2013-12-09 00:00:00', '2013-12-14 00:00:00', '2013-12-14 13:42:24', '13:42:43', 48, '41', 0, 11968, 0, 1, '0', 0, '0', 1, 15, '', 5, 7),
(496, 42, 'Mr Asadullah Pathan ', 'D', 3, '2013-12-09 00:00:00', '2013-12-14 00:00:00', '2013-12-14 13:42:59', '13:43:07', 48, '42', 0, 24284, 0, 1, '0', 0, '0', 1, 15, '', 5, 7),
(497, 56, 'Mr Sajjad & Asghar Khan ', 'D', 4, '2013-12-13 00:00:00', '2013-12-14 00:00:00', '2013-12-14 14:16:06', '14:16:18', 19, '56', 0, 0, 5740, 0, '0', 0, '3', 31, 15, '', 5, 7),
(498, 53, 'Mr Rasheed Ahmed Jamal', 'D', 6, '2013-12-12 00:00:00', '2013-12-15 00:00:00', '2013-12-14 14:31:42', '14:12:00', 1, '0', 4200, 0, 0, 0, '0', 0, '0', 16, 15, 'N', 3, 7),
(499, 53, 'Mr Rasheed Ahmed Jamal', 'D', 6, '2013-12-12 00:00:00', '2013-12-15 00:00:00', '2013-12-14 14:32:09', '14:12:00', 2, '0', 714, 0, 0, 0, '0', 0, '0', 16, 15, 'N', 3, 7),
(500, 54, 'Mr Ijaz Ali ', 'D', 8, '2013-12-13 00:00:00', '2013-12-15 00:00:00', '2013-12-14 14:33:08', '14:12:00', 1, '0', 4700, 0, 0, 0, '0', 0, '', 1, 15, '', 4, 7),
(501, 54, 'Mr Ijaz Ali ', 'D', 8, '2013-12-13 00:00:00', '2013-12-15 00:00:00', '2013-12-14 14:33:29', '14:12:00', 2, '0', 799, 0, 0, 0, '0', 0, '', 1, 15, '', 4, 7),
(502, 59, 'MR MUHAMMAD ALI BUTT ', 'D', 1, '2013-12-13 00:00:00', '2013-12-15 00:00:00', '2013-12-13 15:40:56', '15:40:56', 1, '0', 4500, 0, 0, 0, '0', 0, '0', 1, 15, 'N', 1, 7),
(503, 59, 'MR MUHAMMAD ALI BUTT ', 'D', 1, '2013-12-13 00:00:00', '2013-12-15 00:00:00', '2013-12-14 15:41:13', '15:12:00', 1, '0', 4500, 0, 0, 0, '0', 0, '', 1, 15, '', 4, 7),
(504, 54, 'Mr Ijaz Ali ', 'D', 8, '2013-12-13 00:00:00', '2013-12-15 00:00:00', '2013-12-14 15:56:21', '15:12:00', 8, '2300', 1229, 0, 0, 0, '0', 0, '', 1, 15, '', 4, 7),
(505, 60, 'Mr Shoaib Irfan', 'D', 2, '2013-12-14 00:00:00', '2013-12-16 00:00:00', '2013-12-14 13:44:45', '13:12:00', 1, '0', 4500, 0, 0, 0, '0', 0, '0', 26, 15, 'N', 3, 7),
(506, 61, 'Mr Umer Naveed', 'D', 3, '2013-12-13 00:00:00', '2013-12-15 00:00:00', '2013-12-13 22:30:31', '22:30:31', 1, '0', 4500, 0, 0, 0, '0', 0, '0', 1, 15, 'N', 1, 7),
(507, 61, 'Mr Umer Naveed', 'D', 3, '2013-12-13 00:00:00', '2013-12-15 00:00:00', '2013-12-13 22:30:31', '22:30:31', 2, '0', 765, 0, 0, 0, '0', 0, '0', 1, 15, 'N', 1, 7),
(508, 54, 'Mr Ijaz Ali ', 'D', 8, '2013-12-13 00:00:00', '2013-12-15 00:00:00', '2013-12-14 23:59:18', '23:12:00', 8, '2302', 328, 0, 0, 0, '0', 0, '', 1, 15, '', 4, 7),
(509, 62, 'Mis Zahida Nasreen', 'O', 4, '2013-12-13 00:00:00', '2013-12-15 00:00:00', '2013-12-14 13:46:38', '13:12:00', 1, '0', 3500, 0, 0, 0, '0', 0, '0', 1, 15, 'N', 3, 7),
(511, 62, 'Mis Zahida Nasreen', 'O', 4, '2013-12-13 00:00:00', '2013-12-15 00:00:00', '2013-12-15 09:01:59', '09:12:00', 9, '2303', 105, 0, 0, 0, '0', 0, '', 1, 15, '', 4, 7),
(512, 62, 'Mis Zahida Nasreen', 'O', 4, '2013-12-13 00:00:00', '2013-12-15 00:00:00', '2013-12-15 09:02:22', '09:12:00', 3, '0', 0, 1500, 0, 0, '0', 0, '', 1, 15, '', 4, 7),
(513, 59, 'MR MUHAMMAD ALI BUTT ', 'D', 1, '2013-12-13 00:00:00', '2013-12-15 00:00:00', '2013-12-15 10:33:09', '10:12:00', 9, '0', 287, 0, 0, 0, '0', 0, '', 1, 15, '', 4, 7),
(514, 61, 'Mr Umer Naveed', 'D', 3, '2013-12-13 00:00:00', '2013-12-15 00:00:00', '2013-12-15 10:41:32', '10:12:00', 3, '0', 0, 5300, 0, 0, '0', 0, '', 1, 15, '', 4, 7),
(515, 61, 'Mr Umer Naveed', 'D', 3, '2013-12-13 00:00:00', '2013-12-15 00:00:00', '2013-12-15 10:57:03', '10:57:07', 48, '61', 0, -35, 0, 1, '0', 0, '0', 1, 15, '', 5, 7),
(516, 54, 'Mr Ijaz Ali ', 'D', 8, '2013-12-13 00:00:00', '2013-12-15 00:00:00', '2013-12-15 11:11:37', '11:12:00', 34, '654', 1800, 0, 0, 0, '0', 0, '', 1, 15, '', 4, 7),
(517, 54, 'Mr Ijaz Ali ', 'D', 8, '2013-12-13 00:00:00', '2013-12-15 00:00:00', '2013-12-15 11:21:55', '11:12:00', 3, '24', 0, 10000, 0, 0, '0', 0, '', 1, 15, '', 4, 7),
(518, 54, 'Mr Ijaz Ali ', 'D', 8, '2013-12-13 00:00:00', '2013-12-15 00:00:00', '2013-12-15 11:54:47', '11:12:00', 9, '213', 286, 0, 0, 0, '0', 0, '', 1, 15, '', 4, 7),
(519, 63, 'Mr Saleem mousani ', 'D', 7, '2013-12-15 00:00:00', '2013-12-16 00:00:00', '2013-12-15 13:48:02', '13:12:00', 1, '4', 4700, 0, 0, 0, '0', 0, '0', 1, 15, 'N', 3, 7),
(520, 63, 'Mr Saleem mousani ', 'D', 7, '2013-12-15 00:00:00', '2013-12-16 00:00:00', '2013-12-15 13:48:16', '13:12:00', 2, '0', 799, 0, 0, 0, '0', 0, '0', 1, 15, 'N', 3, 7),
(521, 54, 'Mr Ijaz Ali ', 'D', 8, '2013-12-13 00:00:00', '2013-12-15 00:00:00', '2013-12-15 13:26:48', '13:26:52', 48, '54', 0, 5624, 0, 1, '0', 0, '0', 1, 15, '', 5, 7),
(522, 53, 'Mr Rasheed Ahmed Jamal', 'D', 6, '2013-12-12 00:00:00', '2013-12-15 00:00:00', '2013-12-15 13:27:05', '13:27:09', 19, '53', 0, 0, 14742, 0, '0', 0, '3', 16, 15, '', 5, 7),
(523, 59, 'MR MUHAMMAD ALI BUTT ', 'D', 1, '2013-12-13 00:00:00', '2013-12-15 00:00:00', '2013-12-15 13:27:22', '13:27:28', 48, '59', 0, 9287, 0, 0, '1', 0, '2', 1, 15, '', 5, 7),
(524, 62, 'Mis Zahida Nasreen', 'O', 4, '2013-12-13 00:00:00', '2013-12-15 00:00:00', '2013-12-15 11:01:46', '11:12:00', 1, '-654', 3500, 0, 0, 0, '0', 0, '0', 1, 15, 'N', 3, 7),
(526, 60, 'Mr Shoaib Irfan', 'D', 2, '2013-12-14 00:00:00', '2013-12-16 00:00:00', '2013-12-15 13:44:53', '13:12:00', 1, '1', 4500, 0, 0, 0, '0', 0, '', 26, 15, '', 4, 7),
(528, 64, 'Mr Saleem mousani ', 'D', 3, '2013-12-15 00:00:00', '2013-12-16 00:00:00', '2013-12-15 16:37:37', '16:37:37', 1, '0', 4700, 0, 0, 0, '0', 0, '0', 1, 15, 'N', 1, 7),
(529, 64, 'Mr Saleem mousani ', 'D', 3, '2013-12-15 00:00:00', '2013-12-16 00:00:00', '2013-12-15 16:37:37', '16:37:37', 2, '0', 799, 0, 0, 0, '0', 0, '0', 1, 15, 'N', 1, 7),
(530, 65, 'Mr Saleem mousani ', 'D', 6, '2013-12-15 00:00:00', '2013-12-16 00:00:00', '2013-12-15 16:39:14', '16:39:14', 1, '0', 4700, 0, 0, 0, '0', 0, '0', 1, 15, 'N', 1, 7),
(531, 65, 'Mr Saleem mousani ', 'D', 6, '2013-12-15 00:00:00', '2013-12-16 00:00:00', '2013-12-15 16:39:14', '16:39:14', 2, '0', 799, 0, 0, 0, '0', 0, '0', 1, 15, 'N', 1, 7),
(532, 66, 'Mr Saleem mousani ', 'D', 8, '2013-12-15 00:00:00', '2013-12-16 00:00:00', '2013-12-15 16:47:16', '16:47:16', 1, '0', 4700, 0, 0, 0, '0', 0, '0', 1, 15, 'N', 1, 7),
(533, 66, 'Mr Saleem mousani ', 'D', 8, '2013-12-15 00:00:00', '2013-12-16 00:00:00', '2013-12-15 16:47:16', '16:47:16', 2, '0', 799, 0, 0, 0, '0', 0, '0', 1, 15, 'N', 1, 7),
(534, 66, 'Mr Saleem mousani ', 'D', 8, '2013-12-15 00:00:00', '2013-12-16 00:00:00', '2013-12-15 16:50:24', '16:12:00', 58, '23', 211, 0, 0, 0, '0', 0, '', 1, 15, '', 4, 7),
(535, 62, 'Mis Zahida Nasreen', 'O', 4, '2013-12-13 00:00:00', '2013-12-15 00:00:00', '2013-12-15 20:52:11', '20:12:00', 8, '2307', 234, 0, 0, 0, '0', 0, '', 1, 15, '', 4, 7),
(536, 67, 'Mr Muhammad Usman', 'D', 5, '2013-12-15 00:00:00', '2013-12-16 00:00:00', '2013-12-15 21:57:51', '21:57:51', 1, '0', 4500, 0, 0, 0, '0', 0, '0', 1, 15, 'N', 1, 7),
(537, 67, 'Mr Muhammad Usman', 'D', 5, '2013-12-15 00:00:00', '2013-12-16 00:00:00', '2013-12-15 21:57:51', '21:57:51', 2, '0', 765, 0, 0, 0, '0', 0, '0', 1, 15, 'N', 1, 7),
(538, 67, 'Mr Muhammad Usman', 'D', 5, '2013-12-15 00:00:00', '2013-12-16 00:00:00', '2013-12-15 21:59:31', '21:12:00', 3, '0', 0, 5000, 0, 0, '0', 0, '', 1, 15, '', 4, 7),
(539, 66, 'Mr Saleem moosani ', 'D', 8, '2013-12-15 00:00:00', '2013-12-16 00:00:00', '2013-12-16 09:12:20', '09:12:00', 8, '654', 644, 0, 0, 0, '0', 0, '', 1, 15, '', 4, 7),
(540, 64, 'Mr Saleem moosani ', 'D', 3, '2013-12-15 00:00:00', '2013-12-16 00:00:00', '2013-12-16 10:58:44', '10:58:46', 48, '64', 0, 5499, 0, 1, '0', 0, '0', 1, 15, '', 5, 7),
(541, 65, 'Mr Saleem moosani ', 'D', 6, '2013-12-15 00:00:00', '2013-12-16 00:00:00', '2013-12-16 10:58:56', '10:58:59', 48, '65', 0, 5499, 0, 0, '1', 0, '2', 1, 15, '', 5, 7),
(542, 63, 'Mr Saleem moosani ', 'D', 7, '2013-12-15 00:00:00', '2013-12-16 00:00:00', '2013-12-16 10:59:08', '10:59:13', 48, '63', 0, 5499, 0, 0, '1', 0, '2', 1, 15, '', 5, 7),
(543, 66, 'Mr Saleem moosani ', 'D', 8, '2013-12-15 00:00:00', '2013-12-16 00:00:00', '2013-12-16 10:59:20', '10:59:24', 48, '66', 0, 6354, 0, 0, '1', 0, '2', 1, 15, '', 5, 7),
(544, 62, 'Mis Zahida Nasreen', 'O', 4, '2013-12-13 00:00:00', '2013-12-15 00:00:00', '2013-12-15 11:01:19', '11:12:00', 8, '45', 500, 0, 0, 0, '0', 0, '', 1, 15, '', 3, 7),
(545, 60, 'Mr Shoaib Irfan', 'D', 2, '2013-12-14 00:00:00', '2013-12-16 00:00:00', '2013-12-16 12:42:38', '12:12:00', 9, '65', 152, 0, 0, 0, '0', 0, '', 26, 15, '', 4, 7),
(546, 60, 'Mr Shoaib Irfan', 'D', 2, '2013-12-14 00:00:00', '2013-12-16 00:00:00', '2013-12-16 12:50:04', '12:50:07', 48, '60', 0, 9152, 0, 1, '0', 0, '0', 26, 15, '', 5, 7),
(547, 68, 'MR IMTIAZ MUHAMMAD ', 'D', 2, '2013-12-16 00:00:00', '2013-12-18 00:00:00', '2013-12-16 18:12:29', '18:12:29', 1, '0', 4200, 0, 0, 0, '0', 0, '0', 33, 15, 'N', 1, 7),
(548, 68, 'MR IMTIAZ MUHAMMAD ', 'D', 2, '2013-12-16 00:00:00', '2013-12-18 00:00:00', '2013-12-16 18:12:29', '18:12:29', 2, '0', 714, 0, 0, 0, '0', 0, '0', 33, 15, 'N', 1, 7),
(549, 69, 'MR NOUSHER SHERAZ ', 'D', 6, '2013-12-16 00:00:00', '2013-12-17 00:00:00', '2013-12-16 18:14:14', '18:14:14', 1, '0', 4500, 0, 0, 0, '0', 0, '0', 1, 15, 'N', 1, 7),
(550, 69, 'MR NOUSHER SHERAZ ', 'D', 6, '2013-12-16 00:00:00', '2013-12-17 00:00:00', '2013-12-16 18:14:14', '18:14:14', 2, '0', 765, 0, 0, 0, '0', 0, '0', 1, 15, 'N', 1, 7),
(551, 70, 'Mr Asad Ahmed Burney', 'D', 1, '2013-12-16 00:00:00', '2013-12-17 00:00:00', '2013-12-16 20:25:41', '20:25:41', 1, '0', 4500, 0, 0, 0, '0', 0, '0', 1, 15, 'N', 1, 7),
(552, 70, 'Mr Asad Ahmed Burney', 'D', 1, '2013-12-16 00:00:00', '2013-12-17 00:00:00', '2013-12-16 20:25:52', '20:12:00', 34, '2310', 1200, 0, 0, 0, '0', 0, '', 1, 15, '', 4, 7),
(553, 71, 'MR AHSAN TUFAIL ', 'D', 3, '2013-12-16 00:00:00', '2013-12-17 00:00:00', '2013-12-16 20:46:45', '20:46:44', 1, '0', 5500, 0, 0, 0, '0', 0, '0', 1, 15, 'N', 1, 7),
(555, 67, 'Mr Muhammad Usman', 'D', 5, '2013-12-15 00:00:00', '2013-12-16 00:00:00', '2013-12-16 20:58:40', '20:58:43', 48, '67', 0, 265, 0, 1, '0', 0, '0', 1, 15, '', 5, 7),
(556, 72, 'MR HABIB UR REHMAN ', 'D', 8, '2013-12-16 00:00:00', '2013-12-18 00:00:00', '2013-12-16 21:01:49', '21:01:49', 1, '0', 4200, 0, 0, 0, '0', 0, '0', 8, 15, 'N', 1, 7),
(557, 72, 'MR HABIB UR REHMAN ', 'D', 8, '2013-12-16 00:00:00', '2013-12-18 00:00:00', '2013-12-16 21:01:49', '21:01:49', 2, '0', 714, 0, 0, 0, '0', 0, '0', 8, 15, 'N', 1, 7),
(558, 73, 'MR SUMAIR IDREES', 'D', 7, '2013-12-16 00:00:00', '2013-12-17 00:00:00', '2013-12-16 22:39:37', '22:39:37', 1, '0', 5500, 0, 0, 0, '0', 0, '0', 1, 15, 'N', 1, 7),
(559, 73, 'MR SUMAIR IDREES', 'D', 7, '2013-12-16 00:00:00', '2013-12-17 00:00:00', '2013-12-16 22:39:44', '22:12:00', 3, '0', 0, 5000, 0, 0, '0', 0, '', 1, 15, '', 4, 7),
(560, 70, 'Mr Asad Ahmed Burney', 'D', 1, '2013-12-16 00:00:00', '2013-12-17 00:00:00', '2013-12-16 23:08:10', '23:12:00', 34, '2311', 1045, 0, 0, 0, '0', 0, '', 1, 15, '', 4, 7),
(561, 62, 'Mis Zahida Nasreen', 'O', 4, '2013-12-13 00:00:00', '2013-12-15 00:00:00', '2013-12-16 22:48:35', '22:12:00', 1, '546', 3500, 0, 0, 0, '0', 0, '', 1, 15, '', 3, 7),
(562, 62, 'Mis Zahida Nasreen', 'O', 4, '2013-12-13 00:00:00', '2013-12-15 00:00:00', '2013-12-17 10:06:12', '10:12:00', 69, '45', 211, 0, 0, 0, '0', 0, '', 1, 15, '', 4, 7),
(565, 73, 'MR SUMAIR IDREES', 'D', 7, '2013-12-16 00:00:00', '2013-12-17 00:00:00', '2013-12-17 10:20:45', '10:12:00', 8, '465', 608, 0, 0, 0, '0', 0, '', 1, 15, '', 4, 7),
(566, 73, 'MR SUMAIR IDREES', 'D', 7, '2013-12-16 00:00:00', '2013-12-17 00:00:00', '2013-12-17 11:12:24', '11:12:00', 9, '465', 105, 0, 0, 0, '0', 0, '', 1, 15, '', 4, 7),
(567, 73, 'MR SUMAIR IDREES', 'D', 7, '2013-12-16 00:00:00', '2013-12-17 00:00:00', '2013-12-17 11:26:05', '11:26:09', 48, '73', 0, 1213, 0, 1, '0', 0, '0', 1, 15, '', 5, 7),
(568, 69, 'MR NOUSHER SHERAZ ', 'D', 6, '2013-12-16 00:00:00', '2013-12-17 00:00:00', '2013-12-17 11:26:37', '11:26:39', 48, '69', 0, 5265, 0, 1, '0', 0, '0', 1, 15, '', 5, 7),
(573, 70, 'Mr Asad Ahmed Burney', 'D', 1, '2013-12-16 00:00:00', '2013-12-17 00:00:00', '2013-12-17 12:17:44', '12:12:00', 9, '65', 181, 0, 0, 0, '0', 0, '', 1, 15, '', 4, 7),
(574, 70, 'Mr Asad Ahmed Burney', 'D', 1, '2013-12-16 00:00:00', '2013-12-17 00:00:00', '2013-12-17 13:40:04', '13:40:10', 48, '70', 0, 6926, 0, 0, '1', 0, '2', 1, 15, '', 5, 7),
(575, 71, 'MR AHSAN TUFAIL ', 'D', 5, '2013-12-16 00:00:00', '2013-12-17 00:00:00', '2013-12-17 13:40:22', '13:40:29', 48, '71', 0, 5500, 0, 0, '1', 0, '2', 1, 15, '', 5, 7),
(576, 74, 'MR SAMIM MONEB ', 'D', 6, '2013-12-17 00:00:00', '2013-12-20 00:00:00', '2013-12-17 19:08:37', '19:08:37', 1, '0', 5000, 0, 0, 0, '0', 0, '0', 1, 15, 'N', 1, 7),
(578, 72, 'MR HABIB UR REHMAN ', 'D', 8, '2013-12-16 00:00:00', '2013-12-18 00:00:00', '2013-12-17 19:09:29', '19:12:00', 1, '546', 4200, 0, 0, 0, '0', 0, '', 8, 15, '', 4, 7),
(579, 72, 'MR HABIB UR REHMAN ', 'D', 8, '2013-12-16 00:00:00', '2013-12-18 00:00:00', '2013-12-17 19:09:45', '19:12:00', 2, '654', 714, 0, 0, 0, '0', 0, '', 8, 15, '', 4, 7),
(580, 62, 'Mis Zahida Nasreen', 'O', 4, '2013-12-13 00:00:00', '2013-12-15 00:00:00', '2013-12-17 19:27:55', '19:12:00', 8, '645', 1341, 0, 0, 0, '0', 0, '', 1, 15, '', 4, 7),
(581, 75, 'MR WAQAS AKBAR ', 'D', 5, '2013-12-17 00:00:00', '2013-12-18 00:00:00', '2013-12-17 19:56:18', '19:56:18', 1, '0', 4200, 0, 0, 0, '0', 0, '0', 1, 15, 'N', 1, 7),
(582, 75, 'MR WAQAS AKBAR ', 'D', 5, '2013-12-17 00:00:00', '2013-12-18 00:00:00', '2013-12-17 19:56:18', '19:56:18', 2, '0', 714, 0, 0, 0, '0', 0, '0', 1, 15, 'N', 1, 7),
(583, 75, 'MR WAQAS AKBAR ', 'D', 5, '2013-12-17 00:00:00', '2013-12-18 00:00:00', '2013-12-17 20:00:16', '20:12:00', 8, '45', 386, 0, 0, 0, '0', 0, '', 1, 15, '', 4, 7),
(584, 68, 'MR IMTIAZ MUHAMMAD ', 'D', 2, '2013-12-16 00:00:00', '2013-12-18 00:00:00', '2013-12-17 20:17:04', '20:12:00', 1, '0', 4200, 0, 0, 0, '0', 0, '', 33, 15, '', 4, 7),
(585, 68, 'MR IMTIAZ MUHAMMAD ', 'D', 2, '2013-12-16 00:00:00', '2013-12-18 00:00:00', '2013-12-17 20:17:24', '20:12:00', 2, '0', 714, 0, 0, 0, '0', 0, '', 33, 15, '', 4, 7),
(586, 76, 'MR MOHAMMAD AMJAD KHAWAJA', 'D', 7, '2013-12-17 00:00:00', '2013-12-18 00:00:00', '2013-12-17 20:33:31', '20:33:31', 1, '0', 4500, 0, 0, 0, '0', 0, '0', 1, 15, 'N', 1, 7),
(587, 76, 'MR MOHAMMAD AMJAD KHAWAJA', 'D', 7, '2013-12-17 00:00:00', '2013-12-18 00:00:00', '2013-12-17 20:33:31', '20:33:31', 2, '0', 765, 0, 0, 0, '0', 0, '0', 1, 15, 'N', 1, 7),
(588, 76, 'MR MOHAMMAD AMJAD KHAWAJA', 'D', 7, '2013-12-17 00:00:00', '2013-12-18 00:00:00', '2013-12-17 22:01:21', '22:12:00', 8, '2318', 1030, 0, 0, 0, '0', 0, '', 1, 15, '', 4, 7),
(589, 77, 'MR AHMED AWAIS ', 'D', 1, '2013-12-17 00:00:00', '2013-12-18 00:00:00', '2013-12-17 22:04:17', '09:12:00', 1, '654', 4000, 0, 0, 0, '0', 0, '0', 1, 15, 'N', 3, 7),
(590, 77, 'MR AHMED AWAIS ', 'D', 1, '2013-12-17 00:00:00', '2013-12-18 00:00:00', '2013-12-17 22:04:17', '09:12:00', 2, '6465', 680, 0, 0, 0, '0', 0, '0', 1, 15, 'N', 3, 7),
(591, 78, 'MR KHADIM HUSSAIN', 'D', 3, '2013-12-17 00:00:00', '2013-12-19 00:00:00', '2013-12-17 02:15:28', '02:15:28', 1, '0', 6300, 0, 0, 0, '0', 0, '0', 1, 15, 'N', 1, 7),
(592, 68, 'MR IMTIAZ MUHAMMAD ', 'D', 2, '2013-12-16 00:00:00', '2013-12-18 00:00:00', '2013-12-18 08:37:30', '08:37:35', 19, '68', 0, 0, 9828, 0, '0', 0, '3', 33, 15, '', 5, 7),
(593, 76, 'MR MOHAMMAD AMJAD KHAWAJA', 'D', 7, '2013-12-17 00:00:00', '2013-12-18 00:00:00', '2013-12-18 10:06:22', '10:12:00', 9, '321', 105, 0, 0, 0, '0', 0, '', 1, 15, '', 4, 7),
(594, 77, 'MR AHMED AWAIS ', 'D', 1, '2013-12-17 00:00:00', '2013-12-18 00:00:00', '2013-12-18 10:14:59', '10:12:00', 9, '65', 105, 0, 0, 0, '0', 0, '', 1, 15, '', 4, 7),
(595, 77, 'MR AHMED AWAIS ', 'D', 1, '2013-12-17 00:00:00', '2013-12-18 00:00:00', '2013-12-18 10:25:11', '10:25:14', 48, '77', 0, 4785, 0, 1, '0', 0, '0', 1, 15, '', 5, 7),
(596, 76, 'MR MOHAMMAD AMJAD KHAWAJA', 'D', 7, '2013-12-17 00:00:00', '2013-12-18 00:00:00', '2013-12-18 10:25:28', '10:25:30', 48, '76', 0, 6400, 0, 1, '0', 0, '0', 1, 15, '', 5, 7),
(597, 72, 'MR HABIB UR REHMAN ', 'D', 8, '2013-12-16 00:00:00', '2013-12-18 00:00:00', '2013-12-18 10:25:37', '10:25:41', 19, '72', 0, 0, 9828, 0, '0', 0, '3', 8, 15, '', 5, 7),
(598, 75, 'MR WAQAS AKBAR ', 'D', 5, '2013-12-17 00:00:00', '2013-12-18 00:00:00', '2013-12-18 10:29:07', '10:12:00', 9, '32', 152, 0, 0, 0, '0', 0, '', 1, 15, '', 4, 7),
(599, 62, 'Mis Zahida Nasreen', 'O', 4, '2013-12-13 00:00:00', '2013-12-15 00:00:00', '2013-12-17 10:52:30', '10:52:30', 1, '-', 3500, 0, 0, 0, '0', 0, '0', 1, 15, 'N', 2, 7),
(601, 75, 'MR WAQAS AKBAR ', 'D', 5, '2013-12-17 00:00:00', '2013-12-18 00:00:00', '2013-12-17 10:52:30', '10:52:30', 1, '-', 4200, 0, 0, 0, '0', 0, '0', 1, 15, 'N', 2, 7),
(602, 75, 'MR WAQAS AKBAR ', 'D', 5, '2013-12-17 00:00:00', '2013-12-18 00:00:00', '2013-12-17 10:52:30', '10:52:30', 2, '-', 714, 0, 0, 0, '0', 0, '0', 1, 15, 'N', 2, 7),
(603, 75, 'MR WAQAS AKBAR ', 'D', 5, '2013-12-17 00:00:00', '2013-12-18 00:00:00', '2013-12-18 10:57:52', '10:57:57', 48, '75', 0, 10366, 0, 0, '1', 0, '2', 1, 15, '', 5, 7),
(604, 79, 'MR EJAZ HUSNAIN ', 'D', 1, '2013-12-18 00:00:00', '2013-12-20 00:00:00', '2013-12-18 11:00:04', '11:00:04', 1, '0', 4000, 0, 0, 0, '0', 0, '0', 1, 15, 'N', 1, 7),
(605, 79, 'MR EJAZ HUSNAIN ', 'D', 1, '2013-12-18 00:00:00', '2013-12-20 00:00:00', '2013-12-18 11:00:04', '11:00:04', 2, '0', 680, 0, 0, 0, '0', 0, '0', 1, 15, 'N', 1, 7),
(606, 62, 'Mis Zahida Nasreen', 'O', 4, '2013-12-13 00:00:00', '2013-12-15 00:00:00', '2013-12-18 14:34:19', '14:12:00', 28, '0', 2500, 0, 0, 0, '0', 0, '', 1, 15, '', 4, 7),
(607, 80, 'MR ARIF MAQSOOD', 'D', 5, '2013-12-18 00:00:00', '2013-12-19 00:00:00', '2013-12-18 18:15:59', '18:15:59', 1, '0', 4500, 0, 0, 0, '0', 0, '0', 1, 15, 'N', 1, 7),
(608, 78, 'MR KHADIM HUSSAIN', 'D', 3, '2013-12-17 00:00:00', '2013-12-19 00:00:00', '2013-12-18 18:16:20', '18:12:00', 1, '654', 6300, 0, 0, 0, '0', 0, '', 1, 15, '', 4, 7),
(609, 81, 'MR KHADIM HUSSAIN ', 'D', 2, '2013-12-18 00:00:00', '2013-12-19 00:00:00', '2013-12-18 18:18:38', '18:18:38', 1, '0', 6300, 0, 0, 0, '0', 0, '0', 1, 15, 'N', 1, 7),
(610, 74, 'MR SAMIM MONEB ', 'D', 6, '2013-12-17 00:00:00', '2013-12-20 00:00:00', '2013-12-18 18:28:47', '18:12:00', 1, '564', 5000, 0, 0, 0, '0', 0, '', 1, 15, '', 4, 7),
(611, 62, 'Mis Zahida Nasreen', 'O', 4, '2013-12-13 00:00:00', '2013-12-15 00:00:00', '2013-12-18 18:29:17', '18:12:00', 1, '654', 4000, 0, 0, 0, '0', 0, '', 1, 15, '', 4, 7),
(612, 62, 'Mis Zahida Nasreen', 'O', 4, '2013-12-13 00:00:00', '2013-12-15 00:00:00', '2013-12-18 18:29:28', '18:12:00', 8, '56', 1052, 0, 0, 0, '0', 0, '', 1, 15, '', 4, 7),
(613, 79, 'MR EJAZ HUSNAIN ', 'D', 1, '2013-12-18 00:00:00', '2013-12-20 00:00:00', '2013-12-18 18:30:01', '18:12:00', 8, '564', 380, 0, 0, 0, '0', 0, '', 1, 15, '', 4, 7),
(614, 80, 'MR ARIF MAQSOOD', 'D', 5, '2013-12-18 00:00:00', '2013-12-19 00:00:00', '2013-12-18 20:23:22', '20:12:00', 8, '654', 913, 0, 0, 0, '0', 0, '', 1, 15, '', 4, 7),
(615, 62, 'Mis Zahida Nasreen', 'O', 4, '2013-12-13 00:00:00', '2013-12-15 00:00:00', '2013-12-18 21:58:00', '21:12:00', 8, '2322', 562, 0, 0, 0, '0', 0, '', 1, 15, '', 4, 7),
(616, 78, 'MR KHADIM HUSSAIN', 'D', 3, '2013-12-17 00:00:00', '2013-12-19 00:00:00', '2013-12-18 22:29:54', '22:12:00', 8, '2324', 2139, 0, 0, 0, '0', 0, '', 1, 15, '', 4, 7),
(617, 82, 'MR GHULAM MUSTAFAABRO', 'D', 7, '2013-12-18 00:00:00', '2013-12-19 00:00:00', '2013-12-18 22:37:35', '22:37:35', 1, '0', 4200, 0, 0, 0, '0', 0, '0', 34, 15, 'N', 1, 7),
(618, 82, 'MR GHULAM MUSTAFAABRO', 'D', 7, '2013-12-18 00:00:00', '2013-12-19 00:00:00', '2013-12-18 22:37:35', '22:37:35', 2, '0', 714, 0, 0, 0, '0', 0, '0', 34, 15, 'N', 1, 7),
(619, 83, 'MR ZAFAR HAMEED ISMAIL', 'D', 8, '2013-12-18 00:00:00', '2013-12-21 00:00:00', '2013-12-18 22:43:23', '22:43:23', 1, '0', 4200, 0, 0, 0, '0', 0, '0', 34, 15, 'N', 1, 7),
(620, 83, 'MR ZAFAR HAMEED ISMAIL', 'D', 8, '2013-12-18 00:00:00', '2013-12-21 00:00:00', '2013-12-18 22:43:23', '22:43:23', 2, '0', 714, 0, 0, 0, '0', 0, '0', 34, 15, 'N', 1, 7),
(621, 83, 'MR ZAFAR HAMEED ISMAIL', 'D', 8, '2013-12-18 00:00:00', '2013-12-21 00:00:00', '2013-12-18 22:43:50', '22:12:00', 34, '2323', 1200, 0, 0, 0, '0', 0, '', 34, 15, '', 4, 7),
(622, 62, 'Mis Zahida Nasreen', 'O', 4, '2013-12-13 00:00:00', '2013-12-15 00:00:00', '2013-12-18 23:45:05', '23:12:00', 8, '2327', 776, 0, 0, 0, '0', 0, '', 1, 15, '', 4, 7),
(623, 83, 'MR ZAFAR HAMEED ISMAIL', 'D', 8, '2013-12-18 00:00:00', '2013-12-21 00:00:00', '2013-12-18 23:51:19', '23:12:00', 8, '2328', 386, 0, 0, 0, '0', 0, '', 34, 15, '', 4, 7),
(624, 78, 'MR KHADIM HUSSAIN', 'D', 3, '2013-12-17 00:00:00', '2013-12-19 00:00:00', '2013-12-18 23:55:42', '23:12:00', 8, '2325', 585, 0, 0, 0, '0', 0, '', 1, 15, '', 4, 7),
(625, 78, 'MR KHADIM HUSSAIN', 'D', 3, '2013-12-17 00:00:00', '2013-12-19 00:00:00', '2013-12-19 00:39:50', '00:12:00', 9, '2329', 211, 0, 0, 0, '0', 0, '', 1, 15, '', 4, 7),
(626, 82, 'MR GHULAM MUSTAFAABRO', 'D', 7, '2013-12-18 00:00:00', '2013-12-19 00:00:00', '2013-12-19 05:11:08', '05:12:00', 34, '2330', 1200, 0, 0, 0, '0', 0, '', 34, 15, '', 4, 7),
(627, 82, 'MR GHULAM MUSTAFAABRO', 'D', 7, '2013-12-18 00:00:00', '2013-12-19 00:00:00', '2013-12-19 05:39:46', '05:12:00', 9, '2331', 76, 0, 0, 0, '0', 0, '', 34, 15, '', 4, 7),
(628, 80, 'MR ARIF MAQSOOD', 'D', 5, '2013-12-18 00:00:00', '2013-12-19 00:00:00', '2013-12-18 06:26:30', '06:12:00', 4, '0', 500, 0, 0, 0, '0', 0, '', 1, 15, '', 3, 7),
(629, 80, 'MR ARIF MAQSOOD', 'D', 5, '2013-12-18 00:00:00', '2013-12-19 00:00:00', '2013-12-19 06:42:27', '06:12:00', 9, '0', 105, 0, 0, 0, '0', 0, '', 1, 15, '', 4, 7),
(630, 80, 'MR ARIF MAQSOOD', 'D', 5, '2013-12-18 00:00:00', '2013-12-19 00:00:00', '2013-12-19 09:46:10', '09:46:15', 48, '80', 0, 6018, 0, 0, '1', 0, '2', 1, 15, '', 5, 7),
(631, 82, 'MR GHULAM MUSTAFAABRO', 'D', 7, '2013-12-18 00:00:00', '2013-12-19 00:00:00', '2013-12-19 09:46:28', '09:46:38', 19, '82', 0, 0, 6190, 0, '0', 0, '3', 34, 15, '', 5, 7),
(633, 78, 'MR KHADIM HUSSAIN', 'D', 3, '2013-12-17 00:00:00', '2013-12-19 00:00:00', '2013-12-19 10:13:52', '10:13:58', 48, '78', 0, 15535, 0, 1, '0', 0, '0', 1, 15, '', 5, 7),
(634, 81, 'MR KHADIM HUSSAIN ', 'D', 2, '2013-12-18 00:00:00', '2013-12-19 00:00:00', '2013-12-19 10:14:07', '10:14:10', 48, '81', 0, 6300, 0, 1, '0', 0, '0', 1, 15, '', 5, 7),
(635, 62, 'Mis Zahida Nasreen', 'O', 4, '2013-12-13 00:00:00', '2013-12-15 00:00:00', '2013-12-19 18:51:41', '18:12:00', 1, '-546', 4000, 0, 0, 0, '0', 0, '0', 1, 15, 'N', 3, 7),
(637, 74, 'MR SAMIM MONEB ', 'D', 6, '2013-12-17 00:00:00', '2013-12-20 00:00:00', '2013-12-19 18:35:20', '18:12:00', 1, '-654', 5000, 0, 0, 0, '0', 0, '0', 1, 15, 'N', 3, 7),
(639, 84, 'Mr Saleem moosani ', 'D', 3, '2013-12-19 00:00:00', '2013-12-20 00:00:00', '2013-12-19 17:15:09', '14:12:00', 1, '654', 22347, 0, 0, 0, '0', 0, '0', 1, 15, 'N', 3, 7),
(641, 84, 'Mr Saleem moosani ', 'D', 3, '2013-12-19 00:00:00', '2013-12-20 00:00:00', '2013-12-19 18:50:34', '18:12:00', 8, '654', 1544, 0, 0, 0, '0', 0, '', 1, 15, '', 4, 7),
(642, 62, 'Mis Zahida Nasreen', 'O', 4, '2013-12-13 00:00:00', '2013-12-15 00:00:00', '2013-12-19 18:51:53', '18:12:00', 8, '654', 1496, 0, 0, 0, '0', 0, '', 1, 15, '', 4, 7),
(643, 74, 'MR SAMIM MONEB ', 'D', 6, '2013-12-17 00:00:00', '2013-12-20 00:00:00', '2013-12-19 20:25:53', '20:12:00', 3, '0', 0, 15000, 0, 0, '0', 0, '', 1, 15, '', 4, 7),
(644, 83, 'MR ZAFAR HAMEED ISMAIL', 'D', 8, '2013-12-18 00:00:00', '2013-12-21 00:00:00', '2013-12-19 22:33:26', '22:12:00', 8, '2335', 328, 0, 0, 0, '0', 0, '', 34, 15, '', 4, 7),
(645, 83, 'MR ZAFAR HAMEED ISMAIL', 'D', 8, '2013-12-18 00:00:00', '2013-12-21 00:00:00', '2013-12-19 23:04:23', '23:12:00', 135, '2336', 269, 0, 0, 0, '0', 0, '', 34, 15, '', 4, 7),
(646, 83, 'MR ZAFAR HAMEED ISMAIL', 'D', 8, '2013-12-18 00:00:00', '2013-12-21 00:00:00', '2013-12-19 23:45:09', '23:12:00', 8, '2337', 70, 0, 0, 0, '0', 0, '', 34, 15, '', 4, 7),
(647, 85, 'Mr Saleem moosani ', 'D', 5, '2013-12-19 00:00:00', '2013-12-20 00:00:00', '2013-12-19 08:12:52', '08:12:52', 1, '0', 5000, 0, 0, 0, '0', 0, '0', 1, 15, 'N', 1, 7),
(648, 85, 'Mr Saleem moosani ', 'D', 5, '2013-12-19 00:00:00', '2013-12-20 00:00:00', '2013-12-19 08:12:52', '08:12:52', 2, '0', 850, 0, 0, 0, '0', 0, '0', 1, 15, 'N', 1, 7),
(649, 74, 'MR SAMIM MONEB ', 'D', 6, '2013-12-17 00:00:00', '2013-12-20 00:00:00', '2013-12-20 09:44:52', '09:44:54', 48, '74', 0, 0, 0, 1, '0', 0, '0', 1, 15, '', 5, 7),
(651, 79, 'MR EJAZ HUSNAIN ', 'D', 1, '2013-12-18 00:00:00', '2013-12-20 00:00:00', '2013-12-19 10:28:28', '10:28:28', 1, '-', 4000, 0, 0, 0, '0', 0, '0', 1, 15, 'N', 2, 7),
(652, 79, 'MR EJAZ HUSNAIN ', 'D', 1, '2013-12-18 00:00:00', '2013-12-20 00:00:00', '2013-12-19 10:28:28', '10:28:28', 2, '-', 680, 0, 0, 0, '0', 0, '0', 1, 15, 'N', 2, 7),
(653, 83, 'MR ZAFAR HAMEED ISMAIL', 'D', 8, '2013-12-18 00:00:00', '2013-12-21 00:00:00', '2013-12-19 10:28:28', '10:28:28', 1, '-', 4200, 0, 0, 0, '0', 0, '0', 34, 15, 'N', 2, 7),
(654, 83, 'MR ZAFAR HAMEED ISMAIL', 'D', 8, '2013-12-18 00:00:00', '2013-12-21 00:00:00', '2013-12-19 10:28:28', '10:28:28', 2, '-', 714, 0, 0, 0, '0', 0, '0', 34, 15, 'N', 2, 7),
(655, 85, 'Mr Saleem moosani ', 'D', 5, '2013-12-19 00:00:00', '2013-12-20 00:00:00', '2013-12-20 10:29:44', '10:12:00', 34, '64', 12000, 0, 0, 0, '0', 0, '', 1, 15, '', 4, 7),
(656, 86, 'mr azam gul  ', 'D', 6, '2013-12-20 00:00:00', '2013-12-20 00:00:00', '2013-12-20 11:10:44', '11:10:44', 1, '0', 4500, 0, 0, 0, '0', 0, '0', 1, 15, 'N', 1, 7),
(657, 86, 'mr azam gul  ', 'D', 6, '2013-12-20 00:00:00', '2013-12-20 00:00:00', '2013-12-20 11:10:44', '11:10:44', 2, '0', 765, 0, 0, 0, '0', 0, '0', 1, 15, 'N', 1, 7),
(658, 84, 'Mr Saleem moosani ', 'D', 3, '2013-12-19 00:00:00', '2013-12-20 00:00:00', '2013-12-20 15:07:20', '15:07:24', 48, '84', 0, 23891, 0, 0, '1', 0, '2', 1, 15, '', 5, 7),
(659, 85, 'Mr Saleem moosani ', 'D', 5, '2013-12-19 00:00:00', '2013-12-20 00:00:00', '2013-12-20 15:07:50', '15:07:55', 48, '85', 0, 17850, 0, 0, '1', 0, '2', 1, 15, '', 5, 7),
(660, 86, 'mr azam gul  ', 'D', 6, '2013-12-20 00:00:00', '2013-12-20 00:00:00', '2013-12-20 15:45:52', '15:45:55', 48, '86', 0, 5265, 0, 1, '0', 0, '0', 1, 15, '', 5, 7),
(661, 79, 'MR EJAZ HUSNAIN ', 'D', 1, '2013-12-18 00:00:00', '2013-12-20 00:00:00', '2013-12-20 17:30:41', '17:12:00', 34, '546', 1200, 0, 0, 0, '0', 0, '', 1, 15, '', 4, 7),
(662, 79, 'MR EJAZ HUSNAIN ', 'D', 1, '2013-12-18 00:00:00', '2013-12-20 00:00:00', '2013-12-20 20:13:50', '20:13:52', 48, '79', 0, 10940, 0, 1, '0', 0, '0', 1, 15, '', 5, 7),
(663, 83, 'MR ZAFAR HAMEED ISMAIL', 'D', 8, '2013-12-18 00:00:00', '2013-12-21 00:00:00', '2013-12-20 20:15:45', '20:12:00', 1, '654', 4200, 0, 0, 0, '0', 0, '', 34, 15, '', 4, 7),
(664, 83, 'MR ZAFAR HAMEED ISMAIL', 'D', 8, '2013-12-18 00:00:00', '2013-12-21 00:00:00', '2013-12-20 20:15:57', '20:12:00', 2, '564', 714, 0, 0, 0, '0', 0, '', 34, 15, '', 4, 7),
(665, 83, 'MR ZAFAR HAMEED ISMAIL', 'D', 8, '2013-12-18 00:00:00', '2013-12-21 00:00:00', '2013-12-20 20:16:08', '20:12:00', 10, '654', 280, 0, 0, 0, '0', 0, '', 34, 15, '', 4, 7),
(666, 87, 'mr arshad khan ', 'D', 7, '2013-12-20 00:00:00', '2013-12-21 00:00:00', '2013-12-20 22:17:47', '22:17:47', 1, '0', 4200, 0, 0, 0, '0', 0, '0', 1, 15, 'N', 1, 7),
(667, 87, 'mr arshad khan ', 'D', 7, '2013-12-20 00:00:00', '2013-12-21 00:00:00', '2013-12-20 22:17:47', '22:17:47', 2, '0', 714, 0, 0, 0, '0', 0, '0', 1, 15, 'N', 1, 7),
(668, 87, 'mr arshad khan ', 'D', 7, '2013-12-20 00:00:00', '2013-12-21 00:00:00', '2013-12-21 08:16:34', '08:12:00', 8, '654', 293, 0, 0, 0, '0', 0, '', 1, 15, '', 4, 7),
(669, 87, 'mr arshad khan ', 'D', 7, '2013-12-20 00:00:00', '2013-12-21 00:00:00', '2013-12-21 08:17:44', '08:12:00', 9, '123', 76, 0, 0, 0, '0', 0, '', 1, 15, '', 4, 7),
(670, 88, 'mr saad abbas ', 'D', 6, '2013-12-20 00:00:00', '2013-12-21 00:00:00', '2013-12-20 08:33:04', '08:33:04', 1, '0', 4500, 0, 0, 0, '0', 0, '0', 1, 15, 'N', 1, 7),
(671, 87, 'mr arshad khan ', 'D', 7, '2013-12-20 00:00:00', '2013-12-21 00:00:00', '2013-12-21 08:44:45', '08:44:47', 48, '87', 0, 5283, 0, 1, '0', 0, '0', 1, 15, '', 5, 7),
(672, 62, 'Mis Zahida Nasreen', 'O', 4, '2013-12-13 00:00:00', '2013-12-20 00:00:00', '2013-12-20 12:00:42', '00:12:00', 1, '0', 4000, 0, 0, 0, '0', 0, '0', 1, 15, 'N', 3, 7),
(673, 83, 'MR ZAFAR HAMEED ISMAIL', 'D', 8, '2013-12-18 00:00:00', '2013-12-21 00:00:00', '2013-12-21 13:47:04', '13:12:00', 1, '-654', 4200, 0, 0, 0, '0', 0, '0', 34, 15, 'N', 3, 7),
(674, 83, 'MR ZAFAR HAMEED ISMAIL', 'D', 8, '2013-12-18 00:00:00', '2013-12-21 00:00:00', '2013-12-21 13:47:18', '13:12:00', 2, '-564', 714, 0, 0, 0, '0', 0, '0', 34, 15, 'N', 3, 7),
(675, 89, 'MR KHADIM HUSSAIN ', 'D', 5, '2013-12-21 00:00:00', '2002-09-24 00:00:00', '2013-12-21 13:40:34', '13:40:34', 1, '0', 24000, 0, 0, 0, '0', 0, '0', 1, 15, 'N', 1, 7),
(676, 62, 'Mis Zahida Nasreen', 'O', 4, '2013-12-13 00:00:00', '2013-12-20 00:00:00', '2013-12-21 13:46:22', '13:12:00', 1, '654', 4000, 0, 0, 0, '0', 0, '', 1, 15, '', 4, 7),
(677, 88, 'mr saad abbas ', 'D', 6, '2013-12-20 00:00:00', '2013-12-21 00:00:00', '2013-12-21 14:51:10', '14:51:11', 48, '88', 0, 4500, 0, 1, '0', 0, '0', 1, 15, '', 5, 7),
(678, 89, 'MR KHADIM HUSSAIN ', 'D', 5, '2013-12-21 00:00:00', '2002-09-24 00:00:00', '2013-12-21 18:25:27', '18:12:00', 8, '546', 1966, 0, 0, 0, '0', 0, '', 1, 15, '', 4, 7),
(679, 90, 'mr bilal anjum', 'D', 6, '2013-12-21 00:00:00', '2013-12-22 00:00:00', '2013-12-21 21:19:23', '21:19:23', 1, '0', 4500, 0, 0, 0, '0', 0, '0', 1, 15, 'N', 1, 7),
(680, 90, 'mr bilal anjum', 'D', 6, '2013-12-21 00:00:00', '2013-12-22 00:00:00', '2013-12-21 21:19:23', '21:19:23', 2, '0', 765, 0, 0, 0, '0', 0, '0', 1, 15, 'N', 1, 7),
(681, 83, 'MR ZAFAR HAMEED ISMAIL', 'D', 8, '2013-12-18 00:00:00', '2013-12-21 00:00:00', '2013-12-21 21:19:32', '21:19:35', 19, '83', 0, 0, 22189, 0, '0', 0, '3', 34, 15, '', 5, 7),
(682, 90, 'mr bilal anjum', 'D', 6, '2013-12-21 00:00:00', '2013-12-22 00:00:00', '2013-12-22 09:01:48', '09:01:53', 48, '90', 0, 5265, 0, 0, '1', 0, '2', 1, 15, '', 5, 7),
(684, 62, 'Mis Zahida Nasreen', 'O', 4, '2013-12-13 00:00:00', '2013-12-20 00:00:00', '2013-12-22 09:03:51', '09:12:00', 1, '65', 4000, 0, 0, 0, '0', 0, '', 1, 15, '', 4, 7),
(685, 89, 'MR KHADIM HUSSAIN ', 'D', 5, '2013-12-21 00:00:00', '2002-09-24 00:00:00', '2013-12-22 17:05:08', '17:12:00', 1, '546', 18000, 0, 0, 0, '0', 0, '', 1, 15, '', 4, 7),
(687, 91, 'MIS HINA SARWAR ', 'D', 1, '2013-12-22 00:00:00', '2013-12-28 00:00:00', '2013-12-22 17:56:33', '00:12:00', 1, '987', 4500, 0, 0, 0, '0', 0, '0', 21, 15, 'N', 3, 7),
(688, 91, 'MIS HINA SARWAR ', 'D', 1, '2013-12-22 00:00:00', '2013-12-28 00:00:00', '2013-12-22 17:56:33', '00:12:00', 2, '465', 765, 0, 0, 0, '0', 0, '0', 21, 15, 'N', 3, 7),
(689, 89, 'MR KHADIM HUSSAIN ', 'D', 5, '2013-12-21 00:00:00', '2002-09-24 00:00:00', '2013-12-22 18:17:57', '18:12:00', 3, '564', 0, 10000, 0, 0, '0', 0, '', 1, 15, '', 4, 7),
(690, 92, 'mr zain ahmed ', 'D', 8, '2013-12-22 00:00:00', '2013-12-27 00:00:00', '2013-12-22 20:52:40', '10:12:00', 1, '44', 4000, 0, 0, 0, '0', 0, '0', 25, 15, 'N', 3, 7),
(691, 92, 'mr zain ahmed ', 'D', 8, '2013-12-22 00:00:00', '2013-12-27 00:00:00', '2013-12-22 20:52:40', '10:12:00', 2, '54', 680, 0, 0, 0, '0', 0, '0', 25, 15, 'N', 3, 7),
(692, 93, 'mr mian tariq ', 'D', 7, '2013-12-22 00:00:00', '2013-12-24 00:00:00', '2013-12-22 09:33:01', '01:09:00', 1, '231', 5000, 0, 0, 0, '0', 0, '0', 1, 15, 'N', 3, 7),
(694, 89, 'MR KHADIM HUSSAIN ', 'D', 5, '2013-12-21 00:00:00', '2002-09-24 00:00:00', '2002-09-24 11:08:08', '11:08:12', 48, '89', 0, 33966, 0, 1, '0', 0, '0', 1, 15, '', 5, 7),
(695, 94, 'MR ADEEL MALIK ', 'O', 2, '2013-12-22 00:00:00', '2013-12-26 00:00:00', '2013-12-23 00:05:38', '00:12:00', 1, '0654', 4500, 0, 0, 0, '0', 0, '0', 1, 15, 'N', 3, 7),
(697, 93, 'mr mian tariq ', 'D', 5, '2013-12-22 00:00:00', '2013-12-24 00:00:00', '2013-12-23 00:04:48', '00:12:00', 9, '654', 105, 0, 0, 0, '0', 0, '', 1, 15, '', 4, 7),
(702, 62, 'Mis Zahida Nasreen', 'O', 4, '2013-12-13 00:00:00', '2013-12-20 00:00:00', '2013-12-23 00:08:28', '00:12:00', 1, '46', 4000, 0, 0, 0, '0', 0, '', 1, 15, '', 3, 7),
(703, 91, 'MIS HINA SARWAR ', 'D', 1, '2013-12-22 00:00:00', '2013-12-28 00:00:00', '2013-12-23 00:09:09', '00:12:00', 1, '456', 4500, 0, 0, 0, '0', 0, '', 21, 15, '', 4, 7),
(704, 91, 'MIS HINA SARWAR ', 'D', 1, '2013-12-22 00:00:00', '2013-12-28 00:00:00', '2013-12-23 10:20:31', '10:12:00', 2, '46', 765, 0, 0, 0, '0', 0, '', 21, 15, '', 3, 7),
(705, 92, 'mr zain ahmed ', 'D', 8, '2013-12-22 00:00:00', '2013-12-27 00:00:00', '2013-12-23 00:10:09', '10:12:00', 1, '645', 4000, 0, 0, 0, '0', 0, '', 25, 15, '', 3, 7),
(706, 92, 'mr zain ahmed ', 'D', 8, '2013-12-22 00:00:00', '2013-12-27 00:00:00', '2013-12-23 00:11:31', '10:12:00', 2, '546', 680, 0, 0, 0, '0', 0, '', 25, 15, '', 3, 7),
(707, 95, 'MR MIRZA FAHD', 'D', 3, '2013-12-23 00:00:00', '2013-12-24 00:00:00', '2013-12-23 01:43:52', '01:43:52', 1, '0', 5000, 0, 0, 0, '0', 0, '0', 1, 15, 'N', 1, 7),
(709, 94, 'MR ADEEL MALIK ', 'O', 6, '2013-12-22 00:00:00', '2013-12-26 00:00:00', '2013-12-23 04:24:10', '04:12:00', 59, '987', 105, 0, 0, 0, '0', 0, '', 1, 15, '', 4, 7),
(710, 94, 'MR ADEEL MALIK ', 'O', 6, '2013-12-22 00:00:00', '2013-12-26 00:00:00', '2013-12-23 04:55:47', '04:12:00', 8, '65', 304, 0, 0, 0, '0', 0, '', 1, 15, '', 4, 7),
(711, 96, 'MR KHURRAM HUSSAIN ', 'D', 2, '2013-12-23 00:00:00', '2013-12-24 00:00:00', '2013-12-23 06:16:51', '06:16:51', 1, '0', 4500, 0, 0, 0, '0', 0, '0', 1, 15, 'N', 1, 7),
(713, 96, 'MR KHURRAM HUSSAIN ', 'D', 2, '2013-12-23 00:00:00', '2013-12-24 00:00:00', '2013-12-23 07:14:39', '07:12:00', 8, '5654', 316, 0, 0, 0, '0', 0, '', 1, 15, '', 4, 7);
INSERT INTO `hms_guest_ledger` (`id`, `chkin_id`, `guest_name`, `room_status`, `room_id`, `chkin_date`, `chkout_date`, `c_date`, `c_time`, `service_id`, `remarks`, `debit`, `credit`, `balance`, `cash_paid`, `credit_card`, `credit_card_no`, `btc`, `company_id`, `user_id`, `late_out`, `day_close`, `branch_id`) VALUES
(715, 91, 'MIS HINA SARWAR ', 'D', 1, '2013-12-22 00:00:00', '2013-12-28 00:00:00', '2013-12-24 19:14:17', '19:12:00', 1, '144', 4500, 0, 0, 0, '0', 0, '0', 21, 15, 'N', 3, 7),
(718, 93, 'mr mian tariq ', 'D', 5, '2013-12-22 00:00:00', '2013-12-24 00:00:00', '2013-12-23 09:41:04', '09:12:00', 1, '-4', 5000, 0, 0, 0, '0', 0, '0', 1, 15, 'N', 3, 7),
(720, 95, 'MR MIRZA FAHD', 'D', 3, '2013-12-23 00:00:00', '2013-12-24 00:00:00', '2013-12-24 09:41:38', '09:41:40', 48, '95', 0, 5000, 0, 1, '0', 0, '0', 1, 15, '', 5, 7),
(721, 96, 'MR KHURRAM HUSSAIN ', 'D', 2, '2013-12-23 00:00:00', '2013-12-24 00:00:00', '2013-12-24 12:31:02', '12:12:00', 9, '65', 380, 0, 0, 0, '0', 0, '', 1, 15, '', 4, 7),
(722, 96, 'MR KHURRAM HUSSAIN ', 'D', 2, '2013-12-23 00:00:00', '2013-12-24 00:00:00', '2013-12-24 12:31:28', '12:12:00', 3, '546', 0, 4500, 0, 0, '0', 0, '', 1, 15, '', 4, 7),
(723, 96, 'MR KHURRAM HUSSAIN ', 'D', 2, '2013-12-23 00:00:00', '2013-12-24 00:00:00', '2013-12-24 01:05:02', '01:05:04', 48, '96', 0, 696, 0, 1, '0', 0, '0', 1, 15, '', 5, 7),
(724, 93, 'mr mian tariq ', 'D', 5, '2013-12-22 00:00:00', '2013-12-24 00:00:00', '2013-12-24 03:15:36', '03:15:45', 48, '93', 0, 10105, 0, 1, '0', 0, '0', 1, 15, '', 5, 7),
(725, 97, 'syed shahrukh iqbal ', 'D', 3, '2013-12-24 00:00:00', '2013-12-27 00:00:00', '2013-12-24 03:18:37', '03:18:37', 1, '0', 4500, 0, 0, 0, '0', 0, '0', 1, 15, 'N', 1, 7),
(726, 97, 'syed shahrukh iqbal ', 'D', 3, '2013-12-24 00:00:00', '2013-12-27 00:00:00', '2013-12-24 18:03:15', '18:12:00', 8, '798', 1708, 0, 0, 0, '0', 0, '', 1, 15, '', 4, 7),
(727, 98, 'mr faisal mohammed ', 'D', 2, '2013-12-24 00:00:00', '2013-12-26 00:00:00', '2013-12-24 18:55:16', '18:55:15', 1, '0', 4700, 0, 0, 0, '0', 0, '0', 1, 15, 'N', 1, 7),
(728, 98, 'mr faisal mohammed ', 'D', 2, '2013-12-24 00:00:00', '2013-12-26 00:00:00', '2013-12-24 18:55:16', '18:55:15', 2, '0', 799, 0, 0, 0, '0', 0, '0', 1, 15, 'N', 1, 7),
(729, 99, 'mr faisal mohammed ', 'D', 7, '2013-12-24 00:00:00', '2013-12-28 00:00:00', '2013-12-24 18:56:22', '18:56:22', 1, '0', 4700, 0, 0, 0, '0', 0, '0', 1, 15, 'N', 1, 7),
(730, 99, 'mr faisal mohammed ', 'D', 7, '2013-12-24 00:00:00', '2013-12-28 00:00:00', '2013-12-24 18:56:22', '18:56:22', 2, '0', 799, 0, 0, 0, '0', 0, '0', 1, 15, 'N', 1, 7),
(731, 94, 'MR ADEEL MALIK ', 'O', 6, '2013-12-22 00:00:00', '2013-12-26 00:00:00', '2013-12-24 19:11:22', '19:12:00', 1, '54', 4500, 0, 0, 0, '0', 0, '', 1, 15, '', 4, 7),
(732, 94, 'MR ADEEL MALIK ', 'O', 6, '2013-12-22 00:00:00', '2013-12-26 00:00:00', '2013-12-24 19:11:42', '19:12:00', 8, '654', 450, 0, 0, 0, '0', 0, '', 1, 15, '', 4, 7),
(733, 62, 'Mis Zahida Nasreen', 'O', 4, '2013-12-13 00:00:00', '2013-12-25 00:00:00', '2013-12-24 19:12:35', '19:12:00', 8, '21', 1750, 0, 0, 0, '0', 0, '', 1, 15, '', 4, 7),
(734, 62, 'Mis Zahida Nasreen', 'O', 4, '2013-12-13 00:00:00', '2013-12-25 00:00:00', '2013-12-24 19:13:12', '19:12:00', 1, '465', 4000, 0, 0, 0, '0', 0, '', 1, 15, '', 4, 7),
(735, 97, 'syed shahrukh iqbal ', 'D', 3, '2013-12-24 00:00:00', '2013-12-27 00:00:00', '2013-12-24 19:29:07', '19:12:00', 71, '2351', 216, 0, 0, 0, '0', 0, '', 1, 15, '', 4, 7),
(736, 94, 'MR ADEEL MALIK ', 'O', 6, '2013-12-22 00:00:00', '2013-12-26 00:00:00', '2013-12-24 21:15:01', '21:12:00', 69, '2353', 211, 0, 0, 0, '0', 0, '', 1, 15, '', 4, 7),
(737, 98, 'mr faisal mohammed ', 'D', 2, '2013-12-24 00:00:00', '2013-12-26 00:00:00', '2013-12-24 21:16:32', '21:12:00', 8, '2352', 3036, 0, 0, 0, '0', 0, '', 1, 15, '', 4, 7),
(738, 94, 'MR ADEEL MALIK ', 'O', 6, '2013-12-22 00:00:00', '2013-12-26 00:00:00', '2013-12-24 21:28:23', '21:12:00', 142, '2354', 105, 0, 0, 0, '0', 0, '', 1, 15, '', 4, 7),
(739, 97, 'syed shahrukh iqbal ', 'D', 3, '2013-12-24 00:00:00', '2013-12-27 00:00:00', '2013-12-24 22:05:20', '22:12:00', 8, '2355', 140, 0, 0, 0, '0', 0, '', 1, 15, '', 4, 7),
(740, 94, 'MR ADEEL MALIK ', 'O', 6, '2013-12-22 00:00:00', '2013-12-26 00:00:00', '2013-12-24 23:12:20', '23:12:00', 59, '2356', 94, 0, 0, 0, '0', 0, '', 1, 15, '', 4, 7),
(741, 94, 'MR ADEEL MALIK ', 'O', 6, '2013-12-22 00:00:00', '2013-12-26 00:00:00', '2013-12-25 01:40:58', '01:12:00', 8, '2357', 146, 0, 0, 0, '0', 0, '', 1, 15, '', 4, 7),
(742, 97, 'syed shahrukh iqbal ', 'D', 3, '2013-12-24 00:00:00', '2013-12-27 00:00:00', '2013-12-25 07:10:28', '07:12:00', 8, '2358', 70, 0, 0, 0, '0', 0, '', 1, 15, '', 4, 7),
(743, 62, 'Mis Zahida Nasreen', 'O', 4, '2013-12-13 00:00:00', '2013-12-25 00:00:00', '2013-12-25 10:25:38', '10:12:00', 1, '-45', 4000, 0, 0, 0, '0', 0, '0', 1, 15, 'N', 3, 7),
(745, 92, 'mr zain ahmed ', 'D', 8, '2013-12-22 00:00:00', '2013-12-27 00:00:00', '2013-12-24 10:19:00', '10:12:00', 1, '45', 4000, 0, 0, 0, '0', 0, '0', 25, 15, 'N', 3, 7),
(746, 92, 'mr zain ahmed ', 'D', 8, '2013-12-22 00:00:00', '2013-12-27 00:00:00', '2013-12-24 10:19:00', '10:12:00', 2, '787', 680, 0, 0, 0, '0', 0, '0', 25, 15, 'N', 3, 7),
(747, 94, 'MR ADEEL MALIK ', 'O', 6, '2013-12-22 00:00:00', '2013-12-26 00:00:00', '2013-12-25 10:27:56', '10:12:00', 1, '654', 4500, 0, 0, 0, '0', 0, '0', 1, 15, 'N', 3, 7),
(748, 97, 'syed shahrukh iqbal ', 'D', 3, '2013-12-24 00:00:00', '2013-12-27 00:00:00', '2013-12-25 10:23:48', '10:12:00', 1, '77', 4500, 0, 0, 0, '0', 0, '0', 1, 15, 'N', 3, 7),
(749, 91, 'MIS HINA SARWAR ', 'D', 1, '2013-12-22 00:00:00', '2013-12-28 00:00:00', '2013-12-24 10:21:30', '10:12:00', 2, '465', 765, 0, 0, 0, '0', 0, '', 21, 15, '', 3, 7),
(751, 91, 'MIS HINA SARWAR ', 'D', 1, '2013-12-22 00:00:00', '2013-12-28 00:00:00', '2013-12-25 10:22:08', '10:12:00', 1, '465', 4500, 0, 0, 0, '0', 0, '', 21, 15, '', 4, 7),
(752, 91, 'MIS HINA SARWAR ', 'D', 1, '2013-12-22 00:00:00', '2013-12-28 00:00:00', '2013-12-25 10:22:41', '10:12:00', 2, '564', 765, 0, 0, 0, '0', 0, '', 21, 15, '', 4, 7),
(753, 97, 'syed shahrukh iqbal ', 'D', 3, '2013-12-24 00:00:00', '2013-12-27 00:00:00', '2013-12-25 10:23:52', '01:12:00', 25, '12', 1500, 0, 0, 0, '0', 0, '', 1, 15, '', 3, 7),
(754, 97, 'syed shahrukh iqbal ', 'D', 3, '2013-12-24 00:00:00', '2013-12-27 00:00:00', '2013-12-25 10:24:18', '10:12:00', 3, '45', 0, 5000, 0, 0, '0', 0, '', 1, 15, '', 4, 7),
(755, 99, 'mr faisal mohammed ', 'D', 7, '2013-12-24 00:00:00', '2013-12-28 00:00:00', '2013-12-25 10:31:01', '10:12:00', 1, '465', 4700, 0, 0, 0, '0', 0, '', 1, 15, '', 4, 7),
(756, 99, 'mr faisal mohammed ', 'D', 7, '2013-12-24 00:00:00', '2013-12-28 00:00:00', '2013-12-25 10:31:12', '10:12:00', 2, '65', 799, 0, 0, 0, '0', 0, '', 1, 15, '', 4, 7),
(757, 92, 'mr zain ahmed ', 'D', 8, '2013-12-22 00:00:00', '2013-12-27 00:00:00', '2013-12-25 10:32:10', '10:12:00', 1, '54', 4000, 0, 0, 0, '0', 0, '', 25, 15, '', 3, 7),
(758, 92, 'mr zain ahmed ', 'D', 8, '2013-12-22 00:00:00', '2013-12-27 00:00:00', '2013-12-25 10:33:31', '10:12:00', 2, '46', 680, 0, 0, 0, '0', 0, '', 25, 15, '', 3, 7),
(759, 98, 'mr faisal mohammed ', 'D', 2, '2013-12-24 00:00:00', '2013-12-26 00:00:00', '2013-12-25 14:38:40', '14:12:00', 8, '12', 766, 0, 0, 0, '0', 0, '', 1, 15, '', 4, 7),
(760, 97, 'syed shahrukh iqbal ', 'D', 3, '2013-12-24 00:00:00', '2013-12-27 00:00:00', '2013-12-25 14:39:00', '14:12:00', 9, '56', 252, 0, 0, 0, '0', 0, '', 1, 15, '', 4, 7),
(761, 94, 'MR ADEEL MALIK ', 'O', 6, '2013-12-22 00:00:00', '2013-12-26 00:00:00', '2013-12-25 14:39:37', '00:12:00', 9, '78', 363, 0, 0, 0, '0', 0, '', 1, 15, '', 3, 7),
(762, 62, 'Mis Zahida Nasreen', 'O', 4, '2013-12-13 00:00:00', '2013-12-25 00:00:00', '2013-12-25 16:54:29', '16:12:00', 15, '465', 3000, 0, 0, 0, '0', 0, '', 1, 15, '', 4, 7),
(763, 62, 'Mis Zahida Nasreen', 'O', 4, '2013-12-13 00:00:00', '2013-12-25 00:00:00', '2013-12-25 16:54:46', '16:12:00', 8, '321', 300, 0, 0, 0, '0', 0, '', 1, 15, '', 4, 7),
(764, 94, 'MR ADEEL MALIK ', 'O', 6, '2013-12-22 00:00:00', '2013-12-26 00:00:00', '2013-12-25 19:27:00', '19:12:00', 15, '12', 200, 0, 0, 0, '0', 0, '', 1, 15, '', 4, 7),
(765, 94, 'MR ADEEL MALIK ', 'O', 6, '2013-12-22 00:00:00', '2013-12-26 00:00:00', '2013-12-25 19:27:16', '19:12:00', 8, '645', 316, 0, 0, 0, '0', 0, '', 1, 15, '', 4, 7),
(766, 97, 'syed shahrukh iqbal ', 'D', 3, '2013-12-24 00:00:00', '2013-12-27 00:00:00', '2013-12-25 19:27:59', '19:12:00', 8, '654', 579, 0, 0, 0, '0', 0, '', 1, 15, '', 4, 7),
(767, 97, 'syed shahrukh iqbal ', 'D', 3, '2013-12-24 00:00:00', '2013-12-27 00:00:00', '2013-12-25 19:45:01', '19:12:00', 8, '2365', 2317, 0, 0, 0, '0', 0, '', 1, 15, '', 4, 7),
(769, 99, 'mr faisal mohammed ', 'D', 5, '2013-12-24 00:00:00', '2013-12-28 00:00:00', '2013-12-25 19:54:03', '19:12:00', 10, '465', 680, 0, 0, 0, '0', 0, '', 1, 15, '', 4, 7),
(770, 98, 'mr faisal mohammed ', 'D', 2, '2013-12-24 00:00:00', '2013-12-26 00:00:00', '2013-12-25 20:50:57', '20:12:00', 1, '0', 4700, 0, 0, 0, '0', 0, '', 1, 15, '', 4, 7),
(772, 100, 'MR SAJJAD AHMAD', 'D', 7, '2013-12-25 00:00:00', '2013-12-27 00:00:00', '2013-12-25 21:22:35', '21:22:35', 1, '0', 5200, 0, 0, 0, '0', 0, '0', 1, 15, 'N', 1, 7),
(774, 97, 'syed shahrukh iqbal ', 'D', 3, '2013-12-24 00:00:00', '2013-12-27 00:00:00', '2013-11-24 21:48:42', '21:11:00', 145, '2368', 140, 0, 0, 0, '0', 0, '', 1, 15, '', 4, 7),
(776, 100, 'MR SAJJAD AHMAD', 'D', 7, '2013-12-25 00:00:00', '2013-12-27 00:00:00', '2013-11-25 22:44:03', '22:11:00', 8, '2369', 819, 0, 0, 0, '0', 0, '', 1, 15, '', 4, 7),
(777, 97, 'syed shahrukh iqbal ', 'D', 3, '2013-12-24 00:00:00', '2013-12-27 00:00:00', '2013-12-26 02:35:15', '02:12:00', 145, '2370', 140, 0, 0, 0, '0', 0, '', 1, 15, '', 4, 7),
(778, 100, 'MR SAJJAD AHMAD', 'D', 7, '2013-12-25 00:00:00', '2013-12-27 00:00:00', '2013-12-26 09:05:14', '09:12:00', 34, '654', 1200, 0, 0, 0, '0', 0, '', 1, 15, '', 4, 7),
(787, 98, 'mr faisal mohammed ', 'D', 2, '2013-12-24 00:00:00', '2013-12-26 00:00:00', '2013-12-25 09:09:56', '09:12:00', 2, '321', 799, 0, 0, 0, '0', 0, '', 1, 15, '', 3, 7),
(788, 62, 'Mis Zahida Nasreen', 'O', 4, '2013-12-13 00:00:00', '2013-12-27 00:00:00', '2013-12-26 09:12:44', '09:12:00', 1, '21', 4000, 0, 0, 0, '0', 0, '0', 1, 15, 'N', 3, 7),
(789, 91, 'MIS HINA SARWAR ', 'D', 1, '2013-12-22 00:00:00', '2013-12-28 00:00:00', '2013-12-26 09:12:44', '09:12:44', 1, '-', 4500, 0, 0, 0, '0', 0, '0', 21, 15, 'N', 2, 7),
(790, 92, 'mr zain ahmed ', 'D', 8, '2013-12-22 00:00:00', '2013-12-27 00:00:00', '2013-12-26 09:12:44', '09:12:44', 1, '-', 4000, 0, 0, 0, '0', 0, '0', 25, 15, 'N', 2, 7),
(791, 94, 'MR ADEEL MALIK ', 'O', 6, '2013-12-22 00:00:00', '2013-12-27 00:00:00', '2013-12-26 09:12:44', '09:12:44', 1, '-', 4500, 0, 0, 0, '0', 0, '0', 1, 15, 'N', 2, 7),
(792, 97, 'syed shahrukh iqbal ', 'D', 3, '2013-12-24 00:00:00', '2013-12-27 00:00:00', '2013-12-26 09:12:44', '09:12:44', 1, '-', 4500, 0, 0, 0, '0', 0, '0', 1, 15, 'N', 2, 7),
(793, 98, 'mr faisal mohammed ', 'D', 2, '2013-12-24 00:00:00', '2013-12-26 00:00:00', '2013-12-26 09:12:44', '09:12:44', 1, '-', 4700, 0, 0, 0, '0', 0, '0', 1, 15, 'N', 2, 7),
(794, 99, 'mr faisal mohammed ', 'D', 5, '2013-12-24 00:00:00', '2013-12-28 00:00:00', '2013-12-26 09:12:44', '09:12:44', 1, '-', 4700, 0, 0, 0, '0', 0, '0', 1, 15, 'N', 2, 7),
(795, 100, 'MR SAJJAD AHMAD', 'D', 7, '2013-12-25 00:00:00', '2013-12-27 00:00:00', '2013-12-26 09:12:44', '09:12:44', 1, '-', 5200, 0, 0, 0, '0', 0, '0', 1, 15, 'N', 2, 7),
(796, 98, 'mr faisal mohammed ', 'D', 2, '2013-12-24 00:00:00', '2013-12-26 00:00:00', '2013-12-26 09:14:37', '09:12:00', 2, '654', 799, 0, 0, 0, '0', 0, '', 1, 15, '', 4, 7),
(797, 99, 'mr faisal mohammed ', 'D', 5, '2013-12-24 00:00:00', '2013-12-28 00:00:00', '2013-12-26 09:16:00', '09:12:00', 2, '54', 799, 0, 0, 0, '0', 0, '', 1, 15, '', 3, 7),
(798, 100, 'MR SAJJAD AHMAD', 'D', 7, '2013-12-25 00:00:00', '2013-12-27 00:00:00', '2013-12-26 09:17:15', '09:12:00', 34, '321', 800, 0, 0, 0, '0', 0, '', 1, 15, '', 4, 7),
(799, 92, 'mr zain ahmed ', 'D', 8, '2013-12-22 00:00:00', '2013-12-27 00:00:00', '2013-12-26 09:18:07', '09:12:00', 2, '4', 680, 0, 0, 0, '0', 0, '', 25, 15, '', 4, 7),
(800, 94, 'MR ADEEL MALIK ', 'O', 6, '2013-12-22 00:00:00', '2013-12-27 00:00:00', '2013-12-26 11:41:09', '11:12:00', 8, '356', 772, 0, 0, 0, '0', 0, '', 1, 15, '', 4, 7),
(801, 98, 'mr faisal mohammed ', 'D', 2, '2013-12-24 00:00:00', '2013-12-26 00:00:00', '2013-12-26 03:07:22', '03:12:00', 9, '654', 76, 0, 0, 0, '0', 0, '', 1, 15, '', 4, 7),
(802, 98, 'mr faisal mohammed ', 'D', 2, '2013-12-24 00:00:00', '2013-12-26 00:00:00', '2013-12-26 03:25:21', '03:25:24', 48, '98', 0, 20375, 0, 1, '0', 0, '0', 1, 15, '', 5, 7),
(803, 101, 'MR ABID MAHMOOD SALEEMI ', 'D', 2, '2013-12-26 00:00:00', '2013-12-27 00:00:00', '2013-12-26 03:28:38', '03:28:38', 1, '0', 4000, 0, 0, 0, '0', 0, '0', 35, 15, 'N', 1, 7),
(804, 101, 'MR ABID MAHMOOD SALEEMI ', 'D', 2, '2013-12-26 00:00:00', '2013-12-27 00:00:00', '2013-12-26 03:28:38', '03:28:38', 2, '0', 680, 0, 0, 0, '0', 0, '0', 35, 15, 'N', 1, 7),
(805, 94, 'MR ADEEL MALIK ', 'O', 6, '2013-12-22 00:00:00', '2013-12-27 00:00:00', '2013-09-26 07:04:01', '07:09:00', 8, '98', 579, 0, 0, 0, '0', 0, '', 1, 15, '', 4, 7),
(806, 97, 'syed shahrukh iqbal ', 'D', 3, '2013-12-24 00:00:00', '2013-12-27 00:00:00', '2013-09-26 07:04:56', '07:09:00', 8, '213', 673, 0, 0, 0, '0', 0, '', 1, 15, '', 4, 7),
(808, 99, 'mr faisal mohammed ', 'D', 5, '2013-12-24 00:00:00', '2013-12-28 00:00:00', '2013-12-26 09:17:52', '09:12:00', 8, '2380', 638, 0, 0, 0, '0', 0, '', 1, 15, '', 4, 7),
(810, 100, 'MR SAJJAD AHMAD', 'D', 7, '2013-12-25 00:00:00', '2013-12-27 00:00:00', '2013-12-26 09:22:28', '09:12:00', 8, '2381', 579, 0, 0, 0, '0', 0, '', 1, 15, '', 4, 7),
(811, 97, 'syed shahrukh iqbal ', 'D', 3, '2013-12-24 00:00:00', '2013-12-27 00:00:00', '2013-12-26 09:24:50', '09:12:00', 8, '2382', 351, 0, 0, 0, '0', 0, '', 1, 15, '', 4, 7),
(813, 62, 'Mis Zahida Nasreen', 'O', 4, '2013-12-13 00:00:00', '2013-12-27 00:00:00', '2013-12-26 09:28:55', '09:12:00', 145, '2384', 140, 0, 0, 0, '0', 0, '', 1, 15, '', 4, 7),
(814, 94, 'MR ADEEL MALIK ', 'O', 6, '2013-12-22 00:00:00', '2013-12-27 00:00:00', '2013-12-26 09:34:16', '09:12:00', 8, '2385', 135, 0, 0, 0, '0', 0, '', 1, 15, '', 4, 7),
(815, 97, 'syed shahrukh iqbal ', 'D', 3, '2013-12-24 00:00:00', '2013-12-27 00:00:00', '2013-12-26 23:34:36', '23:12:00', 8, '2386', 2451, 0, 0, 0, '0', 0, '', 1, 15, '', 4, 7),
(816, 97, 'syed shahrukh iqbal ', 'D', 3, '2013-12-24 00:00:00', '2013-12-27 00:00:00', '2013-12-27 01:00:17', '01:12:00', 9, '2387', 322, 0, 0, 0, '0', 0, '', 1, 15, '', 4, 7),
(817, 100, 'MR SAJJAD AHMAD', 'D', 7, '2013-12-25 00:00:00', '2013-12-27 00:00:00', '2012-12-27 08:12:07', '08:12:00', 9, '0', 105, 0, 0, 0, '0', 0, '', 1, 15, '', 4, 7),
(818, 97, 'syed shahrukh iqbal ', 'D', 3, '2013-12-24 00:00:00', '2013-12-27 00:00:00', '2013-12-27 09:17:21', '09:17:24', 48, '97', 0, 19359, 0, 1, '0', 0, '0', 1, 15, '', 5, 7),
(819, 100, 'MR SAJJAD AHMAD', 'D', 7, '2013-12-25 00:00:00', '2013-12-27 00:00:00', '2013-12-27 09:18:16', '09:18:19', 48, '100', 0, 13903, 0, 1, '0', 0, '0', 1, 15, '', 5, 7),
(820, 99, 'mr faisal mohammed ', 'D', 5, '2013-12-24 00:00:00', '2013-12-28 00:00:00', '2013-12-27 09:46:13', '09:12:00', 10, '654', 200, 0, 0, 0, '0', 0, '', 1, 15, '', 4, 7),
(821, 94, 'MR ADEEL MALIK ', 'O', 6, '2013-12-22 00:00:00', '2013-12-27 00:00:00', '2013-12-27 09:49:16', '09:12:00', 3, '564', 0, 13000, 0, 0, '0', 0, '', 1, 15, '', 4, 7),
(822, 92, 'mr zain ahmed ', 'D', 8, '2013-12-22 00:00:00', '2013-12-27 00:00:00', '2013-12-27 00:34:31', '00:34:36', 19, '92', 0, 0, 23400, 0, '0', 0, '3', 25, 15, '', 5, 7),
(823, 101, 'MR ABID MAHMOOD SALEEMI ', 'D', 2, '2013-12-26 00:00:00', '2013-12-27 00:00:00', '2013-12-26 00:09:19', '00:12:00', 8, '321', 585, 0, 0, 0, '0', 0, '', 35, 15, '', 3, 7),
(824, 101, 'MR ABID MAHMOOD SALEEMI ', 'D', 2, '2013-12-26 00:00:00', '2013-12-27 00:00:00', '2013-12-26 00:09:30', '00:12:00', 62, '654', 211, 0, 0, 0, '0', 0, '', 35, 15, '', 3, 7),
(825, 101, 'MR ABID MAHMOOD SALEEMI ', 'D', 2, '2013-12-26 00:00:00', '2013-12-27 00:00:00', '2013-12-27 00:09:33', '00:12:00', 9, '56', 105, 0, 0, 0, '0', 0, '', 35, 15, '', 4, 7),
(826, 101, 'MR ABID MAHMOOD SALEEMI ', 'D', 2, '2013-12-26 00:00:00', '2013-12-27 00:00:00', '2013-12-27 00:26:37', '00:26:40', 19, '101', 0, 0, 5581, 0, '0', 0, '3', 35, 15, '', 5, 7),
(827, 91, 'MIS HINA SARWAR ', 'D', 1, '2013-12-22 00:00:00', '2013-12-28 00:00:00', '2013-12-26 00:30:54', '00:12:00', 2, '645', 765, 0, 0, 0, '0', 0, '', 21, 15, '', 3, 7),
(828, 91, 'MIS HINA SARWAR ', 'D', 1, '2013-12-22 00:00:00', '2013-12-28 00:00:00', '2013-12-27 00:31:43', '00:12:00', 1, '1', 4500, 0, 0, 0, '0', 0, '', 21, 15, '', 4, 7),
(829, 91, 'MIS HINA SARWAR ', 'D', 1, '2013-12-22 00:00:00', '2013-12-28 00:00:00', '2013-12-27 00:31:52', '00:12:00', 2, '465', 765, 0, 0, 0, '0', 0, '', 21, 15, '', 4, 7),
(830, 62, 'Mis Zahida Nasreen', 'O', 4, '2013-12-13 00:00:00', '2013-12-30 00:00:00', '2013-12-27 00:32:11', '00:12:00', 1, '23', 4000, 0, 0, 0, '0', 0, '', 1, 15, '', 4, 7),
(831, 99, 'mr faisal mohammed ', 'D', 5, '2013-12-24 00:00:00', '2013-12-28 00:00:00', '2013-12-27 00:32:27', '00:12:00', 1, '123', 4700, 0, 0, 0, '0', 0, '', 1, 15, '', 4, 7),
(832, 99, 'mr faisal mohammed ', 'D', 5, '2013-12-24 00:00:00', '2013-12-28 00:00:00', '2013-12-27 00:32:38', '00:12:00', 2, '456', 799, 0, 0, 0, '0', 0, '', 1, 15, '', 4, 7),
(833, 94, 'MR ADEEL MALIK ', 'O', 6, '2013-12-22 00:00:00', '2013-12-29 00:00:00', '2013-12-27 00:32:52', '00:12:00', 1, '45', 4500, 0, 0, 0, '0', 0, '', 1, 15, '', 4, 7),
(834, 94, 'MR ADEEL MALIK ', 'O', 6, '2013-12-22 00:00:00', '2013-12-29 00:00:00', '2013-12-27 00:35:06', '00:12:00', 59, '2388', 105, 0, 0, 0, '0', 0, '', 1, 15, '', 4, 7),
(835, 94, 'MR ADEEL MALIK ', 'O', 6, '2013-12-22 00:00:00', '2013-12-29 00:00:00', '2013-12-27 00:35:21', '00:12:00', 8, '2390', 269, 0, 0, 0, '0', 0, '', 1, 15, '', 4, 7),
(836, 99, 'mr faisal mohammed ', 'D', 5, '2013-12-24 00:00:00', '2013-12-28 00:00:00', '2013-12-27 00:35:52', '00:12:00', 9, '2391', 181, 0, 0, 0, '0', 0, '', 1, 15, '', 4, 7),
(837, 102, 'mr adeel ahmed khan ', 'D', 3, '2013-12-27 00:00:00', '2013-12-28 00:00:00', '2013-12-27 17:17:08', '17:12:00', 1, '54', 4700, 0, 0, 0, '0', 0, '0', 1, 15, 'N', 3, 7),
(838, 102, 'mr adeel ahmed khan ', 'D', 3, '2013-12-27 00:00:00', '2013-12-28 00:00:00', '2013-12-27 17:17:27', '17:12:00', 2, '464', 799, 0, 0, 0, '0', 0, '0', 1, 15, 'N', 3, 7),
(839, 99, 'mr faisal mohammed ', 'D', 5, '2013-12-24 00:00:00', '2013-12-28 00:00:00', '2013-12-27 02:29:02', '02:12:00', 34, '2393', 3500, 0, 0, 0, '0', 0, '', 1, 15, '', 4, 7),
(840, 99, 'mr faisal mohammed ', 'D', 5, '2013-12-24 00:00:00', '2013-12-28 00:00:00', '2013-12-27 21:41:35', '07:12:00', 4, '0', 1000, 0, 0, 0, '0', 0, '', 1, 15, '', 3, 7),
(841, 103, 'MR KAMRAN ARSHAD RANA', 'D', 2, '2013-12-26 00:00:00', '2013-12-28 00:00:00', '2013-12-26 01:04:43', '01:04:43', 1, '0', 4000, 0, 0, 0, '0', 0, '0', 36, 15, 'N', 1, 7),
(842, 104, 'MR KAMRAN ARSHAD RANA', 'D', 8, '2013-12-26 00:00:00', '2013-12-28 00:00:00', '2013-12-26 01:06:39', '01:06:39', 1, '0', 4000, 0, 0, 0, '0', 0, '0', 36, 15, 'N', 1, 7),
(843, 94, 'MR ADEEL MALIK ', 'O', 6, '2013-12-22 00:00:00', '2013-12-29 00:00:00', '2013-12-28 02:03:03', '02:12:00', 59, '2394', 187, 0, 0, 0, '0', 0, '', 1, 15, '', 4, 7),
(844, 103, 'MR KAMRAN ARSHAD RANA', 'D', 2, '2013-12-26 00:00:00', '2013-12-28 00:00:00', '2013-12-28 02:45:58', '02:12:00', 145, '2395', 140, 0, 0, 0, '0', 0, '', 36, 15, '', 4, 7),
(845, 105, 'MR RIAZ AHMAD', 'D', 7, '2013-12-26 00:00:00', '2013-12-28 00:00:00', '2013-12-26 04:31:30', '04:31:30', 1, '0', 5000, 0, 0, 0, '0', 0, '0', 1, 15, 'N', 1, 7),
(847, 99, 'mr faisal mohammed ', 'D', 5, '2013-12-24 00:00:00', '2013-12-28 00:00:00', '2013-12-28 07:35:17', '07:12:00', 9, '2397', 181, 0, 0, 0, '0', 0, '', 1, 15, '', 4, 7),
(848, 91, 'MIS HINA SARWAR ', 'D', 1, '2013-12-22 00:00:00', '2013-12-28 00:00:00', '2013-12-25 00:16:02', '00:12:00', 141, '645', 105, 0, 0, 0, '0', 0, '', 21, 15, '', 3, 7),
(849, 91, 'MIS HINA SARWAR ', 'D', 1, '2013-12-22 00:00:00', '2013-12-28 00:00:00', '2013-12-28 00:35:47', '00:35:52', 48, '91', 0, 31695, 0, 0, '1', 0, '2', 21, 15, '', 5, 7),
(850, 99, 'mr faisal mohammed ', 'D', 5, '2013-12-24 00:00:00', '2013-12-28 00:00:00', '2013-12-28 02:55:05', '02:55:10', 48, '99', 0, 28376, 0, 0, '1', 0, '2', 1, 15, '', 5, 7),
(852, 106, 'mr naeem akhter ', 'D', 5, '2013-12-28 00:00:00', '2013-12-28 00:00:00', '2013-12-28 05:01:05', '05:01:05', 1, '0', 10000, 0, 0, 0, '0', 0, '0', 1, 15, 'N', 1, 7),
(854, 103, 'MR KAMRAN ARSHAD RANA', 'D', 2, '2013-12-26 00:00:00', '2013-12-28 00:00:00', '2013-12-28 05:01:30', '05:01:32', 48, '103', 0, 4140, 0, 1, '0', 0, '0', 36, 15, '', 5, 7),
(855, 104, 'MR KAMRAN ARSHAD RANA', 'D', 8, '2013-12-26 00:00:00', '2013-12-28 00:00:00', '2013-12-28 05:01:46', '05:01:48', 48, '104', 0, 4000, 0, 1, '0', 0, '0', 36, 15, '', 5, 7),
(856, 102, 'MR ADEEL AHMED KHAN', 'D', 3, '2013-12-27 00:00:00', '2013-12-28 00:00:00', '2013-12-28 17:16:41', '17:12:00', 1, '564', 4700, 0, 0, 0, '0', 0, '', 1, 15, '', 4, 7),
(857, 102, 'MR ADEEL AHMED KHAN', 'D', 3, '2013-12-27 00:00:00', '2013-12-28 00:00:00', '2013-12-28 17:17:31', '17:12:00', 2, '456', 799, 0, 0, 0, '0', 0, '', 1, 15, '', 4, 7),
(858, 62, 'Mis Zahida Nasreen', 'O', 4, '2013-12-13 00:00:00', '2013-12-30 00:00:00', '2013-12-28 17:17:59', '17:12:00', 1, '54', 4000, 0, 0, 0, '0', 0, '', 1, 15, '', 4, 7),
(860, 107, 'mr zain ahmed ', 'D', 7, '2013-12-28 00:00:00', '2014-01-02 00:00:00', '2013-12-28 18:01:07', '18:12:00', 1, '65', 5200, 0, 0, 0, '0', 0, '0', 1, 15, 'N', 3, 7),
(862, 102, 'MR ADEEL AHMED KHAN', 'D', 3, '2013-12-27 00:00:00', '2013-12-28 00:00:00', '2013-12-28 20:19:57', '20:12:00', 10, '2551', 800, 0, 0, 0, '0', 0, '', 1, 15, '', 4, 7),
(863, 62, 'Mis Zahida Nasreen', 'O', 4, '2013-12-13 00:00:00', '2013-12-30 00:00:00', '2013-12-28 20:41:18', '23:12:00', 8, '2400', 445, 0, 0, 0, '0', 0, '', 1, 15, '', 3, 7),
(864, 106, 'mr naeem akhter ', 'D', 5, '2013-12-28 00:00:00', '2013-12-28 00:00:00', '2013-12-28 09:17:29', '09:12:00', 25, '545', 1000, 0, 0, 0, '0', 0, '', 1, 15, '', 4, 7),
(865, 106, 'mr naeem akhter ', 'D', 5, '2013-12-28 00:00:00', '2013-12-28 00:00:00', '2013-12-28 09:17:53', '09:12:00', 3, '123', 0, 10000, 0, 0, '0', 0, '', 1, 15, '', 4, 7),
(867, 106, 'mr naeem akhter ', 'D', 5, '2013-12-28 00:00:00', '2013-12-28 00:00:00', '2013-12-29 09:22:59', '10:12:00', 12, '654', 1463, 0, 0, 0, '0', 0, '', 1, 15, '', 3, 7),
(868, 105, 'MR RIAZ AHMAD', 'D', 8, '2013-12-28 00:00:00', '2013-12-28 00:00:00', '2013-12-29 09:28:22', '09:12:00', 3, '654', 0, 5000, 0, 0, '0', 0, '', 1, 15, '', 4, 7),
(870, 94, 'MR ADEEL MALIK ', 'O', 6, '2013-12-22 00:00:00', '2013-12-30 00:00:00', '2013-12-28 10:12:19', '10:12:19', 1, '-', 4500, 0, 0, 0, '0', 0, '0', 1, 15, 'N', 2, 7),
(875, 105, 'MR RIAZ AHMAD', 'D', 8, '2013-12-28 00:00:00', '2013-12-28 00:00:00', '2013-12-28 10:49:20', '10:12:00', 9, '65', 76, 0, 0, 0, '0', 0, '', 1, 15, '', 4, 7),
(876, 106, 'mr naeem akhter ', 'D', 5, '2013-12-28 00:00:00', '2013-12-28 00:00:00', '2013-12-28 11:31:04', '11:12:00', 9, '654', 782, 0, 0, 0, '0', 0, '', 1, 15, '', 4, 7),
(877, 106, 'mr naeem akhter ', 'D', 5, '2013-12-28 00:00:00', '2013-12-28 00:00:00', '2013-12-28 12:06:50', '12:06:52', 48, '106', 0, 3245, 0, 1, '0', 0, '0', 1, 15, '', 5, 7),
(878, 102, 'MR ADEEL AHMED KHAN', 'D', 3, '2013-12-27 00:00:00', '2013-12-28 00:00:00', '2013-12-28 12:07:03', '12:07:07', 48, '102', 0, 11798, 0, 0, '1', 0, '2', 1, 15, '', 5, 7),
(879, 105, 'MR RIAZ AHMAD', 'D', 8, '2013-12-28 00:00:00', '2013-12-28 00:00:00', '2013-12-28 12:07:19', '12:07:24', 48, '105', 0, 76, 0, 1, '0', 0, '0', 1, 15, '', 5, 7),
(880, 108, 'mr usman ur rehamn ', 'D', 1, '2013-12-29 00:00:00', '2014-01-04 00:00:00', '2013-12-29 23:41:55', '23:12:00', 1, '0', 4500, 0, 0, 0, '0', 0, '0', 21, 15, 'N', 3, 7),
(881, 108, 'mr usman ur rehamn ', 'D', 1, '2013-12-29 00:00:00', '2014-01-04 00:00:00', '2013-12-29 23:42:03', '23:12:00', 2, '0', 765, 0, 0, 0, '0', 0, '0', 21, 15, 'N', 3, 7),
(882, 94, 'MR ADEEL MALIK ', 'O', 6, '2013-12-22 00:00:00', '2013-12-30 00:00:00', '2013-12-28 14:34:58', '14:12:00', 9, '2553', 287, 0, 0, 0, '0', 0, '', 1, 15, '', 4, 7),
(883, 94, 'MR ADEEL MALIK ', 'O', 6, '2013-12-22 00:00:00', '2013-12-30 00:00:00', '2013-12-29 14:35:58', '14:12:00', 9, '2552', 287, 0, 0, 0, '0', 0, '', 1, 15, '', 3, 7),
(884, 109, 'MR KAMRAN HAMEED', 'D', 3, '2013-12-29 00:00:00', '2014-01-02 00:00:00', '2013-12-29 05:44:14', '20:12:00', 1, '0', 10000, 0, 0, 0, '0', 0, '0', 1, 15, 'N', 3, 7),
(885, 109, 'MR KAMRAN HAMEED', 'D', 3, '2013-12-29 00:00:00', '2014-01-02 00:00:00', '2013-12-29 08:14:24', '08:12:00', 8, '1', 631, 0, 0, 0, '0', 0, '', 1, 15, '', 3, 7),
(886, 107, 'mis andeisha farid', 'D', 5, '2013-12-28 00:00:00', '2014-01-02 00:00:00', '2013-12-29 20:27:15', '20:12:00', 1, '0', 5200, 0, 0, 0, '0', 0, '', 1, 15, '', 3, 7),
(887, 62, 'Mis Zahida Nasreen', 'O', 4, '2013-12-13 00:00:00', '2013-12-30 00:00:00', '2013-12-29 20:27:52', '20:12:00', 1, '0', 4000, 0, 0, 0, '0', 0, '', 1, 15, '', 4, 7),
(888, 110, 'MR DR NASIR SULMAN', 'D', 8, '2013-12-28 00:00:00', '2013-12-28 00:00:00', '2013-12-29 08:16:47', '08:12:00', 1, '0', 4700, 0, 0, 0, '0', 0, '0', 1, 15, 'N', 3, 7),
(889, 110, 'MR DR NASIR SULMAN', 'D', 8, '2013-12-28 00:00:00', '2013-12-28 00:00:00', '2013-12-29 08:16:39', '08:12:00', 2, '0', 799, 0, 0, 0, '0', 0, '0', 1, 15, 'N', 3, 7),
(890, 111, 'MR DR NASIR SULMAN', 'D', 7, '2013-12-28 00:00:00', '2013-12-28 00:00:00', '2013-12-29 08:15:51', '08:12:00', 1, '0', 4700, 0, 0, 0, '0', 0, '0', 1, 15, 'N', 3, 7),
(891, 111, 'MR DR NASIR SULMAN', 'D', 7, '2013-12-28 00:00:00', '2013-12-28 00:00:00', '2013-12-29 08:15:58', '08:12:00', 2, '0', 799, 0, 0, 0, '0', 0, '0', 1, 15, 'N', 3, 7),
(892, 62, 'Mis Zahida Nasreen', 'O', 4, '2013-12-13 00:00:00', '2013-12-30 00:00:00', '2013-12-28 21:27:14', '21:12:00', 8, '2556', 298, 0, 0, 0, '0', 0, '', 1, 15, '', 4, 7),
(893, 109, 'MR KAMRAN HAMEED', 'D', 3, '2013-12-29 00:00:00', '2014-01-02 00:00:00', '2013-12-29 08:14:10', '08:12:00', 8, '2557', 1229, 0, 0, 0, '0', 0, '', 1, 15, '', 3, 7),
(894, 111, 'MR DR NASIR SULMAN', 'D', 7, '2013-12-28 00:00:00', '2013-12-28 00:00:00', '2013-12-29 08:16:05', '08:12:00', 8, '2553', 2472, 0, 0, 0, '0', 0, '', 1, 15, '', 3, 7),
(895, 107, 'mis andeisha farid', 'D', 5, '2013-12-28 00:00:00', '2014-01-02 00:00:00', '2013-12-29 08:15:10', '08:12:00', 4, '0', 500, 0, 0, 0, '0', 0, '', 1, 15, '', 3, 7),
(896, 109, 'MR KAMRAN HAMEED', 'D', 3, '2013-12-29 00:00:00', '2014-01-02 00:00:00', '2013-12-29 08:14:44', '08:12:00', 4, '0', 1000, 0, 0, 0, '0', 0, '', 1, 15, '', 3, 7),
(897, 110, 'MR DR NASIR SULMAN', 'D', 8, '2013-12-28 00:00:00', '2013-12-28 00:00:00', '2013-12-29 08:16:54', '08:12:00', 4, '0', 500, 0, 0, 0, '0', 0, '', 1, 15, '', 3, 7),
(898, 62, 'Mis Zahida Nasreen', 'O', 4, '2013-12-13 00:00:00', '2013-12-30 00:00:00', '2013-12-30 07:23:00', '07:12:00', 14, '2560', 105, 0, 0, 0, '0', 0, '', 1, 15, '', 4, 7),
(899, 107, 'mis andeisha farid', 'D', 5, '2013-12-28 00:00:00', '2014-01-02 00:00:00', '2013-12-30 00:51:26', '23:12:00', 1, '12', 5200, 0, 0, 0, '0', 0, '0', 1, 15, 'N', 3, 7),
(900, 109, 'MR KAMRAN HAMEED', 'D', 3, '2013-12-29 00:00:00', '2014-01-02 00:00:00', '2013-12-30 00:58:05', '00:12:00', 1, '4654', 10000, 0, 0, 0, '0', 0, '0', 1, 15, 'N', 3, 7),
(901, 110, 'MR DR NASIR SULMAN', 'D', 8, '2013-12-29 00:00:00', '2013-12-28 00:00:00', '2002-12-30 01:31:12', '01:12:00', 9, '456', 286, 0, 0, 0, '0', 0, '', 1, 15, '', 4, 7),
(903, 111, 'MR DR NASIR SULMAN', 'D', 7, '2013-12-29 00:00:00', '2013-12-28 00:00:00', '2002-12-30 01:39:11', '01:12:00', 8, '654', 1398, 0, 0, 0, '0', 0, '', 1, 15, '', 4, 7),
(904, 111, 'MR DR NASIR SULMAN', 'D', 7, '2013-12-29 00:00:00', '2013-12-28 00:00:00', '2013-12-28 00:37:13', '00:37:15', 48, '111', 0, 9369, 0, 1, '0', 0, '0', 1, 15, '', 5, 7),
(905, 110, 'MR DR NASIR SULMAN', 'D', 8, '2013-12-29 00:00:00', '2013-12-28 00:00:00', '2013-12-28 00:37:24', '00:37:26', 48, '110', 0, 6285, 0, 1, '0', 0, '0', 1, 15, '', 5, 7),
(906, 112, 'mr muqtadar billah ', 'D', 8, '2013-12-30 00:00:00', '2013-12-31 00:00:00', '2013-12-30 00:48:08', '00:48:08', 1, '0', 4200, 0, 0, 0, '0', 0, '0', 1, 15, 'N', 1, 7),
(907, 112, 'mr muqtadar billah ', 'D', 8, '2013-12-30 00:00:00', '2013-12-31 00:00:00', '2013-12-30 00:48:08', '00:48:08', 2, '0', 714, 0, 0, 0, '0', 0, '0', 1, 15, 'N', 1, 7),
(908, 94, 'MR ADEEL MALIK ', 'O', 6, '2013-12-22 00:00:00', '2013-12-30 00:00:00', '2013-12-29 00:50:32', '00:12:00', 1, '546', 4500, 0, 0, 0, '0', 0, '', 1, 15, '', 3, 7),
(909, 94, 'MR ADEEL MALIK ', 'O', 6, '2013-12-22 00:00:00', '2013-12-30 00:00:00', '2013-12-30 00:50:55', '00:12:00', 1, '31', 4500, 0, 0, 0, '0', 0, '', 1, 15, '', 3, 7),
(910, 112, 'mr muqtadar billah ', 'D', 8, '2013-12-30 00:00:00', '2013-12-31 00:00:00', '2013-09-30 02:36:12', '02:09:00', 34, '654', 3500, 0, 0, 0, '0', 0, '', 1, 15, '', 4, 7),
(911, 112, 'mr muqtadar billah ', 'D', 8, '2013-12-30 00:00:00', '2013-12-31 00:00:00', '2013-09-30 02:36:32', '02:09:00', 60, '56', 70, 0, 0, 0, '0', 0, '', 1, 15, '', 4, 7),
(912, 112, 'mr muqtadar billah ', 'D', 8, '2013-12-30 00:00:00', '2013-12-31 00:00:00', '2013-12-31 05:31:10', '05:12:00', 34, '2567', 1200, 0, 0, 0, '0', 0, '', 1, 15, '', 3, 7),
(913, 94, 'MR ADEEL MALIK ', 'O', 6, '2013-12-22 00:00:00', '2013-12-30 00:00:00', '2013-12-30 20:46:58', '20:12:00', 8, '2562', 737, 0, 0, 0, '0', 0, '', 1, 15, '', 4, 7),
(914, 62, 'Mis Zahida Nasreen', 'O', 4, '2013-12-13 00:00:00', '2013-12-30 00:00:00', '2013-12-30 20:48:10', '20:12:00', 8, '2564', 176, 0, 0, 0, '0', 0, '', 1, 15, '', 4, 7),
(915, 107, 'mis andeisha farid', 'D', 5, '2013-12-28 00:00:00', '2014-01-02 00:00:00', '2013-12-30 20:49:13', '20:12:00', 9, '2563', 181, 0, 0, 0, '0', 0, '', 1, 15, '', 4, 7),
(916, 113, 'MR MR KHURRAM SHAHZAD', 'D', 7, '2013-12-30 00:00:00', '2014-01-03 00:00:00', '2013-12-30 20:54:42', '20:54:42', 1, '0', 4200, 0, 0, 0, '0', 0, '0', 8, 15, 'N', 1, 7),
(917, 113, 'MR MR KHURRAM SHAHZAD', 'D', 7, '2013-12-30 00:00:00', '2014-01-03 00:00:00', '2013-12-30 20:54:42', '20:54:42', 2, '0', 714, 0, 0, 0, '0', 0, '0', 8, 15, 'N', 1, 7),
(918, 109, 'MR KAMRAN HAMEED', 'D', 3, '2013-12-29 00:00:00', '2014-01-02 00:00:00', '2013-12-30 23:09:35', '23:12:00', 112, '2566', 117, 0, 0, 0, '0', 0, '', 1, 15, '', 4, 7),
(919, 109, 'MR KAMRAN HAMEED', 'D', 3, '2013-12-29 00:00:00', '2014-01-02 00:00:00', '2013-12-30 23:40:48', '23:12:00', 4, '0', 1000, 0, 0, 0, '0', 0, '', 1, 15, '', 4, 7),
(920, 108, 'mr usman ur rehamn ', 'D', 1, '2013-12-29 00:00:00', '2014-01-04 00:00:00', '2013-12-30 23:41:21', '23:12:00', 1, '0', 4500, 0, 0, 0, '0', 0, '', 21, 15, '', 4, 7),
(921, 108, 'mr usman ur rehamn ', 'D', 1, '2013-12-29 00:00:00', '2014-01-04 00:00:00', '2013-12-30 23:42:05', '23:12:00', 2, '0', 765, 0, 0, 0, '0', 0, '', 21, 15, '', 4, 7),
(922, 107, 'mis andeisha farid', 'D', 5, '2013-12-28 00:00:00', '2014-01-02 00:00:00', '2013-12-30 23:44:07', '23:12:00', 4, '0', 500, 0, 0, 0, '0', 0, '', 1, 15, '', 4, 7),
(923, 112, 'mr muqtadar billah ', 'D', 8, '2013-12-30 00:00:00', '2013-12-31 00:00:00', '2013-12-31 05:28:05', '05:12:00', 9, '0', 76, 0, 0, 0, '0', 0, '', 1, 15, '', 4, 7),
(924, 112, 'mr muqtadar billah ', 'D', 8, '2013-12-30 00:00:00', '2013-12-31 00:00:00', '2013-12-31 00:08:08', '00:08:14', 48, '112', 0, 9760, 0, 1, '0', 0, '0', 1, 15, '', 5, 7),
(925, 62, 'Mis Zahida Nasreen', 'O', 4, '2013-12-13 00:00:00', '2013-12-30 00:00:00', '2013-12-31 03:43:25', '03:12:00', 1, '4645', 4000, 0, 0, 0, '0', 0, '0', 1, 15, 'N', 3, 7),
(926, 94, 'MR ADEEL MALIK ', 'O', 6, '2013-12-22 00:00:00', '2013-12-30 00:00:00', '2013-12-31 03:44:44', '03:12:00', 1, '78', 4500, 0, 0, 0, '0', 0, '0', 1, 15, 'N', 3, 7),
(927, 107, 'mis andeisha farid', 'D', 5, '2013-12-28 00:00:00', '2014-01-02 00:00:00', '2013-12-31 03:44:10', '03:12:00', 1, '789', 5200, 0, 0, 0, '0', 0, '0', 1, 15, 'N', 3, 7),
(928, 108, 'mr usman ur rehamn ', 'D', 1, '2013-12-29 00:00:00', '2014-01-04 00:00:00', '2013-12-31 03:42:34', '03:12:00', 1, '45', 4500, 0, 0, 0, '0', 0, '0', 21, 15, 'N', 3, 7),
(929, 109, 'MR KAMRAN HAMEED', 'D', 3, '2013-12-29 00:00:00', '2014-01-02 00:00:00', '2013-12-31 10:16:19', '10:01:00', 1, '456', 5000, 0, 0, 0, '0', 0, '0', 1, 15, 'N', 3, 7),
(930, 109, 'MR KAMRAN HAMEED', 'D', 3, '2013-12-29 00:00:00', '2014-01-02 00:00:00', '2013-12-31 03:41:54', '10:01:00', 3, '654', 0, 8000, 0, 0, '0', 0, '', 1, 15, '', 3, 7),
(931, 108, 'mr usman ur rehamn ', 'D', 1, '2013-12-29 00:00:00', '2014-01-04 00:00:00', '2013-12-31 03:42:38', '03:12:00', 2, '64', 765, 0, 0, 0, '0', 0, '', 21, 15, '', 4, 7),
(932, 113, 'MR MR KHURRAM SHAHZAD', 'D', 7, '2013-12-30 00:00:00', '2014-01-03 00:00:00', '2013-12-31 03:44:59', '03:12:00', 1, '564', 4200, 0, 0, 0, '0', 0, '', 8, 15, '', 4, 7),
(933, 113, 'MR MR KHURRAM SHAHZAD', 'D', 7, '2013-12-30 00:00:00', '2014-01-03 00:00:00', '2013-12-31 03:45:08', '03:12:00', 2, '65', 714, 0, 0, 0, '0', 0, '', 8, 15, '', 4, 7),
(934, 94, 'MR ADEEL MALIK ', 'O', 6, '2013-12-22 00:00:00', '2013-12-30 00:00:00', '2013-12-31 03:45:44', '03:12:00', 9, '2569', 363, 0, 0, 0, '0', 0, '', 1, 15, '', 4, 7),
(935, 107, 'mis andeisha farid', 'D', 5, '2013-12-28 00:00:00', '2014-01-02 00:00:00', '2013-12-31 18:50:31', '18:12:00', 8, '654', 1854, 0, 0, 0, '0', 0, '', 1, 15, '', 4, 7),
(936, 114, 'MR SHAHJAHAN AYUB', 'D', 8, '2013-12-31 00:00:00', '2013-12-28 00:00:00', '2013-12-31 20:53:02', '00:01:00', 1, '0', 4700, 0, 0, 0, '0', 0, '0', 29, 15, 'N', 3, 7),
(937, 114, 'MR SHAHJAHAN AYUB', 'D', 8, '2013-12-31 00:00:00', '2013-12-28 00:00:00', '2013-12-31 20:53:02', '00:01:00', 2, '0', 799, 0, 0, 0, '0', 0, '0', 29, 15, 'N', 3, 7),
(938, 115, 'MR SHAHJAHAN AYUB', 'D', 7, '2013-12-31 00:00:00', '2013-12-28 00:00:00', '2013-12-31 20:54:46', '00:01:00', 1, '0', 4700, 0, 0, 0, '0', 0, '0', 29, 15, 'N', 3, 7),
(939, 115, 'MR SHAHJAHAN AYUB', 'D', 7, '2013-12-31 00:00:00', '2013-12-28 00:00:00', '2013-12-31 20:54:46', '00:01:00', 2, '0', 799, 0, 0, 0, '0', 0, '0', 29, 15, 'N', 3, 7),
(940, 115, 'MR SHAHJAHAN AYUB', 'D', 7, '2013-12-31 00:00:00', '2013-12-28 00:00:00', '2013-12-31 22:03:18', '22:12:00', 8, '2571', 2480, 0, 0, 0, '0', 0, '', 29, 15, '', 4, 7),
(942, 109, 'MR KAMRAN HAMEED', 'D', 3, '2013-12-29 00:00:00', '2014-01-02 00:00:00', '2013-12-31 23:31:34', '23:12:00', 4, '0', 1000, 0, 0, 0, '0', 0, '', 1, 15, '', 4, 7),
(943, 107, 'mis andeisha farid', 'D', 5, '2013-12-28 00:00:00', '2014-01-02 00:00:00', '2013-12-31 23:34:26', '23:12:00', 4, '0', 500, 0, 0, 0, '0', 0, '', 1, 15, '', 4, 7),
(944, 62, 'Mis Zahida Nasreen', 'O', 4, '2013-12-13 00:00:00', '2013-12-30 00:00:00', '2014-01-01 10:17:36', '10:01:00', 1, '89', 4000, 0, 0, 0, '0', 0, '0', 1, 15, 'N', 3, 7),
(945, 94, 'MR ADEEL MALIK ', 'O', 6, '2013-12-22 00:00:00', '2013-12-30 00:00:00', '2014-01-01 10:18:45', '10:01:00', 1, '654', 4500, 0, 0, 0, '0', 0, '0', 1, 15, 'N', 3, 7),
(946, 107, 'mis andeisha farid', 'D', 5, '2013-12-28 00:00:00', '2014-01-02 00:00:00', '2014-01-01 10:18:11', '10:01:00', 1, '54', 5200, 0, 0, 0, '0', 0, '0', 1, 15, 'N', 3, 7),
(947, 108, 'mr usman ur rehamn ', 'D', 1, '2013-12-29 00:00:00', '2014-01-04 00:00:00', '2014-01-01 10:13:52', '10:01:00', 1, '1', 4500, 0, 0, 0, '0', 0, '0', 21, 15, 'N', 3, 7),
(948, 109, 'MR KAMRAN HAMEED', 'D', 3, '2013-12-29 00:00:00', '2014-01-02 00:00:00', '2014-01-01 10:16:41', '10:01:00', 1, '4', 5000, 0, 0, 0, '0', 0, '0', 1, 15, 'N', 3, 7),
(949, 113, 'MR MR KHURRAM SHAHZAD', 'D', 2, '2013-12-30 00:00:00', '2014-01-03 00:00:00', '2014-01-01 10:14:56', '10:01:00', 1, '54', 4200, 0, 0, 0, '0', 0, '0', 8, 15, 'N', 3, 7),
(950, 113, 'MR MR KHURRAM SHAHZAD', 'D', 2, '2013-12-30 00:00:00', '2014-01-03 00:00:00', '2014-01-01 10:15:08', '10:01:00', 2, '7', 714, 0, 0, 0, '0', 0, '0', 8, 15, 'N', 3, 7),
(951, 108, 'mr usman ur rehamn ', 'D', 1, '2013-12-29 00:00:00', '2014-01-04 00:00:00', '2014-01-01 10:13:55', '10:01:00', 2, '21', 765, 0, 0, 0, '0', 0, '', 21, 15, '', 4, 7),
(956, 94, 'MR ADEEL MALIK ', 'O', 6, '2013-12-22 00:00:00', '2013-12-30 00:00:00', '2014-01-01 20:30:44', '20:01:00', 8, '32', 521, 0, 0, 0, '0', 0, '', 1, 15, '', 3, 7),
(957, 107, 'mis andeisha farid', 'D', 5, '2013-12-28 00:00:00', '2014-01-02 00:00:00', '2014-01-01 20:58:53', '20:01:00', 9, '546', 181, 0, 0, 0, '0', 0, '', 1, 15, '', 3, 7),
(958, 114, 'MR SHAHJAHAN AYUB', 'D', 8, '2013-12-31 00:00:00', '2013-12-28 00:00:00', '2013-12-28 02:40:31', '02:40:35', 19, '114', 0, 0, 5499, 0, '0', 0, '3', 29, 15, '', 5, 7),
(959, 115, 'MR SHAHJAHAN AYUB', 'D', 7, '2013-12-31 00:00:00', '2013-12-28 00:00:00', '2013-12-28 02:41:02', '02:41:06', 19, '115', 0, 0, 7979, 0, '0', 0, '3', 29, 15, '', 5, 7),
(960, 116, 'mr khawar wahab ', 'D', 8, '2014-01-01 00:00:00', '2014-01-02 00:00:00', '2014-01-01 02:43:53', '02:43:53', 1, '0', 4200, 0, 0, 0, '0', 0, '0', 5, 15, 'N', 1, 7),
(961, 116, 'mr khawar wahab ', 'D', 8, '2014-01-01 00:00:00', '2014-01-02 00:00:00', '2014-01-01 02:43:53', '02:43:53', 2, '0', 714, 0, 0, 0, '0', 0, '0', 5, 15, 'N', 1, 7),
(962, 117, 'syed afzal ali ', 'D', 7, '2014-01-01 00:00:00', '2014-01-02 00:00:00', '2014-01-01 02:45:53', '02:45:53', 1, '0', 4200, 0, 0, 0, '0', 0, '0', 5, 15, 'N', 1, 7),
(963, 117, 'syed afzal ali ', 'D', 7, '2014-01-01 00:00:00', '2014-01-02 00:00:00', '2014-01-01 02:45:53', '02:45:53', 2, '0', 714, 0, 0, 0, '0', 0, '0', 5, 15, 'N', 1, 7),
(964, 109, 'MR KAMRAN HAMEED', 'D', 3, '2013-12-29 00:00:00', '2014-01-02 00:00:00', '2014-01-01 20:34:17', '20:01:00', 4, '0', 1000, 0, 0, 0, '0', 0, '', 1, 15, '', 4, 7),
(965, 107, 'mis andeisha farid', 'D', 5, '2013-12-28 00:00:00', '2014-01-02 00:00:00', '2014-01-01 20:34:57', '20:01:00', 4, '0', 500, 0, 0, 0, '0', 0, '', 1, 15, '', 4, 7),
(966, 107, 'mis andeisha farid', 'D', 5, '2013-12-28 00:00:00', '2014-01-02 00:00:00', '2013-12-28 21:01:10', '23:12:00', 34, '0', 1200, 0, 0, 0, '0', 0, '', 1, 15, '', 3, 7),
(967, 107, 'mis andeisha farid', 'D', 5, '2013-12-28 00:00:00', '2014-01-02 00:00:00', '2014-12-01 21:08:11', '21:12:00', 9, '2575', 181, 0, 0, 0, '0', 0, '', 1, 15, '', 4, 7),
(970, 109, 'MR KAMRAN HAMEED', 'D', 3, '2013-12-29 00:00:00', '2014-01-02 00:00:00', '2014-12-02 07:07:19', '07:12:00', 3, '0', 0, 20000, 0, 0, '0', 0, '', 1, 15, '', 4, 7),
(971, 117, 'syed afzal ali ', 'D', 7, '2014-01-01 00:00:00', '2014-01-02 00:00:00', '2014-01-02 02:15:06', '02:01:00', 9, '54', 105, 0, 0, 0, '0', 0, '', 5, 15, '', 4, 7),
(972, 116, 'mr khawar wahab ', 'D', 8, '2014-01-01 00:00:00', '2014-01-02 00:00:00', '2014-01-02 02:16:23', '02:01:00', 9, '654', 105, 0, 0, 0, '0', 0, '', 5, 15, '', 4, 7),
(973, 117, 'syed afzal ali ', 'D', 7, '2014-01-01 00:00:00', '2014-01-02 00:00:00', '2014-01-02 01:44:39', '01:44:43', 19, '117', 0, 0, 5019, 0, '0', 0, '3', 5, 15, '', 5, 7),
(974, 116, 'mr khawar wahab ', 'D', 8, '2014-01-01 00:00:00', '2014-01-02 00:00:00', '2014-01-02 01:44:54', '01:44:58', 19, '116', 0, 0, 5019, 0, '0', 0, '3', 5, 15, '', 5, 7),
(975, 109, 'MR KAMRAN HAMEED', 'D', 3, '2013-12-29 00:00:00', '2014-01-02 00:00:00', '2014-01-02 01:45:24', '01:45:27', 48, '109', 0, 7977, 0, 1, '0', 0, '0', 1, 15, '', 5, 7),
(976, 107, 'mis andeisha farid', 'D', 5, '2013-12-28 00:00:00', '2014-01-02 00:00:00', '2014-01-02 01:45:45', '01:45:48', 48, '107', 0, 31597, 0, 1, '0', 0, '0', 1, 15, '', 5, 7),
(977, 62, 'Mis Zahida Nasreen', 'O', 4, '2013-12-13 00:00:00', '2013-12-30 00:00:00', '2014-01-02 19:14:19', '19:01:00', 1, '-1', 4000, 0, 0, 0, '0', 0, '0', 1, 15, 'N', 3, 7),
(978, 94, 'MR ADEEL MALIK ', 'O', 6, '2013-12-22 00:00:00', '2013-12-30 00:00:00', '2014-01-02 19:13:47', '19:01:00', 1, '54', 4500, 0, 0, 0, '0', 0, '0', 1, 15, 'N', 3, 7),
(979, 108, 'mr usman ur rehamn ', 'D', 1, '2013-12-29 00:00:00', '2014-01-04 00:00:00', '2014-01-02 20:07:52', '20:01:00', 1, '0', 4500, 0, 0, 0, '0', 0, '0', 21, 15, 'N', 3, 7),
(980, 113, 'MR MR KHURRAM SHAHZAD', 'D', 2, '2013-12-30 00:00:00', '2014-01-03 00:00:00', '2014-01-02 19:14:43', '19:01:00', 1, '0', 4200, 0, 0, 0, '0', 0, '0', 8, 15, 'N', 3, 7),
(981, 113, 'MR MR KHURRAM SHAHZAD', 'D', 2, '2013-12-30 00:00:00', '2014-01-03 00:00:00', '2014-01-02 19:14:59', '19:01:00', 2, '0', 714, 0, 0, 0, '0', 0, '0', 8, 15, 'N', 3, 7),
(982, 118, 'syed farhan khursheed ', 'D', 5, '2014-01-02 00:00:00', '2014-01-03 00:00:00', '2014-01-02 19:08:41', '12:01:00', 1, '654', 4700, 0, 0, 0, '0', 0, '0', 1, 15, 'N', 3, 7),
(983, 118, 'syed farhan khursheed ', 'D', 5, '2014-01-02 00:00:00', '2014-01-03 00:00:00', '2014-01-02 19:08:41', '12:01:00', 2, '654', 799, 0, 0, 0, '0', 0, '0', 1, 15, 'N', 3, 7),
(984, 118, 'syed farhan khursheed ', 'D', 5, '2014-01-02 00:00:00', '2014-01-03 00:00:00', '2014-01-02 19:09:18', '12:01:00', 8, '2577', 751, 0, 0, 0, '0', 0, '', 1, 15, '', 3, 7),
(985, 118, 'syed farhan khursheed ', 'D', 5, '2014-01-02 00:00:00', '2014-01-03 00:00:00', '2014-01-02 19:09:38', '19:01:00', 3, '64', 0, 10000, 0, 0, '0', 0, '', 1, 15, '', 4, 7),
(986, 94, 'MR ADEEL MALIK ', 'O', 6, '2013-12-22 00:00:00', '2013-12-30 00:00:00', '2014-01-02 19:10:50', '19:01:00', 9, '64', 468, 0, 0, 0, '0', 0, '', 1, 15, '', 4, 7),
(988, 94, 'MR ADEEL MALIK ', 'O', 6, '2013-12-23 00:00:00', '2014-01-02 00:00:00', '2014-01-02 19:25:59', '19:01:00', 15, '65', 500, 0, 0, 0, '0', 0, '', 1, 15, '', 4, 7),
(989, 108, 'mr usman ur rehamn ', 'D', 1, '2013-12-29 00:00:00', '2014-01-04 00:00:00', '2014-01-02 20:08:04', '20:01:00', 2, '0', 765, 0, 0, 0, '0', 0, '', 21, 15, '', 4, 7),
(990, 118, 'syed farhan khursheed ', 'D', 5, '2014-01-02 00:00:00', '2014-01-03 00:00:00', '2014-12-03 01:54:24', '12:01:00', 4, '0', 500, 0, 0, 0, '0', 0, '', 1, 15, '', 3, 7),
(991, 113, 'MR MR KHURRAM SHAHZAD', 'D', 2, '2013-12-30 00:00:00', '2014-01-03 00:00:00', '2014-01-03 11:48:41', '11:48:46', 19, '113', 0, 0, 19656, 0, '0', 0, '3', 8, 15, '', 5, 7),
(992, 118, 'syed farhan khursheed ', 'D', 5, '2014-01-02 00:00:00', '2014-01-03 00:00:00', '2014-01-03 11:49:00', '11:01:00', 34, '321', 6000, 0, 0, 0, '0', 0, '', 1, 15, '', 4, 7),
(993, 119, 'syed farhan khursheed ', 'D', 3, '2014-01-02 00:00:00', '2014-01-03 00:00:00', '2014-01-02 12:18:10', '12:18:10', 1, '0', 4700, 0, 0, 0, '0', 0, '0', 1, 15, 'N', 1, 7),
(994, 119, 'syed farhan khursheed ', 'D', 3, '2014-01-02 00:00:00', '2014-01-03 00:00:00', '2014-01-02 12:18:10', '12:18:10', 2, '0', 799, 0, 0, 0, '0', 0, '0', 1, 15, 'N', 1, 7),
(995, 120, 'syed farhan khursheed ', 'D', 7, '2014-01-02 00:00:00', '2014-01-03 00:00:00', '2014-01-02 12:19:24', '12:19:24', 1, '0', 4700, 0, 0, 0, '0', 0, '0', 1, 15, 'N', 1, 7),
(996, 120, 'syed farhan khursheed ', 'D', 7, '2014-01-02 00:00:00', '2014-01-03 00:00:00', '2014-01-02 12:19:24', '12:19:24', 2, '0', 799, 0, 0, 0, '0', 0, '0', 1, 15, 'N', 1, 7),
(997, 121, 'syed farhan khursheed ', 'D', 8, '2014-01-02 00:00:00', '2014-01-03 00:00:00', '2014-01-02 12:20:29', '12:20:29', 1, '0', 4700, 0, 0, 0, '0', 0, '0', 1, 15, 'N', 1, 7),
(998, 121, 'syed farhan khursheed ', 'D', 8, '2014-01-02 00:00:00', '2014-01-03 00:00:00', '2014-01-02 12:20:29', '12:20:29', 2, '0', 799, 0, 0, 0, '0', 0, '0', 1, 15, 'N', 1, 7),
(999, 119, 'syed farhan khursheed ', 'D', 3, '2014-01-02 00:00:00', '2014-01-03 00:00:00', '2014-01-03 12:21:09', '12:01:00', 8, '65', 751, 0, 0, 0, '0', 0, '', 1, 15, '', 3, 7),
(1000, 120, 'syed farhan khursheed ', 'D', 7, '2014-01-02 00:00:00', '2014-01-03 00:00:00', '2014-01-03 12:25:22', '12:01:00', 8, '654', 751, 0, 0, 0, '0', 0, '', 1, 15, '', 4, 7),
(1001, 121, 'syed farhan khursheed ', 'D', 8, '2014-01-02 00:00:00', '2014-01-03 00:00:00', '2014-01-03 12:25:41', '12:01:00', 8, '654', 751, 0, 0, 0, '0', 0, '', 1, 15, '', 4, 7),
(1003, 119, 'syed farhan khursheed ', 'D', 3, '2014-01-02 00:00:00', '2014-01-03 00:00:00', '2014-01-03 12:26:48', '12:01:00', 9, '654', 181, 0, 0, 0, '0', 0, '', 1, 15, '', 4, 7),
(1004, 118, 'syed farhan khursheed ', 'D', 5, '2014-01-02 00:00:00', '2014-01-03 00:00:00', '2014-01-03 12:27:46', '12:01:00', 8, '4', 293, 0, 0, 0, '0', 0, '', 1, 15, '', 4, 7),
(1005, 118, 'syed farhan khursheed ', 'D', 5, '2014-01-02 00:00:00', '2014-01-03 00:00:00', '2014-01-03 12:28:29', '12:01:00', 9, '23', 152, 0, 0, 0, '0', 0, '', 1, 15, '', 4, 7),
(1006, 120, 'syed farhan khursheed ', 'D', 7, '2014-01-02 00:00:00', '2014-01-03 00:00:00', '2014-01-03 12:31:21', '12:01:00', 9, '654', 468, 0, 0, 0, '0', 0, '', 1, 15, '', 4, 7),
(1007, 121, 'syed farhan khursheed ', 'D', 8, '2014-01-02 00:00:00', '2014-01-03 00:00:00', '2014-01-03 12:32:36', '12:01:00', 8, '1029', 661, 0, 0, 0, '0', 0, '', 1, 15, '', 3, 7),
(1008, 121, 'syed farhan khursheed ', 'D', 8, '2014-01-02 00:00:00', '2014-01-03 00:00:00', '2014-01-03 12:32:46', '12:01:00', 9, '654', 257, 0, 0, 0, '0', 0, '', 1, 15, '', 4, 7),
(1009, 121, 'syed farhan khursheed ', 'D', 8, '2014-01-02 00:00:00', '2014-01-03 00:00:00', '2014-01-03 12:33:05', '12:01:00', 25, '45', 500, 0, 0, 0, '0', 0, '', 1, 15, '', 4, 7),
(1010, 118, 'syed farhan khursheed ', 'D', 5, '2014-01-02 00:00:00', '2014-01-03 00:00:00', '2014-01-03 15:22:10', '15:22:14', 48, '118', 0, 3195, 0, 1, '0', 0, '0', 1, 15, '', 5, 7),
(1011, 119, 'syed farhan khursheed ', 'D', 3, '2014-01-02 00:00:00', '2014-01-03 00:00:00', '2014-01-03 15:22:29', '15:22:31', 48, '119', 0, 6431, 0, 1, '0', 0, '0', 1, 15, '', 5, 7),
(1012, 121, 'syed farhan khursheed ', 'D', 8, '2014-01-02 00:00:00', '2014-01-03 00:00:00', '2014-01-03 15:22:42', '15:22:44', 48, '121', 0, 7668, 0, 1, '0', 0, '0', 1, 15, '', 5, 7),
(1014, 123, 'MR NOMAN AHMED ', 'D', 8, '2014-01-03 00:00:00', '2014-01-05 00:00:00', '2014-01-03 21:13:11', '21:01:00', 1, '0', 4500, 0, 0, 0, '0', 0, '0', 1, 15, 'N', 3, 7),
(1015, 123, 'MR NOMAN AHMED ', 'D', 8, '2014-01-03 00:00:00', '2014-01-05 00:00:00', '2014-01-03 21:13:21', '21:01:00', 2, '0', 765, 0, 0, 0, '0', 0, '0', 1, 15, 'N', 3, 7),
(1016, 124, 'SYED AHMED REZA ', 'D', 3, '2014-01-03 00:00:00', '2014-01-05 00:00:00', '2014-01-03 21:18:27', '21:01:00', 1, '0', 5500, 0, 0, 0, '0', 0, '0', 1, 15, 'N', 3, 7),
(1017, 120, 'syed farhan khursheed ', 'D', 7, '2014-01-02 00:00:00', '2014-01-03 00:00:00', '2014-01-03 15:31:42', '15:31:44', 48, '120', 0, 6718, 0, 1, '0', 0, '0', 1, 15, '', 5, 7),
(1018, 124, 'SYED AHMED REZA ', 'D', 3, '2014-01-03 00:00:00', '2014-01-05 00:00:00', '2014-01-03 15:32:10', '15:01:00', 3, '56', 0, 2000, 0, 0, '0', 0, '', 1, 15, '', 4, 7),
(1019, 123, 'MR NOMAN AHMED ', 'D', 8, '2014-01-03 00:00:00', '2014-01-05 00:00:00', '2014-01-03 15:32:46', '15:01:00', 3, '12', 0, 10000, 0, 0, '0', 0, '', 1, 15, '', 4, 7),
(1020, 122, 'MR ATIF HUSAIN', 'D', 5, '2014-01-03 00:00:00', '2014-01-05 00:00:00', '2014-01-03 15:59:53', '23:12:00', 34, '2597', 21000, 0, 0, 0, '0', 0, '', 1, 15, '', 3, 7),
(1021, 123, 'MR NOMAN AHMED ', 'D', 8, '2014-01-03 00:00:00', '2014-01-05 00:00:00', '2014-01-03 16:04:24', '16:01:00', 8, '2585', 2627, 0, 0, 0, '0', 0, '', 1, 15, '', 4, 7),
(1022, 124, 'SYED AHMED REZA ', 'D', 3, '2014-01-03 00:00:00', '2014-01-05 00:00:00', '2014-01-03 17:27:51', '17:01:00', 8, '2586', 398, 0, 0, 0, '0', 0, '', 1, 15, '', 4, 7),
(1023, 94, 'MR ADEEL MALIK ', 'O', 6, '2013-12-23 00:00:00', '2014-01-04 00:00:00', '2014-01-03 18:05:48', '18:01:00', 145, '2587', 140, 0, 0, 0, '0', 0, '', 1, 15, '', 3, 7),
(1024, 123, 'MR NOMAN AHMED ', 'D', 8, '2014-01-03 00:00:00', '2014-01-05 00:00:00', '2014-01-03 19:44:39', '19:01:00', 109, '2588', 866, 0, 0, 0, '0', 0, '', 1, 15, '', 4, 7),
(1025, 122, 'MR ATIF HUSAIN', 'D', 5, '2014-01-03 00:00:00', '2014-01-05 00:00:00', '2014-01-03 20:51:30', '20:01:00', 4, '0', 500, 0, 0, 0, '0', 0, '', 1, 15, '', 4, 7),
(1026, 123, 'MR NOMAN AHMED ', 'D', 8, '2014-01-03 00:00:00', '2014-01-05 00:00:00', '2014-01-03 20:52:44', '20:01:00', 4, '0', 1000, 0, 0, 0, '0', 0, '', 1, 15, '', 4, 7),
(1029, 108, 'mr usman ur rehamn ', 'D', 1, '2013-12-29 00:00:00', '2014-01-04 00:00:00', '2014-01-03 21:10:06', '21:01:00', 1, '0', 4500, 0, 0, 0, '0', 0, '0', 21, 15, 'N', 3, 7),
(1034, 108, 'mr usman ur rehamn ', 'D', 1, '2013-12-29 00:00:00', '2014-01-04 00:00:00', '2014-01-03 21:10:15', '21:01:00', 2, '0', 765, 0, 0, 0, '0', 0, '', 21, 15, '', 4, 7),
(1035, 62, 'Mis Zahida Nasreen', 'O', 4, '2013-12-13 00:00:00', '2014-01-04 00:00:00', '2014-01-03 21:18:53', '21:01:00', 1, '0', 4000, 0, 0, 0, '0', 0, '', 1, 15, '', 4, 7),
(1036, 122, 'MR ATIF HUSAIN', 'D', 5, '2014-01-03 00:00:00', '2014-01-05 00:00:00', '2014-01-03 22:31:33', '22:01:00', 8, '2589', 1404, 0, 0, 0, '0', 0, '', 1, 15, '', 4, 7),
(1037, 94, 'MR ADEEL MALIK ', 'O', 6, '2013-12-23 00:00:00', '2014-01-04 00:00:00', '2014-01-04 00:56:27', '00:01:00', 142, '2590', 211, 0, 0, 0, '0', 0, '', 1, 15, '', 4, 7),
(1038, 94, 'MR ADEEL MALIK ', 'O', 6, '2013-12-23 00:00:00', '2014-01-04 00:00:00', '2014-01-04 08:18:08', '08:01:00', 142, '2591', 105, 0, 0, 0, '0', 0, '', 1, 15, '', 4, 7),
(1039, 108, 'mr usman ur rehamn ', 'D', 1, '2013-12-29 00:00:00', '2014-01-04 00:00:00', '2014-01-04 10:50:03', '10:01:00', 9, '2569', 257, 0, 0, 0, '0', 0, '', 21, 15, '', 4, 7),
(1041, 94, 'MR ADEEL MALIK ', 'O', 6, '2013-12-23 00:00:00', '2014-01-04 00:00:00', '2014-01-03 13:19:55', '13:19:55', 1, '-', 4500, 0, 0, 0, '0', 0, '0', 1, 15, 'N', 2, 7),
(1042, 108, 'mr usman ur rehamn ', 'D', 1, '2013-12-29 00:00:00', '2014-01-04 00:00:00', '2014-01-03 13:19:55', '13:19:55', 1, '-', 4500, 0, 0, 0, '0', 0, '0', 21, 15, 'N', 2, 7),
(1043, 122, 'MR ATIF HUSAIN', 'D', 5, '2014-01-03 00:00:00', '2014-01-05 00:00:00', '2014-01-03 13:19:55', '13:19:55', 1, '-', 6300, 0, 0, 0, '0', 0, '0', 1, 15, 'N', 2, 7),
(1044, 125, 'mr muhammad sharif ', 'D', 7, '2014-01-04 00:00:00', '2014-01-06 00:00:00', '2014-01-04 16:53:28', '16:53:28', 1, '0', 9000, 0, 0, 0, '0', 0, '0', 37, 15, 'N', 1, 7),
(1045, 125, 'mr muhammad sharif ', 'D', 7, '2014-01-04 00:00:00', '2014-01-06 00:00:00', '2014-01-04 16:53:28', '16:53:28', 2, '0', 1530, 0, 0, 0, '0', 0, '0', 37, 15, 'N', 1, 7),
(1046, 108, 'mr usman ur rehamn ', 'D', 1, '2013-12-29 00:00:00', '2014-01-04 00:00:00', '2014-01-04 16:54:02', '16:54:07', 48, '108', 0, 36347, 0, 0, '1', 0, '2', 21, 15, '', 5, 7),
(1047, 94, 'MR ADEEL MALIK ', 'O', 6, '2013-12-23 00:00:00', '2014-01-04 00:00:00', '2014-01-04 20:35:48', '20:01:00', 9, '56', 468, 0, 0, 0, '0', 0, '', 1, 15, '', 4, 7);
INSERT INTO `hms_guest_ledger` (`id`, `chkin_id`, `guest_name`, `room_status`, `room_id`, `chkin_date`, `chkout_date`, `c_date`, `c_time`, `service_id`, `remarks`, `debit`, `credit`, `balance`, `cash_paid`, `credit_card`, `credit_card_no`, `btc`, `company_id`, `user_id`, `late_out`, `day_close`, `branch_id`) VALUES
(1048, 123, 'MR NOMAN AHMED ', 'D', 8, '2014-01-03 00:00:00', '2014-01-05 00:00:00', '2014-01-04 20:36:20', '20:01:00', 1, '45', 4500, 0, 0, 0, '0', 0, '', 1, 15, '', 4, 7),
(1049, 123, 'MR NOMAN AHMED ', 'D', 8, '2014-01-03 00:00:00', '2014-01-05 00:00:00', '2014-01-04 20:36:35', '20:01:00', 2, '456', 765, 0, 0, 0, '0', 0, '', 1, 15, '', 4, 7),
(1051, 122, 'MR ATIF HUSAIN', 'D', 5, '2014-01-03 00:00:00', '2014-01-05 00:00:00', '2014-01-04 20:38:12', '20:01:00', 1, '63', 6300, 0, 0, 0, '0', 0, '', 1, 15, '', 4, 7),
(1052, 125, 'mr muhammad sharif ', 'D', 7, '2014-01-04 00:00:00', '2014-01-06 00:00:00', '2014-01-04 20:38:50', '20:01:00', 8, '2594', 3510, 0, 0, 0, '0', 0, '', 37, 15, '', 4, 7),
(1053, 122, 'MR ATIF HUSAIN', 'D', 5, '2014-01-03 00:00:00', '2014-01-05 00:00:00', '2014-01-04 20:55:24', '20:01:00', 4, '0', 500, 0, 0, 0, '0', 0, '', 1, 15, '', 4, 7),
(1054, 126, 'MR SAAD WALI', 'D', 1, '2014-01-04 00:00:00', '2014-01-05 00:00:00', '2014-01-04 22:05:17', '22:05:17', 1, '0', 4500, 0, 0, 0, '0', 0, '0', 1, 15, 'N', 1, 7),
(1055, 126, 'MR SAAD WALI', 'D', 1, '2014-01-04 00:00:00', '2014-01-05 00:00:00', '2014-01-04 22:05:17', '22:05:17', 2, '0', 765, 0, 0, 0, '0', 0, '0', 1, 15, 'N', 1, 7),
(1056, 126, 'MR SAAD WALI', 'D', 1, '2014-01-04 00:00:00', '2014-01-05 00:00:00', '2014-12-04 22:05:30', '22:12:00', 3, '0', 0, 1000, 0, 0, '0', 0, '', 1, 15, '', 4, 7),
(1057, 125, 'mr muhammad sharif ', 'D', 7, '2014-01-04 00:00:00', '2014-01-06 00:00:00', '2014-12-04 23:04:49', '23:12:00', 139, '2595', 456, 0, 0, 0, '0', 0, '', 37, 15, '', 4, 7),
(1058, 123, 'MR NOMAN AHMED ', 'D', 8, '2014-01-03 00:00:00', '2014-01-05 00:00:00', '2014-12-04 23:21:29', '23:12:00', 8, '2596', 1448, 0, 0, 0, '0', 0, '', 1, 15, '', 4, 7),
(1059, 126, 'MR SAAD WALI', 'D', 1, '2014-01-04 00:00:00', '2014-01-05 00:00:00', '2014-12-04 00:47:10', '00:12:00', 8, '2598', 942, 0, 0, 0, '0', 0, '', 1, 15, '', 3, 7),
(1060, 124, 'SYED AHMED REZA ', 'D', 2, '2014-01-03 00:00:00', '2014-01-05 00:00:00', '2014-12-04 00:46:24', '00:12:00', 8, '2599', 882, 0, 0, 0, '0', 0, '', 1, 15, '', 3, 7),
(1061, 124, 'SYED AHMED REZA ', 'D', 2, '2014-01-03 00:00:00', '2014-01-05 00:00:00', '2014-12-04 00:46:14', '00:12:00', 145, '2600', 140, 0, 0, 0, '0', 0, '', 1, 15, '', 3, 7),
(1062, 62, 'Mis Zahida Nasreen', 'O', 4, '2013-12-13 00:00:00', '2014-01-04 00:00:00', '2014-01-04 00:45:32', '21:12:00', 1, '0', 4000, 0, 0, 0, '0', 0, '0', 1, 15, 'N', 3, 7),
(1063, 94, 'MR ADEEL MALIK ', 'O', 6, '2013-12-23 00:00:00', '2014-01-04 00:00:00', '2014-01-04 00:45:32', '00:45:32', 1, '-', 4500, 0, 0, 0, '0', 0, '0', 1, 15, 'N', 2, 7),
(1067, 124, 'SYED AHMED REZA ', 'D', 2, '2014-01-03 00:00:00', '2014-01-05 00:00:00', '2014-01-04 00:45:32', '10:01:00', 1, '-0', 5000, 0, 0, 0, '0', 0, '0', 1, 15, 'N', 3, 7),
(1072, 123, 'MR NOMAN AHMED ', 'D', 8, '2014-01-03 00:00:00', '2014-01-05 00:00:00', '2014-12-04 00:53:23', '00:12:00', 4, '0', 1000, 0, 0, 0, '0', 0, '', 1, 15, '', 3, 7),
(1073, 125, 'mr muhammad sharif ', 'D', 7, '2014-01-04 00:00:00', '2014-01-06 00:00:00', '2014-01-05 11:28:56', '11:01:00', 8, '2452', 889, 0, 0, 0, '0', 0, '', 37, 15, '', 4, 7),
(1074, 123, 'MR NOMAN AHMED ', 'D', 8, '2014-01-03 00:00:00', '2014-01-05 00:00:00', '2014-01-05 11:30:05', '11:01:00', 9, '65', 105, 0, 0, 0, '0', 0, '', 1, 15, '', 4, 7),
(1078, 122, 'MR ATIF HUSAIN', 'D', 5, '2014-01-03 00:00:00', '2014-01-05 00:00:00', '2014-01-05 11:58:02', '11:01:00', 34, '546', 1200, 0, 0, 0, '0', 0, '', 1, 15, '', 4, 7),
(1081, 125, 'mr muhammad sharif ', 'D', 7, '2014-01-04 00:00:00', '2014-01-06 00:00:00', '2014-01-05 01:17:08', '01:01:00', 3, '321', 0, 10500, 0, 0, '0', 0, '', 37, 15, '', 4, 7),
(1082, 126, 'MR SAAD WALI', 'D', 1, '2014-01-04 00:00:00', '2014-01-05 00:00:00', '2014-01-05 01:21:09', '01:01:00', 9, '6454', 105, 0, 0, 0, '0', 0, '', 1, 15, '', 4, 7),
(1083, 124, 'SYED AHMED REZA ', 'D', 2, '2014-01-03 00:00:00', '2014-01-05 00:00:00', '2014-01-05 02:49:16', '02:01:00', 9, '654', 105, 0, 0, 0, '0', 0, '', 1, 15, '', 4, 7),
(1084, 124, 'SYED AHMED REZA ', 'D', 2, '2014-01-03 00:00:00', '2014-01-05 00:00:00', '2014-01-05 02:50:33', '02:50:35', 48, '124', 0, 10025, 0, 1, '0', 0, '0', 1, 15, '', 5, 7),
(1085, 126, 'MR SAAD WALI', 'D', 1, '2014-01-04 00:00:00', '2014-01-05 00:00:00', '2014-01-05 02:50:51', '02:50:54', 48, '126', 0, 5312, 0, 1, '0', 0, '0', 1, 15, '', 5, 7),
(1088, 123, 'MR NOMAN AHMED ', 'D', 8, '2014-01-03 00:00:00', '2014-01-05 00:00:00', '2014-01-05 03:45:29', '03:45:32', 48, '123', 0, 7576, 0, 1, '0', 0, '0', 1, 15, '', 5, 7),
(1089, 122, 'MR ATIF HUSAIN', 'D', 5, '2014-01-03 00:00:00', '2014-01-05 00:00:00', '2014-01-05 03:46:10', '03:46:16', 48, '122', 0, 37204, 0, 0, '1', 0, '2', 1, 15, '', 5, 7),
(1090, 128, 'MR AIYAN BHUTTH', 'D', 2, '2014-01-05 00:00:00', '2014-01-06 00:00:00', '2014-01-05 22:23:04', '22:01:00', 1, '0', 4500, 0, 0, 0, '0', 0, '0', 1, 15, 'N', 3, 7),
(1092, 125, 'mr muhammad sharif ', 'D', 7, '2014-01-04 00:00:00', '2014-01-06 00:00:00', '2014-01-05 21:25:11', '22:01:00', 8, '2454', 3695, 0, 0, 0, '0', 0, '', 37, 15, '', 3, 7),
(1093, 127, 'mr sarwar maniar', 'D', 8, '2014-01-05 00:00:00', '2014-01-08 00:00:00', '2014-01-05 21:44:53', '22:01:00', 4, '0', 500, 0, 0, 0, '0', 0, '', 1, 15, '', 3, 7),
(1094, 125, 'mr muhammad sharif ', 'D', 7, '2014-01-04 00:00:00', '2014-01-06 00:00:00', '2014-01-05 21:45:51', '22:01:00', 4, '0', 500, 0, 0, 0, '0', 0, '', 37, 15, '', 3, 7),
(1095, 129, 'MR ASIM SAEED', 'D', 5, '2014-12-05 00:00:00', '2014-01-06 00:00:00', '2014-01-05 22:22:39', '22:01:00', 1, '0', 5000, 0, 0, 0, '0', 0, '0', 1, 15, 'N', 3, 7),
(1097, 62, 'Mis Zahida Nasreen', 'O', 4, '2013-12-13 00:00:00', '2014-01-04 00:00:00', '2014-01-05 22:24:41', '22:01:00', 1, '0', 4000, 0, 0, 0, '0', 0, '', 1, 15, '', 4, 7),
(1098, 127, 'mr sarwar maniar', 'D', 8, '2014-01-05 00:00:00', '2014-01-08 00:00:00', '2014-01-05 22:43:46', '22:01:00', 59, '2456', 94, 0, 0, 0, '0', 0, '', 1, 15, '', 4, 7),
(1099, 125, 'mr muhammad sharif ', 'D', 7, '2014-01-04 00:00:00', '2014-01-06 00:00:00', '2014-01-05 22:44:22', '22:01:00', 143, '2455', 445, 0, 0, 0, '0', 0, '', 37, 15, '', 4, 7),
(1100, 125, 'mr muhammad sharif ', 'D', 7, '2014-01-04 00:00:00', '2014-01-06 00:00:00', '2014-01-05 22:54:52', '22:01:00', 1, '0', 9000, 0, 0, 0, '0', 0, '', 37, 15, '', 4, 7),
(1101, 125, 'mr muhammad sharif ', 'D', 7, '2014-01-04 00:00:00', '2014-01-06 00:00:00', '2014-01-05 22:55:26', '22:01:00', 2, '0', 1530, 0, 0, 0, '0', 0, '', 37, 15, '', 4, 7),
(1102, 125, 'mr muhammad sharif ', 'D', 7, '2014-01-04 00:00:00', '2014-01-06 00:00:00', '2014-01-05 23:27:06', '23:01:00', 3, '0', 0, 20000, 0, 0, '0', 0, '', 37, 15, '', 4, 7),
(1103, 94, 'MR ADEEL MALIK ', 'O', 6, '2013-12-23 00:00:00', '2014-01-04 00:00:00', '2014-01-05 00:15:19', '00:01:00', 1, '0', 4500, 0, 0, 0, '0', 0, '', 1, 15, '', 3, 7),
(1104, 129, 'MR ASIM SAEED', 'D', 5, '2014-12-05 00:00:00', '2014-01-06 00:00:00', '2014-01-05 00:16:47', '00:01:00', 62, '2457', 211, 0, 0, 0, '0', 0, '', 1, 15, '', 3, 7),
(1105, 129, 'MR ASIM SAEED', 'D', 5, '2014-12-05 00:00:00', '2014-01-06 00:00:00', '2014-12-06 08:06:41', '08:12:00', 145, '2458', 140, 0, 0, 0, '0', 0, '', 1, 15, '', 4, 7),
(1106, 129, 'MR ASIM SAEED', 'D', 5, '2014-12-05 00:00:00', '2014-01-06 00:00:00', '2014-01-06 02:04:08', '02:01:00', 9, '654', 76, 0, 0, 0, '0', 0, '', 1, 15, '', 4, 7),
(1111, 129, 'MR ASIM SAEED', 'D', 5, '2014-12-05 00:00:00', '2014-01-06 00:00:00', '2014-01-06 00:04:38', '00:04:40', 48, '129', 0, 5427, 0, 1, '0', 0, '0', 1, 15, '', 5, 7),
(1112, 125, 'mr muhammad sharif ', 'D', 7, '2014-01-04 00:00:00', '2014-01-06 00:00:00', '2014-01-06 00:05:32', '00:01:00', 8, '2589', 1071, 0, 0, 0, '0', 0, '', 37, 15, '', 4, 7),
(1113, 127, 'mr sarwar maniar', 'D', 8, '2014-01-05 00:00:00', '2014-01-08 00:00:00', '2014-01-06 00:06:31', '00:01:00', 8, '546', 293, 0, 0, 0, '0', 0, '', 1, 15, '', 4, 7),
(1114, 125, 'mr muhammad sharif ', 'D', 7, '2014-01-04 00:00:00', '2014-01-06 00:00:00', '2014-01-06 00:30:02', '00:01:00', 9, '546', 228, 0, 0, 0, '0', 0, '', 37, 15, '', 4, 7),
(1115, 130, 'MR WAQAS AHMAD', 'D', 1, '2014-01-06 00:00:00', '2014-01-07 00:00:00', '2014-01-06 14:47:16', '14:47:16', 1, '0', 4200, 0, 0, 0, '0', 0, '0', 1, 15, 'N', 1, 7),
(1116, 130, 'MR WAQAS AHMAD', 'D', 1, '2014-01-06 00:00:00', '2014-01-07 00:00:00', '2014-01-06 14:47:16', '14:47:16', 2, '0', 714, 0, 0, 0, '0', 0, '0', 1, 15, 'N', 1, 7),
(1117, 128, 'MR AIYAN BHUTTH', 'D', 2, '2014-01-05 00:00:00', '2014-01-06 00:00:00', '2014-01-06 14:50:24', '14:50:28', 48, '128', 0, 4500, 0, 1, '0', 0, '0', 1, 15, '', 5, 7),
(1118, 127, 'mr sarwar maniar', 'D', 8, '2014-01-05 00:00:00', '2014-01-08 00:00:00', '2014-01-06 15:38:15', '15:01:00', 9, '2461', 181, 0, 0, 0, '0', 0, '', 1, 15, '', 4, 7),
(1119, 125, 'mr muhammad sharif ', 'D', 7, '2014-01-04 00:00:00', '2014-01-06 00:00:00', '2014-12-06 17:30:19', '17:12:00', 8, '2462', 2771, 0, 0, 0, '0', 0, '', 37, 15, '', 4, 7),
(1120, 125, 'mr muhammad sharif ', 'D', 7, '2014-01-04 00:00:00', '2014-01-06 00:00:00', '2014-12-06 17:33:25', '17:12:00', 9, '2463', 556, 0, 0, 0, '0', 0, '', 37, 15, '', 4, 7),
(1123, 132, 'MR EUGENE JUKOO ', 'D', 3, '2014-01-06 00:00:00', '2014-01-08 00:00:00', '2014-01-06 21:49:08', '21:49:08', 1, '0', 5000, 0, 0, 0, '0', 0, '0', 1, 15, 'N', 1, 7),
(1125, 125, 'mr muhammad sharif ', 'D', 7, '2014-01-04 00:00:00', '2014-01-06 00:00:00', '2014-01-06 21:50:18', '21:50:21', 48, '125', 0, 4681, 0, 1, '0', 0, '0', 37, 15, '', 5, 7),
(1126, 127, 'mr sarwar maniar', 'D', 8, '2014-01-05 00:00:00', '2014-01-08 00:00:00', '2014-01-06 22:57:30', '22:01:00', 8, '2465', 491, 0, 0, 0, '0', 0, '', 1, 15, '', 4, 7),
(1127, 133, 'MR WASEEM ABBAS', 'D', 3, '2014-01-06 00:00:00', '2014-01-07 00:00:00', '2014-01-06 23:12:09', '23:12:09', 1, '0', 4200, 0, 0, 0, '0', 0, '0', 10, 15, 'N', 1, 7),
(1128, 133, 'MR WASEEM ABBAS', 'D', 3, '2014-01-06 00:00:00', '2014-01-07 00:00:00', '2014-01-06 23:12:09', '23:12:09', 2, '0', 714, 0, 0, 0, '0', 0, '0', 10, 15, 'N', 1, 7),
(1129, 127, 'mr sarwar maniar', 'D', 8, '2014-01-05 00:00:00', '2014-01-08 00:00:00', '2014-01-05 23:51:45', '23:01:00', 1, '0', 4700, 0, 0, 0, '0', 0, '', 1, 15, '', 4, 7),
(1130, 127, 'mr sarwar maniar', 'D', 8, '2014-01-05 00:00:00', '2014-01-08 00:00:00', '2014-01-05 23:51:57', '23:01:00', 2, '0', 799, 0, 0, 0, '0', 0, '', 1, 15, '', 4, 7),
(1134, 62, 'Mis Zahida Nasreen', 'O', 4, '2013-12-13 00:00:00', '2014-01-04 00:00:00', '2014-01-06 20:38:54', '20:01:00', 1, '0', 4000, 0, 0, 0, '0', 0, '', 1, 15, '', 3, 7),
(1135, 94, 'MR ADEEL MALIK ', 'O', 6, '2013-12-23 00:00:00', '2014-01-04 00:00:00', '2014-01-06 00:12:32', '00:01:00', 1, '0', 4500, 0, 0, 0, '0', 0, '', 1, 15, '', 3, 7),
(1136, 127, 'mr sarwar maniar', 'D', 8, '2014-01-05 00:00:00', '2014-01-08 00:00:00', '2014-01-06 00:07:36', '00:01:00', 59, '2466', 94, 0, 0, 0, '0', 0, '', 1, 15, '', 3, 7),
(1137, 130, 'MR WAQAS AHMAD', 'D', 2, '2014-01-06 00:00:00', '2014-01-07 00:00:00', '2014-01-07 00:16:55', '00:16:58', 48, '130', 0, 4914, 0, 1, '0', 0, '0', 1, 15, '', 5, 7),
(1138, 94, 'MR ADEEL MALIK ', 'O', 6, '2013-12-23 00:00:00', '2014-01-04 00:00:00', '2014-01-07 00:12:35', '00:01:00', 9, '45', 310, 0, 0, 0, '0', 0, '', 1, 15, '', 4, 7),
(1139, 94, 'MR ADEEL MALIK ', 'O', 6, '2013-12-23 00:00:00', '2014-01-04 00:00:00', '2014-01-07 00:12:47', '00:01:00', 10, '65', 300, 0, 0, 0, '0', 0, '', 1, 15, '', 4, 7),
(1140, 134, 'MR MR KHURRAM SHAHZAD', 'D', 2, '2014-01-07 00:00:00', '2014-01-09 00:00:00', '2014-01-07 20:38:01', '20:01:00', 1, '0', 4700, 0, 0, 0, '0', 0, '0', 8, 15, 'N', 3, 7),
(1141, 134, 'MR MR KHURRAM SHAHZAD', 'D', 2, '2014-01-07 00:00:00', '2014-01-09 00:00:00', '2014-01-07 20:38:08', '20:01:00', 2, '0', 799, 0, 0, 0, '0', 0, '0', 8, 15, 'N', 3, 7),
(1142, 133, 'MR WASEEM ABBAS', 'D', 3, '2014-01-06 00:00:00', '2014-01-07 00:00:00', '2014-01-07 00:30:50', '00:30:54', 19, '133', 0, 0, 4914, 0, '0', 0, '3', 10, 15, '', 5, 7),
(1144, 127, 'mr sarwar maniar', 'D', 8, '2014-01-05 00:00:00', '2014-01-08 00:00:00', '2014-01-07 03:04:39', '03:01:00', 1, '0', 4700, 0, 0, 0, '0', 0, '', 1, 15, '', 4, 7),
(1145, 127, 'mr sarwar maniar', 'D', 8, '2014-01-05 00:00:00', '2014-01-08 00:00:00', '2014-01-07 03:04:53', '03:01:00', 2, '0', 799, 0, 0, 0, '0', 0, '', 1, 15, '', 4, 7),
(1146, 62, 'Mis Zahida Nasreen', 'O', 4, '2013-12-13 00:00:00', '2014-01-04 00:00:00', '2014-01-07 20:38:39', '20:01:00', 1, '0', 4000, 0, 0, 0, '0', 0, '', 1, 15, '', 4, 7),
(1147, 131, 'MR MUHAMMAD HUSSAIN KHAN ', 'O', 5, '2014-01-06 00:00:00', '2014-01-10 00:00:00', '2014-01-07 20:39:06', '20:01:00', 1, '0', 5000, 0, 0, 0, '0', 0, '', 1, 15, '', 4, 7),
(1148, 94, 'MR ADEEL MALIK ', 'O', 6, '2013-12-23 00:00:00', '2014-01-04 00:00:00', '2014-01-07 20:39:36', '20:01:00', 1, '0', 4500, 0, 0, 0, '0', 0, '', 1, 15, '', 4, 7),
(1149, 132, 'MR EUGENE JUKOO ', 'D', 7, '2014-01-06 00:00:00', '2014-01-08 00:00:00', '2014-01-07 20:39:52', '20:01:00', 1, '0', 5000, 0, 0, 0, '0', 0, '', 1, 15, '', 4, 7),
(1150, 127, 'mr sarwar maniar', 'D', 8, '2014-01-05 00:00:00', '2014-01-08 00:00:00', '2014-01-07 20:41:11', '20:01:00', 4, '0', 500, 0, 0, 0, '0', 0, '', 1, 15, '', 4, 7),
(1151, 132, 'MR EUGENE JUKOO ', 'D', 7, '2014-01-06 00:00:00', '2014-01-08 00:00:00', '2014-01-06 20:43:21', '20:01:00', 3, '0', 0, 5000, 0, 0, '0', 0, '', 1, 15, '', 3, 7),
(1153, 94, 'MR ADEEL MALIK ', 'O', 6, '2013-12-23 00:00:00', '2014-01-04 00:00:00', '2014-01-07 20:56:34', '20:01:00', 3, '0', 0, 30000, 0, 0, '0', 0, '', 1, 15, '', 4, 7),
(1154, 127, 'mr sarwar maniar', 'D', 8, '2014-01-05 00:00:00', '2014-01-08 00:00:00', '2014-01-07 21:32:37', '00:01:00', 145, '2469', 140, 0, 0, 0, '0', 0, '', 1, 15, '', 3, 7),
(1155, 94, 'MR ADEEL MALIK ', 'O', 6, '2013-12-23 00:00:00', '2014-01-04 00:00:00', '2014-01-07 21:33:11', '21:01:00', 142, '2468', 211, 0, 0, 0, '0', 0, '', 1, 15, '', 4, 7),
(1156, 94, 'MR ADEEL MALIK ', 'O', 6, '2013-12-23 00:00:00', '2014-01-04 00:00:00', '2014-01-07 23:06:57', '23:01:00', 83, '2470', 234, 0, 0, 0, '0', 0, '', 1, 15, '', 4, 7),
(1157, 131, 'MR MUHAMMAD HUSSAIN KHAN ', 'O', 5, '2014-01-06 00:00:00', '2014-01-10 00:00:00', '2014-01-07 23:38:41', '23:01:00', 34, '2471', 3000, 0, 0, 0, '0', 0, '', 1, 15, '', 4, 7),
(1158, 135, 'mr zain ahmed ', 'O', 2, '2014-01-07 00:00:00', '2014-01-10 00:00:00', '2014-01-07 00:09:28', '00:01:00', 1, '0', 4200, 0, 0, 0, '0', 0, '0', 25, 15, 'N', 3, 7),
(1159, 135, 'mr zain ahmed ', 'O', 2, '2014-01-07 00:00:00', '2014-01-10 00:00:00', '2014-01-07 00:09:34', '00:01:00', 2, '0', 714, 0, 0, 0, '0', 0, '0', 25, 15, 'N', 3, 7),
(1160, 136, 'MR MUHAMMAD YASIR QIDWAI', 'O', 1, '2014-01-07 00:00:00', '2014-01-10 00:00:00', '2014-01-07 00:09:14', '00:01:00', 1, '0', 5000, 0, 0, 0, '0', 0, '0', 1, 15, 'N', 3, 7),
(1161, 135, 'mr zain ahmed ', 'O', 2, '2014-01-07 00:00:00', '2014-01-10 00:00:00', '2014-01-08 01:15:25', '01:01:00', 102, '2472', 351, 0, 0, 0, '0', 0, '', 25, 15, '', 4, 7),
(1175, 127, 'mr sarwar maniar', 'D', 8, '2014-01-05 00:00:00', '2014-01-08 00:00:00', '2014-01-06 00:22:57', '00:01:00', 1, '1', 4700, 0, 0, 0, '0', 0, '', 1, 15, '', 3, 7),
(1176, 127, 'mr sarwar maniar', 'D', 8, '2014-01-05 00:00:00', '2014-01-08 00:00:00', '2014-01-06 00:23:08', '00:01:00', 2, '2', 799, 0, 0, 0, '0', 0, '', 1, 15, '', 3, 7),
(1177, 127, 'mr sarwar maniar', 'D', 8, '2014-01-05 00:00:00', '2014-01-08 00:00:00', '2014-01-06 00:25:04', '00:01:00', 25, '12', 500, 0, 0, 0, '0', 0, '', 1, 15, '', 3, 7),
(1178, 127, 'mr sarwar maniar', 'D', 8, '2014-01-05 00:00:00', '2014-01-08 00:00:00', '2014-01-08 00:26:06', '00:01:00', 34, '12', 4000, 0, 0, 0, '0', 0, '', 1, 15, '', 4, 7),
(1179, 127, 'mr sarwar maniar', 'D', 8, '2014-01-05 00:00:00', '2014-01-08 00:00:00', '2014-01-08 01:41:02', '01:41:46', 48, '127', 0, 23290, 0, 1, '0', 0, '0', 1, 15, '', 5, 7),
(1180, 132, 'MR EUGENE JUKOO ', 'D', 7, '2014-01-06 00:00:00', '2014-01-08 00:00:00', '2014-01-08 02:25:56', '02:26:00', 48, '132', 0, 5000, 0, 1, '0', 0, '0', 1, 15, '', 5, 7),
(1181, 137, 'MR SAMIM MONEB ', 'D', 7, '2014-01-06 00:00:00', '2014-01-08 00:00:00', '2014-01-08 02:30:11', '02:30:11', 1, '0', 5000, 0, 0, 0, '0', 0, '0', 1, 15, 'N', 1, 7),
(1182, 137, 'MR SAMIM MONEB ', 'D', 7, '2014-01-06 00:00:00', '2014-01-08 00:00:00', '2014-01-08 02:30:11', '02:30:11', 2, '0', 850, 0, 0, 0, '0', 0, '0', 1, 15, 'N', 1, 7),
(1183, 138, 'MR SAMIM MONEB ', 'D', 8, '2014-01-08 00:00:00', '2014-01-08 00:00:00', '2014-01-06 02:32:39', '02:01:00', 1, '0', 5000, 0, 0, 0, '0', 0, '0', 1, 15, 'N', 3, 7),
(1184, 137, 'MR SAMIM MONEB ', 'D', 7, '2014-01-06 00:00:00', '2014-01-08 00:00:00', '2014-01-08 02:31:32', '02:31:38', 48, '137', 0, 5850, 0, 0, '1', 0, '2', 1, 15, '', 5, 7),
(1185, 138, 'mr ekhno jukoo', 'D', 8, '2014-01-08 00:00:00', '2014-01-08 00:00:00', '2014-01-06 02:33:30', '02:01:00', 3, '45', 0, 5000, 0, 0, '0', 0, '', 1, 15, '', 3, 7),
(1186, 138, 'mr ekhno jukoo', 'D', 8, '2014-01-08 00:00:00', '2014-01-08 00:00:00', '2014-01-07 02:33:20', '02:01:00', 1, '10', 5000, 0, 0, 0, '0', 0, '', 1, 15, '', 3, 7),
(1187, 138, 'mr ekhno jukoo', 'D', 8, '2014-01-08 00:00:00', '2014-01-08 00:00:00', '2014-01-08 02:40:48', '02:40:51', 48, '138', 0, 5000, 0, 1, '0', 0, '0', 1, 15, '', 5, 7),
(1188, 139, 'mr taimoor ali durani ', 'O', 7, '2014-01-08 00:00:00', '2014-01-09 00:00:00', '2014-01-08 02:45:17', '02:45:17', 1, '0', 4500, 0, 0, 0, '0', 0, '0', 1, 15, 'N', 1, 7),
(1190, 94, 'MR ADEEL MALIK ', 'O', 6, '2013-12-23 00:00:00', '2014-01-04 00:00:00', '2014-01-08 03:00:11', '03:01:00', 8, '321', 679, 0, 0, 0, '0', 0, '', 1, 15, '', 4, 7),
(1191, 131, 'MR MUHAMMAD HUSSAIN KHAN ', 'O', 5, '2014-01-06 00:00:00', '2014-01-10 00:00:00', '2014-01-08 21:44:43', '21:01:00', 34, '2475', 3000, 0, 0, 0, '0', 0, '', 1, 15, '', 4, 7),
(1192, 135, 'mr zain ahmed ', 'O', 2, '2014-01-07 00:00:00', '2014-01-10 00:00:00', '2014-01-08 22:27:55', '22:01:00', 8, '2476', 767, 0, 0, 0, '0', 0, '', 25, 15, '', 4, 7),
(1193, 94, 'MR ADEEL MALIK ', 'O', 6, '2013-12-23 00:00:00', '2014-01-04 00:00:00', '2014-01-08 22:29:47', '22:01:00', 8, '2474', 837, 0, 0, 0, '0', 0, '', 1, 15, '', 4, 7),
(1194, 62, 'Mis Zahida Nasreen', 'O', 4, '2013-12-13 00:00:00', '2014-01-04 00:00:00', '2014-01-08 23:00:34', '23:01:00', 1, '0', 4000, 0, 0, 0, '0', 0, '0', 1, 15, 'N', 3, 7),
(1195, 94, 'MR ADEEL MALIK ', 'O', 6, '2013-12-23 00:00:00', '2014-01-04 00:00:00', '2014-01-08 23:00:34', '23:00:34', 1, '-', 4500, 0, 0, 0, '0', 0, '0', 1, 15, 'N', 2, 7),
(1196, 131, 'MR MUHAMMAD HUSSAIN KHAN ', 'O', 5, '2014-01-06 00:00:00', '2014-01-10 00:00:00', '2014-01-08 23:00:34', '23:00:34', 1, '-', 5000, 0, 0, 0, '0', 0, '0', 1, 15, 'N', 2, 7),
(1198, 134, 'MR MR KHURRAM SHAHZAD', 'D', 3, '2014-01-07 00:00:00', '2014-01-09 00:00:00', '2014-01-08 23:00:34', '23:00:34', 1, '-', 4700, 0, 0, 0, '0', 0, '0', 8, 15, 'N', 2, 7),
(1199, 134, 'MR MR KHURRAM SHAHZAD', 'D', 3, '2014-01-07 00:00:00', '2014-01-09 00:00:00', '2014-01-08 23:00:34', '23:00:34', 2, '-', 799, 0, 0, 0, '0', 0, '0', 8, 15, 'N', 2, 7),
(1200, 135, 'mr zain ahmed ', 'O', 2, '2014-01-07 00:00:00', '2014-01-10 00:00:00', '2014-01-08 23:00:34', '23:00:34', 1, '-', 4200, 0, 0, 0, '0', 0, '0', 25, 15, 'N', 2, 7),
(1201, 135, 'mr zain ahmed ', 'O', 2, '2014-01-07 00:00:00', '2014-01-10 00:00:00', '2014-01-08 23:00:34', '23:00:34', 2, '-', 714, 0, 0, 0, '0', 0, '0', 25, 15, 'N', 2, 7),
(1202, 136, 'MR MUHAMMAD YASIR QIDWAI', 'O', 8, '2014-01-07 00:00:00', '2014-01-10 00:00:00', '2014-01-08 23:00:34', '23:00:34', 1, '-', 5000, 0, 0, 0, '0', 0, '0', 1, 15, 'N', 2, 7),
(1203, 131, 'MR MUHAMMAD HUSSAIN KHAN ', 'O', 5, '2014-01-06 00:00:00', '2014-01-10 00:00:00', '2014-01-06 23:14:21', '23:01:00', 1, '0', 5000, 0, 0, 0, '0', 0, '', 1, 15, '', 3, 7),
(1204, 139, 'mr taimoor ali durani ', 'O', 7, '2014-01-08 00:00:00', '2014-01-09 00:00:00', '2014-01-09 06:46:07', '06:01:00', 8, '2477', 322, 0, 0, 0, '0', 0, '', 1, 15, '', 4, 7),
(1205, 134, 'MR MR KHURRAM SHAHZAD', 'D', 3, '2014-01-07 00:00:00', '2014-01-09 00:00:00', '2014-01-09 00:05:30', '00:05:36', 19, '134', 0, 0, 10998, 0, '0', 0, '3', 8, 15, '', 5, 7);

-- --------------------------------------------------------

--
-- Table structure for table `hms_guest_status`
--

CREATE TABLE IF NOT EXISTS `hms_guest_status` (
  `guest_status_id` int(11) NOT NULL AUTO_INCREMENT,
  `status_description` varchar(50) NOT NULL,
  `branch_id` int(11) NOT NULL,
  PRIMARY KEY (`guest_status_id`),
  KEY `branch_id` (`branch_id`)
) ENGINE=InnoDB  DEFAULT CHARSET=utf8 AUTO_INCREMENT=3 ;

--
-- Dumping data for table `hms_guest_status`
--

INSERT INTO `hms_guest_status` (`guest_status_id`, `status_description`, `branch_id`) VALUES
(1, 'Reguler', 1),
(2, 'VIP', 1);

-- --------------------------------------------------------

--
-- Table structure for table `hms_identity`
--

CREATE TABLE IF NOT EXISTS `hms_identity` (
  `identity_id` int(11) NOT NULL AUTO_INCREMENT,
  `identity_description` varchar(30) NOT NULL,
  `branch_id` int(11) NOT NULL,
  PRIMARY KEY (`identity_id`),
  KEY `branch_id` (`branch_id`)
) ENGINE=InnoDB  DEFAULT CHARSET=utf8 AUTO_INCREMENT=6 ;

--
-- Dumping data for table `hms_identity`
--

INSERT INTO `hms_identity` (`identity_id`, `identity_description`, `branch_id`) VALUES
(1, 'CNIC', 1),
(2, 'Pasport', 1),
(3, 'Driveing Licence', 7),
(5, 'Test Identity', 7);

-- --------------------------------------------------------

--
-- Table structure for table `hms_newspapers`
--

CREATE TABLE IF NOT EXISTS `hms_newspapers` (
  `newspaper_id` int(11) NOT NULL AUTO_INCREMENT,
  `newspaper_name` varchar(30) NOT NULL,
  `branch_id` int(11) NOT NULL,
  PRIMARY KEY (`newspaper_id`),
  KEY `branch_id` (`branch_id`)
) ENGINE=InnoDB  DEFAULT CHARSET=utf8 AUTO_INCREMENT=12 ;

--
-- Dumping data for table `hms_newspapers`
--

INSERT INTO `hms_newspapers` (`newspaper_id`, `newspaper_name`, `branch_id`) VALUES
(1, 'Jang', 1),
(2, 'Down', 1),
(3, 'Insaf', 1),
(4, 'Express', 1),
(5, 'Daily Jang', 7),
(6, 'Daily Dawn', 7),
(7, 'Nahi Baat', 7),
(8, 'Daily News', 7),
(9, 'Pakistna Post', 7),
(10, 'Family Magzene', 7),
(11, 'Juriat', 7);

-- --------------------------------------------------------

--
-- Table structure for table `hms_rate_type`
--

CREATE TABLE IF NOT EXISTS `hms_rate_type` (
  `rate_type_id` int(11) NOT NULL AUTO_INCREMENT,
  `rate_name` varchar(50) NOT NULL,
  `days` int(11) NOT NULL,
  `branch_id` int(11) NOT NULL,
  PRIMARY KEY (`rate_type_id`),
  KEY `branch_id` (`branch_id`)
) ENGINE=InnoDB  DEFAULT CHARSET=utf8 AUTO_INCREMENT=2 ;

--
-- Dumping data for table `hms_rate_type`
--

INSERT INTO `hms_rate_type` (`rate_type_id`, `rate_name`, `days`, `branch_id`) VALUES
(1, 'Daily', 1, 1);

-- --------------------------------------------------------

--
-- Table structure for table `hms_reservation_info`
--

CREATE TABLE IF NOT EXISTS `hms_reservation_info` (
  `reservation_id` int(11) NOT NULL AUTO_INCREMENT,
  `res_type` varchar(2) NOT NULL,
  `group_name` varchar(30) DEFAULT NULL,
  `company_id` int(11) NOT NULL,
  `to_person` varchar(100) NOT NULL,
  `designation` varchar(120) NOT NULL,
  `chkin_date` datetime NOT NULL,
  `chkout_date` datetime NOT NULL,
  `c_date` date NOT NULL,
  `total_days` int(11) NOT NULL,
  `pick_service` varchar(2) DEFAULT NULL,
  `flight_name` varchar(20) DEFAULT NULL,
  `flight_time` time DEFAULT NULL,
  `drop_service` varchar(2) DEFAULT NULL,
  `drop_flight_name` varchar(20) DEFAULT NULL,
  `drop_flight_time` time DEFAULT NULL,
  `client_salutation_id` int(11) NOT NULL,
  `client_name` varchar(30) NOT NULL,
  `client_address` varchar(255) DEFAULT NULL,
  `client_country_id` int(11) NOT NULL,
  `client_mobile` varchar(30) NOT NULL,
  `client_phone` varchar(20) DEFAULT NULL,
  `guest_mobile` varchar(25) DEFAULT NULL,
  `guest_phone` varchar(25) DEFAULT NULL,
  `client_email` varchar(50) DEFAULT NULL,
  `client_identity_id` int(11) NOT NULL,
  `client_identity_no` varchar(25) DEFAULT NULL,
  `reservation_status` int(4) NOT NULL,
  `room_type` varchar(20) DEFAULT NULL,
  `room_name` varchar(50) DEFAULT NULL,
  `cancel_status` varchar(2) NOT NULL,
  `cancel_date` datetime NOT NULL,
  `cancel_reason` varchar(50) NOT NULL,
  `cancel_by` int(11) NOT NULL,
  `chkin_status` varchar(2) NOT NULL,
  `noshow_status` varchar(2) NOT NULL,
  `client_remarks` varchar(50) NOT NULL,
  `room_charges` int(11) DEFAULT NULL,
  `discount` int(11) DEFAULT NULL,
  `gst` varchar(2) NOT NULL,
  `advance` int(11) DEFAULT NULL,
  `mode_of_payment` varchar(100) DEFAULT NULL,
  `user_id` int(11) NOT NULL,
  `sale_person_id` int(11) NOT NULL,
  `branch_id` int(11) NOT NULL,
  PRIMARY KEY (`reservation_id`),
  KEY `company_id` (`company_id`),
  KEY `client_country_id` (`client_country_id`),
  KEY `client_identity_id` (`client_identity_id`),
  KEY `reservation_status` (`reservation_status`),
  KEY `client_salutation_id` (`client_salutation_id`),
  KEY `sale_person_id` (`sale_person_id`),
  KEY `branch_id` (`branch_id`),
  KEY `user_id` (`user_id`),
  KEY `cancel_by` (`cancel_by`)
) ENGINE=InnoDB DEFAULT CHARSET=utf8 AUTO_INCREMENT=1 ;

--
-- Dumping data for table `hms_reservation_info`
--


-- --------------------------------------------------------

--
-- Table structure for table `hms_reservation_status`
--

CREATE TABLE IF NOT EXISTS `hms_reservation_status` (
  `res_id` int(11) NOT NULL AUTO_INCREMENT,
  `res_description` varchar(30) NOT NULL,
  `branch_id` int(11) NOT NULL,
  PRIMARY KEY (`res_id`),
  KEY `branch_id` (`branch_id`)
) ENGINE=InnoDB  DEFAULT CHARSET=utf8 AUTO_INCREMENT=4 ;

--
-- Dumping data for table `hms_reservation_status`
--

INSERT INTO `hms_reservation_status` (`res_id`, `res_description`, `branch_id`) VALUES
(1, 'Confirm', 1),
(2, 'Cancel', 1),
(3, 'Normal', 1);

-- --------------------------------------------------------

--
-- Table structure for table `hms_room_master`
--

CREATE TABLE IF NOT EXISTS `hms_room_master` (
  `mst_room_id` int(11) NOT NULL AUTO_INCREMENT,
  `mst_room_name` int(11) NOT NULL,
  `mst_floor_id` int(11) NOT NULL,
  `mst_roomtypeid` int(11) NOT NULL,
  `mst_room_remarks` varchar(50) NOT NULL,
  `mst_room_adults` int(11) NOT NULL,
  `mst_room_childs` int(11) NOT NULL,
  `mst_room_status` varchar(2) NOT NULL,
  `branch_id` int(11) NOT NULL,
  PRIMARY KEY (`mst_room_id`),
  UNIQUE KEY `mst_room_name` (`mst_room_name`),
  KEY `mst_floor_id` (`mst_floor_id`),
  KEY `mst_roomtypeid` (`mst_roomtypeid`),
  KEY `branch_id` (`branch_id`)
) ENGINE=InnoDB  DEFAULT CHARSET=utf8 AUTO_INCREMENT=9 ;

--
-- Dumping data for table `hms_room_master`
--

INSERT INTO `hms_room_master` (`mst_room_id`, `mst_room_name`, `mst_floor_id`, `mst_roomtypeid`, `mst_room_remarks`, `mst_room_adults`, `mst_room_childs`, `mst_room_status`, `branch_id`) VALUES
(1, 101, 1, 1, '', 0, 0, 'V', 7),
(2, 102, 1, 1, '', 0, 0, 'O', 7),
(3, 103, 1, 2, '', 0, 0, 'V', 7),
(4, 104, 1, 1, '', 0, 0, 'O', 7),
(5, 105, 1, 3, '', 0, 0, 'O', 7),
(6, 201, 2, 2, '', 0, 0, 'O', 7),
(7, 202, 2, 2, '', 0, 0, 'O', 7),
(8, 203, 2, 3, '', 0, 0, 'O', 7);

-- --------------------------------------------------------

--
-- Table structure for table `hms_room_shift`
--

CREATE TABLE IF NOT EXISTS `hms_room_shift` (
  `id` int(11) NOT NULL AUTO_INCREMENT,
  `chkin_id` int(11) NOT NULL,
  `guest_id` int(11) NOT NULL,
  `old_room_id` int(11) NOT NULL,
  `new_room_id` int(11) NOT NULL,
  `reason` varchar(400) DEFAULT NULL,
  `shift_date` datetime NOT NULL,
  `user_id` int(11) NOT NULL,
  `branch_id` int(11) NOT NULL,
  PRIMARY KEY (`id`)
) ENGINE=InnoDB  DEFAULT CHARSET=utf8 AUTO_INCREMENT=26 ;

--
-- Dumping data for table `hms_room_shift`
--

INSERT INTO `hms_room_shift` (`id`, `chkin_id`, `guest_id`, `old_room_id`, `new_room_id`, `reason`, `shift_date`, `user_id`, `branch_id`) VALUES
(1, 7, 4, 2, 5, 'GHGH', '2013-11-25 19:55:03', 15, 7),
(2, 12, 9, 4, 2, 'GH', '2013-11-25 19:56:12', 15, 7),
(3, 7, 4, 5, 4, 'TY', '2013-11-25 19:56:49', 15, 7),
(4, 15, 12, 5, 8, '', '2013-11-27 19:56:47', 15, 7),
(5, 23, 20, 4, 3, 'gfh', '2013-11-27 16:27:08', 15, 7),
(6, 30, 27, 1, 3, '', '2013-12-04 20:39:14', 15, 7),
(8, 45, 40, 5, 4, '', '2013-12-11 20:18:48', 15, 7),
(9, 54, 49, 5, 8, '', '2013-12-13 15:44:14', 15, 7),
(10, 55, 50, 4, 5, '', '2013-12-13 18:12:52', 15, 7),
(11, 53, 48, 1, 6, '', '2013-12-13 19:55:26', 15, 7),
(12, 57, 50, 7, 1, '', '2013-12-13 20:06:00', 15, 7),
(13, 71, 61, 3, 5, '', '2013-12-16 20:59:28', 15, 7),
(14, 94, 81, 2, 6, '', '2002-09-24 12:33:09', 15, 7),
(15, 93, 80, 7, 5, '', '2002-09-24 01:02:34', 15, 7),
(16, 99, 85, 7, 5, '', '2013-12-25 18:54:52', 15, 7),
(17, 105, 90, 7, 8, '', '2013-12-28 05:23:15', 15, 7),
(18, 107, 92, 7, 5, '', '2013-12-28 12:12:18', 15, 7),
(19, 113, 97, 7, 2, '', '2013-12-31 20:47:34', 15, 7),
(20, 124, 104, 3, 2, '', '2014-01-04 16:53:50', 15, 7),
(21, 127, 107, 3, 8, '', '2014-01-05 03:46:45', 15, 7),
(22, 130, 110, 1, 2, '', '2014-01-06 14:51:58', 15, 7),
(23, 132, 112, 3, 7, '', '2014-01-06 21:51:18', 15, 7),
(24, 134, 97, 2, 3, '', '2014-01-07 00:31:25', 15, 7),
(25, 136, 114, 1, 8, '', '2014-01-08 00:31:44', 15, 7);

-- --------------------------------------------------------

--
-- Table structure for table `hms_room_type`
--

CREATE TABLE IF NOT EXISTS `hms_room_type` (
  `room_type_id` int(11) NOT NULL AUTO_INCREMENT,
  `room_name` varchar(50) NOT NULL,
  `adults` int(11) NOT NULL,
  `childs` int(11) NOT NULL,
  `room_rate` int(11) NOT NULL,
  `branch_id` int(11) NOT NULL,
  PRIMARY KEY (`room_type_id`),
  KEY `branch_id` (`branch_id`)
) ENGINE=InnoDB  DEFAULT CHARSET=utf8 AUTO_INCREMENT=4 ;

--
-- Dumping data for table `hms_room_type`
--

INSERT INTO `hms_room_type` (`room_type_id`, `room_name`, `adults`, `childs`, `room_rate`, `branch_id`) VALUES
(1, 'Standard', 2, 0, 0, 7),
(2, 'Deluxe', 2, 0, 0, 7),
(3, 'Exective', 2, 0, 0, 7);

-- --------------------------------------------------------

--
-- Table structure for table `hms_room_type_rate`
--

CREATE TABLE IF NOT EXISTS `hms_room_type_rate` (
  `room_type_rate_id` int(11) NOT NULL AUTO_INCREMENT,
  `room_type_id` int(11) NOT NULL,
  `rate_type_id` int(11) NOT NULL,
  `room_rate` int(11) NOT NULL,
  `company_id` int(11) DEFAULT NULL,
  `room_rate_status` varchar(30) NOT NULL,
  `room_comments` varchar(50) NOT NULL,
  `comp_allow_gst` int(2) NOT NULL,
  `branch_id` int(11) NOT NULL,
  `user_id` int(11) NOT NULL,
  PRIMARY KEY (`room_type_rate_id`),
  KEY `rate_type_id` (`rate_type_id`),
  KEY `room_type_id` (`room_type_id`),
  KEY `company_id` (`company_id`),
  KEY `branch_id` (`branch_id`),
  KEY `user_id` (`user_id`)
) ENGINE=InnoDB DEFAULT CHARSET=utf8 AUTO_INCREMENT=1 ;

--
-- Dumping data for table `hms_room_type_rate`
--


-- --------------------------------------------------------

--
-- Table structure for table `hms_sale_person`
--

CREATE TABLE IF NOT EXISTS `hms_sale_person` (
  `sale_person_id` int(11) NOT NULL AUTO_INCREMENT,
  `sale_person_name` varchar(30) NOT NULL,
  `sale_person_comm` int(11) NOT NULL,
  `is_active` varchar(3) NOT NULL,
  `branch_id` int(11) NOT NULL,
  PRIMARY KEY (`sale_person_id`),
  KEY `branch_id` (`branch_id`)
) ENGINE=InnoDB  DEFAULT CHARSET=utf8 AUTO_INCREMENT=9 ;

--
-- Dumping data for table `hms_sale_person`
--

INSERT INTO `hms_sale_person` (`sale_person_id`, `sale_person_name`, `sale_person_comm`, `is_active`, `branch_id`) VALUES
(1, 'Reception', 0, 'Yes', 1),
(2, 'Umair', 8, 'Yes', 1),
(7, 'Ahsan', 5, 'Yes', 7),
(8, 'Bilal ', 6, 'Yes', 7);

-- --------------------------------------------------------

--
-- Table structure for table `hms_salutation`
--

CREATE TABLE IF NOT EXISTS `hms_salutation` (
  `salutation_id` int(11) NOT NULL AUTO_INCREMENT,
  `salutation_name` varchar(50) NOT NULL,
  `branch_id` int(11) NOT NULL,
  PRIMARY KEY (`salutation_id`),
  KEY `branch_id` (`branch_id`)
) ENGINE=InnoDB  DEFAULT CHARSET=utf8 AUTO_INCREMENT=4 ;

--
-- Dumping data for table `hms_salutation`
--

INSERT INTO `hms_salutation` (`salutation_id`, `salutation_name`, `branch_id`) VALUES
(1, 'Mr.', 1),
(2, 'Miss.', 7),
(3, 'Mrs.', 7);

-- --------------------------------------------------------

--
-- Table structure for table `hms_services`
--

CREATE TABLE IF NOT EXISTS `hms_services` (
  `service_id` int(11) NOT NULL AUTO_INCREMENT,
  `acc_no` int(11) DEFAULT NULL,
  `service_code` varchar(20) DEFAULT NULL,
  `service_description` varchar(30) NOT NULL,
  `servise_type` varchar(4) NOT NULL,
  `service_rate` int(11) NOT NULL,
  `order_by` varchar(80) DEFAULT NULL,
  `branch_id` int(11) NOT NULL,
  PRIMARY KEY (`service_id`),
  KEY `branch_id` (`branch_id`)
) ENGINE=InnoDB  DEFAULT CHARSET=utf8 AUTO_INCREMENT=146 ;

--
-- Dumping data for table `hms_services`
--

INSERT INTO `hms_services` (`service_id`, `acc_no`, `service_code`, `service_description`, `servise_type`, `service_rate`, `order_by`, `branch_id`) VALUES
(1, 17, '1', 'ROOM RENT', 'Dr', 0, '', 7),
(2, 18, '2', 'GST', 'Dr', 0, '', 7),
(3, 139, '3', 'ADVANCE', 'Cr', 0, 'remarks', 7),
(4, 8, '4', 'EXTRA BED', 'Dr', 0, 'id', 7),
(5, 8, '5', '.', 'Dr', 0, 'id', 7),
(6, 78, '6', 'ADJUSTMENT', 'Cr', 0, '', 7),
(7, 139, '7', 'ROOM SERVICE', 'Dr', 0, 'remarks', 7),
(8, 8, '8', 'FOOD', 'Dr', 0, 'remarks', 7),
(9, 139, '9', 'MINI BAR', 'Dr', 0, 'remarks', 7),
(10, 139, '10', 'LAUNDRY', 'Dr', 0, 'remarks', 7),
(11, 139, '11', 'CASH REFUND', 'Dr', 0, 'remarks', 7),
(12, 8, '12', 'BREAK FAST', 'Dr', 0, 'remarks', 7),
(13, 8, '13', 'LASSI  (SWEET/SALTY)', 'Dr', 0, 'id', 7),
(14, 8, '14', 'COLD DRINK', 'Dr', 0, 'id', 7),
(15, 85, '15', 'MISCELINCES', 'Dr', 0, '', 7),
(16, 8, '16', 'COOKIES (Biscuits)', 'Dr', 0, 'remarks', 7),
(17, 87, '17', 'PREVIOUS NIGHT', 'Dr', 0, '', 7),
(18, 88, '18', 'LOCAL CALL', 'Dr', 0, '', 7),
(19, 89, '19', 'BILL TO COMPANY', 'Cr', 0, '', 7),
(20, 90, '20', 'DISCOUNT', 'Cr', 0, '', 7),
(21, 8, '21', 'Bed Tax', 'Dr', 0, 'cash_paid', 7),
(22, 139, '22', 'GRILL99', 'Dr', 0, 'remarks', 7),
(23, 139, '23', 'OAK HALL', 'Dr', 0, 'remarks', 7),
(24, 139, '24', 'BOARD HALL', 'Dr', 0, 'remarks', 7),
(25, 139, '25', 'Extra Bed', 'Dr', 0, '', 7),
(26, 139, '26', 'OUT SIDE CATERING', 'Dr', 0, 'remarks', 7),
(27, 96, '27', 'C/L EMPLOYEE', 'Dr', 0, '', 7),
(28, 97, '28', 'BALANCE B/F', 'Dr', 0, '', 7),
(29, 98, '29', 'TRANFER DEBIT', 'Dr', 0, '', 7),
(30, 99, '30', 'TRANSFER CREDIT', 'Cr', 0, '', 7),
(31, 139, '31', 'C/L COLLECTION CHEQUE', 'Dr', 0, 'remarks', 7),
(32, 101, '32', 'RESERVATION ADVANCE', 'Cr', 0, '', 7),
(33, 102, '33', 'FAX', 'Dr', 0, '', 7),
(34, 103, '34', 'RENT A CAR', 'Dr', 0, '', 7),
(35, 104, '35', 'TIP', 'Dr', 0, '', 7),
(36, 3617, '36', 'CASH', 'Dr', 0, '', 7),
(37, 105, '37', 'DINING CHECKIN', 'Dr', 0, '', 7),
(38, 139, '38', 'CHEQUE', 'Cr', 0, 'remarks', 7),
(39, 139, '39', 'CROWN HALL', 'Cr', 0, 'remarks', 7),
(48, 0, '48', 'PAID', 'Cr', 0, '', 7),
(49, 8, '12', 'CH KARAHI', 'Cr', 0, 'id', 7),
(50, 8, '42', 'pakistani omlete ', 'Dr', 0, 'id', 7),
(51, 8, '43', 'CHEES OMLETE ', 'Dr', 0, 'id', 7),
(52, 8, '44', 'TOMATO MASHROOM OMLETE ', 'Dr', 0, 'id', 7),
(53, 8, '45', 'SCREMBELD EGG ', 'Dr', 0, 'id', 7),
(54, 8, '46', 'FRIED EGGS', 'Dr', 0, 'id', 7),
(55, 8, '47', 'BOILD EGG ', 'Dr', 0, 'id', 7),
(56, 8, '48', ' TOAST BUTTER JAM ', 'Dr', 0, 'id', 7),
(57, 8, '49', 'PORRIDGE / CORN FLAKES ', 'Dr', 0, 'id', 7),
(58, 8, '50', 'FRENCH TOAST ', 'Dr', 0, 'id', 7),
(59, 8, '51', 'MILK GLASS ', 'Dr', 0, 'id', 7),
(60, 8, '52', 'MIX TEA / BLACK TEA /G.TEA', 'Dr', 0, 'id', 7),
(61, 8, '53', 'LASSI GLASS ', 'Dr', 0, 'id', 7),
(62, 8, '54', 'COFFEE ', 'Dr', 0, 'id', 7),
(63, 8, '55', 'PARATHA ', 'Dr', 0, 'id', 7),
(64, 8, '56', 'PANE CAKE ', 'Dr', 0, 'id', 7),
(65, 8, '57', 'ROYAL KING BURGER ', 'Dr', 0, 'id', 7),
(66, 8, '58', 'CHICKEN CHEES BURGER ', 'Dr', 0, 'id', 7),
(67, 8, '59', 'BEEF BURGER ', 'Dr', 0, 'id', 7),
(68, 8, '60', 'CLUB SANDWICH ', 'Dr', 0, 'id', 7),
(69, 8, '61', 'CHICKEN OR VEGITABLE SANDWICH', 'Dr', 0, 'id', 7),
(70, 8, '62', 'NUGGESTS', 'Dr', 0, 'id', 7),
(71, 8, '63', 'FRENCH FRIES ', 'Dr', 0, 'id', 7),
(72, 8, '64', 'CHICKEN CUTLETS (4 PCS)', 'Dr', 0, 'id', 7),
(73, 8, '65', 'POTATO CUTLETS(4 PCS)', 'Dr', 0, 'id', 7),
(74, 8, '66', 'SPRING ROLL ', 'Dr', 0, 'id', 7),
(75, 8, '67', 'DRUM STICK WITH SAUCES ', 'Dr', 0, 'id', 7),
(76, 8, '68', 'SPECIL ROYAL SOUP ', 'Dr', 0, 'id', 7),
(77, 8, '69', 'THAI SOUP ', 'Dr', 0, 'id', 7),
(78, 8, '70', 'VEGITABLE SOUP ', 'Dr', 0, 'id', 7),
(79, 8, '71', 'CHICKEN GINGER SOUP ', 'Dr', 0, 'id', 7),
(80, 8, '72', 'CHICKEN CREAM SOUP ', 'Dr', 0, 'id', 7),
(81, 8, '73', 'HOT & SOUR SOUP ', 'Dr', 0, 'id', 7),
(82, 8, '74', 'CHICKEN NOODLE SOUP ', 'Dr', 0, 'id', 7),
(83, 8, '75', 'CHICKEN CORN SOUP ', 'Dr', 0, 'id', 7),
(84, 8, '76', 'CHICKEN BADAMI ', 'Dr', 0, 'id', 7),
(85, 8, '77', 'CHICKEN MUGHLAI ', 'Dr', 0, 'id', 7),
(86, 8, '78', 'CHICKEN KASHMIRI ', 'Dr', 0, 'id', 7),
(87, 8, '79', 'CHICKEN TIKKA ', 'Dr', 0, 'id', 7),
(88, 8, '80', 'CHICKEN MALAI ', 'Dr', 0, 'id', 7),
(89, 8, '81', 'CHICKEN SEEKH KABAB', 'Dr', 0, 'id', 7),
(90, 8, '82', 'HALEEM ', 'Dr', 0, 'id', 7),
(91, 8, '83', 'MUTTON KARAHI ', 'Dr', 0, 'id', 7),
(92, 8, '84', 'CHICKEN HANDI ', 'Dr', 0, 'id', 7),
(93, 8, '85', 'MUTTON HANDI ', 'Dr', 0, 'id', 7),
(94, 8, '86', 'CHICKEN WHITE QURMA ', 'Dr', 0, 'id', 7),
(95, 8, '87', 'CHICKEN ACHARI ', 'Dr', 0, 'id', 7),
(96, 8, '88', 'CHICKEN JALFARAZI ', 'Dr', 0, 'id', 7),
(97, 8, '89', 'CHICKEN KABAB MASALA ', 'Dr', 0, 'id', 7),
(98, 8, '90', 'BEEF KOFTA', 'Dr', 0, 'id', 7),
(99, 8, '91', 'ROYAL CHAPLI KABAB', 'Dr', 0, 'id', 7),
(100, 8, '92', 'MUTTON QEEMA ', 'Dr', 0, 'id', 7),
(101, 8, '94', 'ROYAL SPECIL RICE ', 'Dr', 0, 'id', 7),
(102, 8, '95', 'CHICKEN BIRYANI ', 'Dr', 0, 'id', 7),
(103, 8, '96', 'MASALA RICE ', 'Dr', 0, 'id', 7),
(104, 8, '97', 'MUTTON BIRYANI ', 'Dr', 0, 'id', 7),
(105, 8, '98', 'PEAS PALAU', 'Dr', 0, 'id', 7),
(106, 8, '99', 'CHICKEN PALAU', 'Dr', 0, 'id', 7),
(107, 8, '100', 'MUTTON PALAU ', 'Dr', 0, 'id', 7),
(108, 8, '101', 'PLAIN RICE ', 'Dr', 0, 'id', 7),
(109, 8, '102', 'DAAL MASH ', 'Dr', 0, 'id', 7),
(110, 8, '103', 'MIX VEGITABLE ', 'Dr', 0, 'id', 7),
(111, 8, '104', 'SHAHI DAAL ', 'Dr', 0, 'id', 7),
(112, 8, '105', 'CHAPATI ', 'Dr', 0, 'id', 7),
(113, 8, '106', 'CHICKEN SHASHLIK WITH RICE', 'Dr', 0, 'id', 7),
(114, 8, '107', 'CH GARLIC WITH RICE ', 'Dr', 0, 'id', 7),
(115, 8, '108', 'CH FRIED RICE ', 'Dr', 0, 'id', 7),
(116, 8, '109', 'VEGITABLE FRIED RICE ', 'Dr', 0, 'id', 7),
(117, 8, '110', 'CHICKEN CHOWMEN ', 'Dr', 0, 'id', 7),
(118, 8, '111', 'CH MANCHRIAN WITH RICE ', 'Dr', 0, 'id', 7),
(119, 8, '112', 'BEEF CHILI DRY ', 'Dr', 0, 'id', 7),
(120, 8, '113', 'CH CHILI DRY ', 'Dr', 0, 'id', 7),
(121, 8, '114', 'CH GINGER ', 'Dr', 0, 'id', 7),
(122, 8, '115', 'STEAKS ', 'Dr', 0, 'id', 7),
(123, 8, '116', 'PASTA MASHROOM ', 'Dr', 0, 'id', 7),
(124, 8, '117', 'FRIED FISH ', 'Dr', 0, 'id', 7),
(125, 8, '118', 'BBQ FISH ', 'Dr', 0, 'id', 7),
(126, 8, '119', 'RUSSIN SALAD ', 'Dr', 0, 'id', 7),
(127, 8, '120', 'ROYAL SPECIAL SALAD ', 'Dr', 0, 'id', 7),
(128, 8, '121', 'KACHUMAR SALAD ', 'Dr', 0, 'id', 7),
(129, 8, '122', 'RAITA ', 'Dr', 0, 'id', 7),
(130, 8, '125 ', 'GREEN SALAD ', 'Dr', 0, 'id', 7),
(131, 8, '126', 'PLAIN YOGURT ', 'Dr', 0, 'id', 7),
(132, 8, '127', 'FRUIT SALAD ', 'Dr', 0, 'id', 7),
(133, 8, '128', 'FRUIT YOGURT ', 'Dr', 0, 'id', 7),
(134, 8, '129', 'ROYAL SPECIL SWEET ', 'Dr', 0, 'id', 7),
(135, 8, '130', 'CUSTERD ', 'Dr', 0, 'id', 7),
(136, 8, '131', 'PUDDING', 'Dr', 0, 'id', 7),
(137, 8, '132', 'MIX KHEER ', 'Dr', 0, 'id', 7),
(138, 8, '133', 'GAJAR HALWA', 'Dr', 0, 'id', 7),
(139, 8, '134', 'JUICE', 'Dr', 0, 'id', 7),
(140, 8, '135', 'FRESH LIME WITH 7up ', 'Dr', 0, 'id', 7),
(141, 8, '136', 'BNANA SHAKE ', 'Dr', 0, 'id', 7),
(142, 8, '137', 'MINERL WATER (LARGE)', 'Dr', 0, 'id', 7),
(143, 8, '138', 'MINRAL WATER (SMALL)', 'Dr', 0, 'id', 7),
(144, 8, '136', 'NUGGETS', 'Dr', 60, 'id', 7),
(145, 8, '25', 'TEA', 'Dr', 60, 'id', 7);

-- --------------------------------------------------------

--
-- Table structure for table `hms_service_gst`
--

CREATE TABLE IF NOT EXISTS `hms_service_gst` (
  `gst_id` int(11) NOT NULL AUTO_INCREMENT,
  `gst_service_id` int(11) NOT NULL,
  `gst_percent` int(11) NOT NULL,
  `branch_id` int(11) NOT NULL,
  PRIMARY KEY (`gst_id`),
  KEY `gst_service_id` (`gst_service_id`),
  KEY `branch_id` (`branch_id`)
) ENGINE=InnoDB  DEFAULT CHARSET=utf8 AUTO_INCREMENT=2 ;

--
-- Dumping data for table `hms_service_gst`
--

INSERT INTO `hms_service_gst` (`gst_id`, `gst_service_id`, `gst_percent`, `branch_id`) VALUES
(1, 1, 17, 7);

-- --------------------------------------------------------

--
-- Table structure for table `hotel_title`
--

CREATE TABLE IF NOT EXISTS `hotel_title` (
  `id` int(11) NOT NULL AUTO_INCREMENT,
  `title` varchar(50) NOT NULL,
  `application_title` varchar(50) NOT NULL,
  `website` varchar(50) NOT NULL,
  `logo_image` varchar(150) NOT NULL,
  `bg_image` varchar(50) NOT NULL,
  PRIMARY KEY (`id`)
) ENGINE=InnoDB  DEFAULT CHARSET=utf8 AUTO_INCREMENT=6 ;

--
-- Dumping data for table `hotel_title`
--

INSERT INTO `hotel_title` (`id`, `title`, `application_title`, `website`, `logo_image`, `bg_image`) VALUES
(1, 'MaalikSoft', 'HMS', 'http://www.maaliksoft.com', '121022125033hotel-logo.png', ''),
(2, 'Blue lines hotel', 'Blue Lines', 'www.bluelines.cmo', '121022125539pierrecardin_logo.gif', ''),
(3, 'imdad guest house', 'Guest House', 'www.h.com', '121022125551logo1.png', ''),
(4, 'Margalla Hotel', 'MHC', 'www.margall.com', '121022125602mce_logo.png', ''),
(5, 'Le - Royal The Guest House', 'Le - Royal', 'www.le-royal1.com', 'logo.png', '');

-- --------------------------------------------------------

--
-- Table structure for table `itemchildren`
--

CREATE TABLE IF NOT EXISTS `itemchildren` (
  `parent` varchar(64) NOT NULL,
  `child` varchar(64) NOT NULL,
  PRIMARY KEY (`parent`,`child`),
  KEY `child` (`child`)
) ENGINE=MyISAM DEFAULT CHARSET=utf8;

--
-- Dumping data for table `itemchildren`
--

INSERT INTO `itemchildren` (`parent`, `child`) VALUES
('Administrator', 'CheckinInfoAdministrating'),
('Administrator', 'CheckinInfoViewing'),
('Administrator', 'CompanyAdministrating'),
('Administrator', 'CompanyViewing'),
('Administrator', 'CountryAdministrating'),
('Administrator', 'CountryViewing'),
('Administrator', 'ExchangeRateAdministrating'),
('Administrator', 'ExchangeRateViewing'),
('Administrator', 'FlightsAdministrating'),
('Administrator', 'FlightsViewing'),
('Administrator', 'GuestInfoAdministrating'),
('Administrator', 'GuestInfoViewing'),
('Administrator', 'GuestLedgerAdministrating'),
('Administrator', 'GuestLedgerViewing'),
('Administrator', 'GuestStatusAdministrating'),
('Administrator', 'GuestStatusViewing'),
('Administrator', 'hmcontrol@HmsbranchesAdministrating'),
('Administrator', 'hmcontrol@HmsbranchesViewing'),
('Administrator', 'hmcontrol@HoteltitleAdministrating'),
('Administrator', 'hmcontrol@HoteltitleViewing'),
('Administrator', 'HmsBranchesAdministrating'),
('Administrator', 'HmsBranchesViewing'),
('Administrator', 'HmsFloorAdministrating'),
('Administrator', 'HmsFloorViewing'),
('Administrator', 'HmsRoomTypeAdministrating'),
('Administrator', 'HmsRoomTypeViewing'),
('Administrator', 'HotelTitleAdministrating'),
('Administrator', 'HotelTitleViewing'),
('Administrator', 'IdentityAdministrating'),
('Administrator', 'IdentityViewing'),
('Administrator', 'NewspapersAdministrating'),
('Administrator', 'NewspapersViewing'),
('Administrator', 'RateTypeAdministrating'),
('Administrator', 'RateTypeViewing'),
('Administrator', 'ReportsAdministrating'),
('Administrator', 'ReportsViewing'),
('Administrator', 'ReservationInfoAdministrating'),
('Administrator', 'ReservationInfoViewing'),
('Administrator', 'ReservationStatusAdministrating'),
('Administrator', 'ReservationStatusViewing'),
('Administrator', 'RoomMasterAdministrating'),
('Administrator', 'RoomMasterViewing'),
('Administrator', 'RoomTypeRateAdministrating'),
('Administrator', 'RoomTypeRateViewing'),
('Administrator', 'SalePersonAdministrating'),
('Administrator', 'SalePersonViewing'),
('Administrator', 'ServiceGstAdministrating'),
('Administrator', 'ServiceGstViewing'),
('Administrator', 'ServicesAdministrating'),
('Administrator', 'ServicesViewing'),
('Auditor', 'CheckinInfoAdministrating'),
('Auditor', 'CheckinInfoViewing'),
('Auditor', 'GuestLedgerAdministrating'),
('Auditor', 'GuestLedgerViewing'),
('Auditor', 'RoomMasterAdministrating'),
('Auditor', 'RoomMasterViewing'),
('Auditor', 'ServicesAdministrating'),
('Auditor', 'ServicesViewing'),
('Authority', 'CheckinInfoAdministrating'),
('Authority', 'CheckinInfoViewing'),
('Authority', 'CompanyAdministrating'),
('Authority', 'CompanyViewing'),
('Authority', 'CountryAdministrating'),
('Authority', 'CountryViewing'),
('Authority', 'ExchangeRateAdministrating'),
('Authority', 'ExchangeRateViewing'),
('Authority', 'FlightsAdministrating'),
('Authority', 'FlightsViewing'),
('Authority', 'GuestInfoAdministrating'),
('Authority', 'GuestInfoViewing'),
('Authority', 'GuestLedgerAdministrating'),
('Authority', 'GuestLedgerViewing'),
('Authority', 'GuestStatusAdministrating'),
('Authority', 'GuestStatusViewing'),
('Authority', 'hmcontrol@HmsbranchesAdministrating'),
('Authority', 'hmcontrol@HmsbranchesViewing'),
('Authority', 'hmcontrol@HoteltitleAdministrating'),
('Authority', 'hmcontrol@HoteltitleViewing'),
('Authority', 'HmsBranchesAdministrating'),
('Authority', 'HmsBranchesViewing'),
('Authority', 'HmsFloorAdministrating'),
('Authority', 'HmsFloorViewing'),
('Authority', 'HmsRoomTypeAdministrating'),
('Authority', 'HmsRoomTypeViewing'),
('Authority', 'HotelTitleAdministrating'),
('Authority', 'HotelTitleViewing'),
('Authority', 'IdentityAdministrating'),
('Authority', 'IdentityViewing'),
('Authority', 'NewspapersAdministrating'),
('Authority', 'NewspapersViewing'),
('Authority', 'RateTypeAdministrating'),
('Authority', 'RateTypeViewing'),
('Authority', 'ReportsAdministrating'),
('Authority', 'ReportsViewing'),
('Authority', 'ReservationInfoAdministrating'),
('Authority', 'ReservationInfoViewing'),
('Authority', 'ReservationStatusAdministrating'),
('Authority', 'ReservationStatusViewing'),
('Authority', 'RoomMasterAdministrating'),
('Authority', 'RoomMasterViewing'),
('Authority', 'RoomTypeRateAdministrating'),
('Authority', 'RoomTypeRateViewing'),
('Authority', 'SalePersonAdministrating'),
('Authority', 'SalePersonViewing'),
('Authority', 'ServiceGstAdministrating'),
('Authority', 'ServiceGstViewing'),
('Authority', 'ServicesAdministrating'),
('Authority', 'ServicesViewing'),
('CheckinInfoAdministrating', 'CheckinInfoAdmin'),
('CheckinInfoAdministrating', 'CheckinInfoDelete'),
('CheckinInfoAdministrating', 'CheckinInfoIndex'),
('CheckinInfoAdministrating', 'CheckinInfoInhouse'),
('CheckinInfoAdministrating', 'CheckinInfoProcessDayClose'),
('CheckinInfoAdministrating', 'CheckinInforoomsgrid'),
('CheckinInfoAdministrating', 'CheckinInfoUpdate'),
('CheckinInfoAdministrating', 'CheckinInfoUpdateRoomStatus'),
('CheckinInfoAdministrating', 'CheckinInfoView'),
('CheckinInfoAdministrating', 'CheckinInfoViewRegCard'),
('CheckinInfoViewing', 'CheckinInfoAdmin'),
('CheckinInfoViewing', 'CheckinInfoCreate'),
('CheckinInfoViewing', 'CheckinInfoIndex'),
('CheckinInfoViewing', 'CheckinInfoView'),
('CheckinInfoViewing', 'CheckinInfoViewRegCard'),
('CompanyAdministrating', 'CompanyAdmin'),
('CompanyAdministrating', 'CompanyCreate'),
('CompanyAdministrating', 'CompanyDelete'),
('CompanyAdministrating', 'CompanyIndex'),
('CompanyAdministrating', 'CompanyUpdate'),
('CompanyAdministrating', 'CompanyView'),
('CompanyViewing', 'CompanyAdmin'),
('CompanyViewing', 'CompanyCreate'),
('CompanyViewing', 'CompanyIndex'),
('CompanyViewing', 'CompanyView'),
('CountryAdministrating', 'CountryAdmin'),
('CountryAdministrating', 'CountryCreate'),
('CountryAdministrating', 'CountryDelete'),
('CountryAdministrating', 'CountryIndex'),
('CountryAdministrating', 'CountryUpdate'),
('CountryAdministrating', 'CountryView'),
('CountryViewing', 'CountryAdmin'),
('CountryViewing', 'CountryCreate'),
('CountryViewing', 'CountryIndex'),
('CountryViewing', 'CountryView'),
('FlightsAdministrating', 'FlightsAdmin'),
('FlightsAdministrating', 'FlightsCreate'),
('FlightsAdministrating', 'FlightsDelete'),
('FlightsAdministrating', 'FlightsIndex'),
('FlightsAdministrating', 'FlightsUpdate'),
('FlightsAdministrating', 'FlightsView'),
('FlightsViewing', 'FlightsAdmin'),
('FlightsViewing', 'FlightsCreate'),
('FlightsViewing', 'FlightsIndex'),
('FlightsViewing', 'FlightsView'),
('FrontDesk', 'CheckinInfoViewing'),
('FrontDesk', 'CompanyViewing'),
('FrontDesk', 'CountryViewing'),
('FrontDesk', 'ExchangeRateAdministrating'),
('FrontDesk', 'ExchangeRateViewing'),
('FrontDesk', 'FlightsViewing'),
('FrontDesk', 'frontdeskmisc'),
('FrontDesk', 'GuestInfoViewing'),
('FrontDesk', 'GuestLedgerAdministrating'),
('FrontDesk', 'GuestLedgerViewing'),
('FrontDesk', 'GuestStatusAdministrating'),
('FrontDesk', 'GuestStatusViewing'),
('FrontDesk', 'hmcontrol@HmsbranchesAdministrating'),
('FrontDesk', 'hmcontrol@HmsbranchesViewing'),
('FrontDesk', 'hmcontrol@HoteltitleAdministrating'),
('FrontDesk', 'hmcontrol@HoteltitleViewing'),
('FrontDesk', 'HmsBranchesAdministrating'),
('FrontDesk', 'HmsBranchesViewing'),
('FrontDesk', 'HmsFloorAdministrating'),
('FrontDesk', 'HmsFloorViewing'),
('FrontDesk', 'HmsRoomTypeAdministrating'),
('FrontDesk', 'HmsRoomTypeViewing'),
('FrontDesk', 'HotelTitleAdministrating'),
('FrontDesk', 'HotelTitleViewing'),
('FrontDesk', 'IdentityViewing'),
('FrontDesk', 'NewspapersViewing'),
('FrontDesk', 'RateTypeAdministrating'),
('FrontDesk', 'RateTypeViewing'),
('FrontDesk', 'ReservationInfoViewing'),
('FrontDesk', 'ReservationStatusAdministrating'),
('FrontDesk', 'ReservationStatusViewing'),
('FrontDesk', 'RoomMasterViewing'),
('FrontDesk', 'RoomTypeRateAdministrating'),
('FrontDesk', 'RoomTypeRateViewing'),
('FrontDesk', 'SalePersonViewing'),
('FrontDesk', 'ServicesViewing'),
('frontdeskmisc', 'RoomMasterUpdate'),
('GuestInfoAdministrating', 'GuestInfoAdmin'),
('GuestInfoAdministrating', 'GuestInfoCreate'),
('GuestInfoAdministrating', 'GuestInfoDelete'),
('GuestInfoAdministrating', 'GuestInfoIndex'),
('GuestInfoAdministrating', 'GuestInfoUpdate'),
('GuestInfoAdministrating', 'GuestInfoView'),
('GuestInfoViewing', 'GuestInfoAdmin'),
('GuestInfoViewing', 'GuestInfoCreate'),
('GuestInfoViewing', 'GuestInfoView'),
('GuestLedgerAdministrating', 'CheckinInfoUpdateRoomStatus'),
('GuestLedgerAdministrating', 'GuestLedgerCreate'),
('GuestLedgerAdministrating', 'GuestLedgerCreateRoomPost'),
('GuestLedgerAdministrating', 'GuestLedgerDelete'),
('GuestLedgerAdministrating', 'GuestLedgerIndex'),
('GuestLedgerAdministrating', 'GuestLedgerUpdate'),
('GuestLedgerAdministrating', 'GuestLedgerView'),
('GuestLedgerViewing', 'GuestLedgerCreate'),
('GuestLedgerViewing', 'GuestLedgerView'),
('GuestStatusAdministrating', 'GuestStatusAdmin'),
('GuestStatusAdministrating', 'GuestStatusCreate'),
('GuestStatusAdministrating', 'GuestStatusDelete'),
('GuestStatusAdministrating', 'GuestStatusIndex'),
('GuestStatusAdministrating', 'GuestStatusUpdate'),
('GuestStatusAdministrating', 'GuestStatusView'),
('GuestStatusViewing', 'GuestStatusView'),
('hmcontrol@HmsbranchesAdministrating', 'hmcontrol@HmsbranchesAdmin'),
('hmcontrol@HmsbranchesAdministrating', 'hmcontrol@HmsbranchesCreate'),
('hmcontrol@HmsbranchesAdministrating', 'hmcontrol@HmsbranchesDelete'),
('hmcontrol@HmsbranchesAdministrating', 'hmcontrol@HmsbranchesIndex'),
('hmcontrol@HmsbranchesAdministrating', 'hmcontrol@HmsbranchesUpdate'),
('hmcontrol@HmsbranchesAdministrating', 'hmcontrol@HmsbranchesView'),
('hmcontrol@HmsbranchesViewing', 'hmcontrol@HmsbranchesView'),
('hmcontrol@HoteltitleAdministrating', 'hmcontrol@HoteltitleAdmin'),
('hmcontrol@HoteltitleAdministrating', 'hmcontrol@HoteltitleCreate'),
('hmcontrol@HoteltitleAdministrating', 'hmcontrol@HoteltitleDelete'),
('hmcontrol@HoteltitleAdministrating', 'hmcontrol@HoteltitleIndex'),
('hmcontrol@HoteltitleAdministrating', 'hmcontrol@HoteltitleUpdate'),
('hmcontrol@HoteltitleAdministrating', 'hmcontrol@HoteltitleView'),
('hmcontrol@HoteltitleViewing', 'hmcontrol@HoteltitleView'),
('HmsBranchesAdministrating', 'HmsBranchesAdmin'),
('HmsBranchesAdministrating', 'HmsBranchesCreate'),
('HmsBranchesAdministrating', 'HmsBranchesDelete'),
('HmsBranchesAdministrating', 'HmsBranchesIndex'),
('HmsBranchesAdministrating', 'HmsBranchesUpdate'),
('HmsBranchesAdministrating', 'HmsBranchesView'),
('HmsBranchesViewing', 'HmsBranchesView'),
('HmsFloorAdministrating', 'HmsFloorAdmin'),
('HmsFloorAdministrating', 'HmsFloorCreate'),
('HmsFloorAdministrating', 'HmsFloorDelete'),
('HmsFloorAdministrating', 'HmsFloorIndex'),
('HmsFloorAdministrating', 'HmsFloorUpdate'),
('HmsFloorAdministrating', 'HmsFloorView'),
('HmsFloorViewing', 'HmsFloorView'),
('HmsRoomTypeAdministrating', 'HmsRoomTypeAdmin'),
('HmsRoomTypeAdministrating', 'HmsRoomTypeCreate'),
('HmsRoomTypeAdministrating', 'HmsRoomTypeDelete'),
('HmsRoomTypeAdministrating', 'HmsRoomTypeDynamicPerson'),
('HmsRoomTypeAdministrating', 'HmsRoomTypeIndex'),
('HmsRoomTypeAdministrating', 'HmsRoomTypeUpdate'),
('HmsRoomTypeAdministrating', 'HmsRoomTypeView'),
('HmsRoomTypeViewing', 'HmsRoomTypeView'),
('HotelTitleAdministrating', 'HotelTitleAdmin'),
('HotelTitleAdministrating', 'HotelTitleCreate'),
('HotelTitleAdministrating', 'HotelTitleDelete'),
('HotelTitleAdministrating', 'HotelTitleIndex'),
('HotelTitleAdministrating', 'HotelTitleUpdate'),
('HotelTitleAdministrating', 'HotelTitleView'),
('HotelTitleViewing', 'HotelTitleView'),
('IdentityAdministrating', 'IdentityAdmin'),
('IdentityAdministrating', 'IdentityCreate'),
('IdentityAdministrating', 'IdentityDelete'),
('IdentityAdministrating', 'IdentityIndex'),
('IdentityAdministrating', 'IdentityUpdate'),
('IdentityAdministrating', 'IdentityView'),
('IdentityViewing', 'IdentityAdmin'),
('IdentityViewing', 'IdentityCreate'),
('IdentityViewing', 'IdentityIndex'),
('IdentityViewing', 'IdentityView'),
('Manager', 'CheckinInfoAdministrating'),
('Manager', 'CheckinInfoViewing'),
('Manager', 'CompanyAdministrating'),
('Manager', 'CompanyViewing'),
('Manager', 'CountryAdministrating'),
('Manager', 'CountryViewing'),
('Manager', 'ExchangeRateAdministrating'),
('Manager', 'ExchangeRateViewing'),
('Manager', 'FlightsAdministrating'),
('Manager', 'FlightsViewing'),
('Manager', 'GuestInfoAdministrating'),
('Manager', 'GuestInfoViewing'),
('Manager', 'GuestLedgerAdministrating'),
('Manager', 'GuestLedgerViewing'),
('Manager', 'GuestStatusAdministrating'),
('Manager', 'GuestStatusViewing'),
('Manager', 'hmcontrol@HmsbranchesAdministrating'),
('Manager', 'hmcontrol@HmsbranchesViewing'),
('Manager', 'hmcontrol@HoteltitleAdministrating'),
('Manager', 'hmcontrol@HoteltitleViewing'),
('Manager', 'HmsBranchesAdministrating'),
('Manager', 'HmsBranchesViewing'),
('Manager', 'HmsFloorAdministrating'),
('Manager', 'HmsFloorViewing'),
('Manager', 'HmsRoomTypeAdministrating'),
('Manager', 'HmsRoomTypeViewing'),
('Manager', 'HotelTitleAdministrating'),
('Manager', 'HotelTitleViewing'),
('Manager', 'IdentityAdministrating'),
('Manager', 'IdentityViewing'),
('Manager', 'NewspapersAdministrating'),
('Manager', 'NewspapersViewing'),
('Manager', 'RateTypeAdministrating'),
('Manager', 'RateTypeViewing'),
('Manager', 'ReportsAdministrating'),
('Manager', 'ReportsViewing'),
('Manager', 'ReservationInfoAdministrating'),
('Manager', 'ReservationInfoViewing'),
('Manager', 'ReservationStatusAdministrating'),
('Manager', 'ReservationStatusViewing'),
('Manager', 'RoomMasterAdministrating'),
('Manager', 'RoomMasterViewing'),
('Manager', 'RoomTypeRateAdministrating'),
('Manager', 'RoomTypeRateViewing'),
('Manager', 'SalePersonAdministrating'),
('Manager', 'SalePersonViewing'),
('Manager', 'ServiceGstAdministrating'),
('Manager', 'ServiceGstViewing'),
('Manager', 'ServicesAdministrating'),
('Manager', 'ServicesViewing'),
('NewspapersAdministrating', 'NewspapersAdmin'),
('NewspapersAdministrating', 'NewspapersCreate'),
('NewspapersAdministrating', 'NewspapersDelete'),
('NewspapersAdministrating', 'NewspapersIndex'),
('NewspapersAdministrating', 'NewspapersUpdate'),
('NewspapersAdministrating', 'NewspapersView'),
('NewspapersViewing', 'NewspapersAdmin'),
('NewspapersViewing', 'NewspapersCreate'),
('NewspapersViewing', 'NewspapersIndex'),
('NewspapersViewing', 'NewspapersView'),
('RateTypeAdministrating', 'RateTypeAdmin'),
('RateTypeAdministrating', 'RateTypeCreate'),
('RateTypeAdministrating', 'RateTypeDelete'),
('RateTypeAdministrating', 'RateTypeIndex'),
('RateTypeAdministrating', 'RateTypeUpdate'),
('RateTypeAdministrating', 'RateTypeView'),
('RateTypeViewing', 'RateTypeView'),
('ReportsAdministrating', 'ReportsAdmin'),
('ReportsAdministrating', 'ReportsIndex'),
('ReportsAdministrating', 'ReportsPanel'),
('ReportsAdministrating', 'ReportsReport'),
('ReportsAdministrating', 'ReportsView'),
('ReportsViewing', 'ReportsView'),
('ReservationInfoAdministrating', 'ReservationInfoAdmin'),
('ReservationInfoAdministrating', 'ReservationInfoCreate'),
('ReservationInfoAdministrating', 'ReservationInfoDelete'),
('ReservationInfoAdministrating', 'ReservationInfoIndex'),
('ReservationInfoAdministrating', 'ReservationInfoReport'),
('ReservationInfoAdministrating', 'ReservationInfoToday'),
('ReservationInfoAdministrating', 'ReservationInfoUpdate'),
('ReservationInfoAdministrating', 'ReservationInfoView'),
('ReservationInfoViewing', 'ReservationInfoAdmin'),
('ReservationInfoViewing', 'ReservationInfoCreate'),
('ReservationInfoViewing', 'ReservationInfoUpdate'),
('ReservationInfoViewing', 'ReservationInfoView'),
('ReservationStatusAdministrating', 'ReservationStatusAdmin'),
('ReservationStatusAdministrating', 'ReservationStatusCreate'),
('ReservationStatusAdministrating', 'ReservationStatusDelete'),
('ReservationStatusAdministrating', 'ReservationStatusIndex'),
('ReservationStatusAdministrating', 'ReservationStatusUpdate'),
('ReservationStatusAdministrating', 'ReservationStatusView'),
('ReservationStatusViewing', 'ReservationStatusView'),
('RoomMasterAdministrating', 'RoomMasterAdmin'),
('RoomMasterAdministrating', 'RoomMasterCreate'),
('RoomMasterAdministrating', 'RoomMasterDelete'),
('RoomMasterAdministrating', 'RoomMasterIndex'),
('RoomMasterAdministrating', 'RoomMasterUpdate'),
('RoomMasterAdministrating', 'RoomMasterView'),
('RoomMasterViewing', 'RoomMasterAdmin'),
('RoomMasterViewing', 'RoomMasterIndex'),
('RoomMasterViewing', 'RoomMasterView'),
('RoomTypeRateAdministrating', 'RoomTypeRateAdmin'),
('RoomTypeRateAdministrating', 'RoomTypeRateCreate'),
('RoomTypeRateAdministrating', 'RoomTypeRateDelete'),
('RoomTypeRateAdministrating', 'RoomTypeRateIndex'),
('RoomTypeRateAdministrating', 'RoomTypeRateUpdate'),
('RoomTypeRateAdministrating', 'RoomTypeRateView'),
('RoomTypeRateViewing', 'RoomTypeRateView'),
('SalePersonAdministrating', 'SalePersonAdmin'),
('SalePersonAdministrating', 'SalePersonCreate'),
('SalePersonAdministrating', 'SalePersonDelete'),
('SalePersonAdministrating', 'SalePersonIndex'),
('SalePersonAdministrating', 'SalePersonUpdate'),
('SalePersonAdministrating', 'SalePersonView'),
('SalePersonViewing', 'SalePersonAdmin'),
('SalePersonViewing', 'SalePersonCreate'),
('SalePersonViewing', 'SalePersonIndex'),
('SalePersonViewing', 'SalePersonView'),
('ServiceGstAdministrating', 'ServiceGstAdmin'),
('ServiceGstAdministrating', 'ServiceGstCreate'),
('ServiceGstAdministrating', 'ServiceGstDelete'),
('ServiceGstAdministrating', 'ServiceGstIndex'),
('ServiceGstAdministrating', 'ServiceGstUpdate'),
('ServiceGstAdministrating', 'ServiceGstView'),
('ServiceGstViewing', 'ServiceGstView'),
('ServicesAdministrating', 'ServicesAdmin'),
('ServicesAdministrating', 'ServicesCreate'),
('ServicesAdministrating', 'ServicesDelete'),
('ServicesAdministrating', 'ServicesIndex'),
('ServicesAdministrating', 'ServicesUpdate'),
('ServicesAdministrating', 'ServicesView'),
('ServicesViewing', 'ServicesAdmin'),
('ServicesViewing', 'ServicesCreate'),
('ServicesViewing', 'ServicesIndex'),
('ServicesViewing', 'ServicesView'),
('taxcontroller', 'CheckinInfoAdministrating'),
('taxcontroller', 'CheckinInfoViewing');

-- --------------------------------------------------------

--
-- Table structure for table `items`
--

CREATE TABLE IF NOT EXISTS `items` (
  `name` varchar(64) NOT NULL,
  `type` int(11) NOT NULL,
  `description` text,
  `bizrule` text,
  `data` text,
  PRIMARY KEY (`name`)
) ENGINE=MyISAM DEFAULT CHARSET=utf8;

--
-- Dumping data for table `items`
--

INSERT INTO `items` (`name`, `type`, `description`, `bizrule`, `data`) VALUES
('Authority', 2, '', '', ''),
('Administrator', 2, '', '', 's:0:"";'),
('CheckinInfoViewing', 1, '', '', 'N;'),
('CheckinInfoAdministrating', 1, '', '', 'N;'),
('CheckinInfoView', 0, '', '', 'N;'),
('CheckinInfoViewRegCard', 0, '', '', 'N;'),
('CheckinInfoInhouse', 0, '', '', 'N;'),
('CheckinInfoCreate', 0, '', '', 'N;'),
('CheckinInfoUpdate', 0, '', '', 'N;'),
('CheckinInfoUpdateRoomStatus', 0, '', '', 'N;'),
('CheckinInfoDelete', 0, '', '', 'N;'),
('CheckinInfoIndex', 0, '', '', 'N;'),
('CheckinInfoAdmin', 0, '', '', 'N;'),
('CheckinInfoProcessDayClose', 0, '', '', 'N;'),
('CheckinInforoomsgrid', 0, '', '', 'N;'),
('CompanyViewing', 1, '', '', 'N;'),
('CompanyAdministrating', 1, '', '', 'N;'),
('CompanyView', 0, '', '', 'N;'),
('CompanyCreate', 0, '', '', 'N;'),
('CompanyUpdate', 0, '', '', 'N;'),
('CompanyDelete', 0, '', '', 'N;'),
('CompanyIndex', 0, '', '', 'N;'),
('CompanyAdmin', 0, '', '', 'N;'),
('CountryViewing', 1, '', '', 'N;'),
('CountryAdministrating', 1, '', '', 'N;'),
('CountryView', 0, '', '', 'N;'),
('CountryCreate', 0, '', '', 'N;'),
('CountryUpdate', 0, '', '', 'N;'),
('CountryDelete', 0, '', '', 'N;'),
('CountryIndex', 0, '', '', 'N;'),
('CountryAdmin', 0, '', '', 'N;'),
('ExchangeRateViewing', 1, '', '', 'N;'),
('ExchangeRateAdministrating', 1, '', '', 'N;'),
('FlightsViewing', 1, '', '', 'N;'),
('FlightsAdministrating', 1, '', '', 'N;'),
('FlightsView', 0, '', '', 'N;'),
('FlightsCreate', 0, '', '', 'N;'),
('FlightsUpdate', 0, '', '', 'N;'),
('FlightsDelete', 0, '', '', 'N;'),
('FlightsIndex', 0, '', '', 'N;'),
('FlightsAdmin', 0, '', '', 'N;'),
('GuestInfoViewing', 1, '', '', 'N;'),
('GuestInfoAdministrating', 1, '', '', 'N;'),
('GuestInfoView', 0, '', '', 'N;'),
('GuestInfoCreate', 0, '', '', 'N;'),
('GuestInfoUpdate', 0, '', '', 'N;'),
('GuestInfoDelete', 0, '', '', 'N;'),
('GuestInfoIndex', 0, '', '', 'N;'),
('GuestInfoAdmin', 0, '', '', 'N;'),
('GuestLedgerViewing', 1, '', '', 'N;'),
('GuestLedgerAdministrating', 1, '', '', 'N;'),
('GuestLedgerView', 0, '', '', 'N;'),
('GuestLedgerCreate', 0, '', '', 'N;'),
('GuestLedgerUpdate', 0, '', '', 's:0:"";'),
('ServiceGstAdmin', 0, '', '', 'N;'),
('ServiceGstIndex', 0, '', '', 'N;'),
('GuestLedgerIndex', 0, '', '', 'N;'),
('ServiceGstDelete', 0, '', '', 'N;'),
('ServiceGstUpdate', 0, '', '', 'N;'),
('GuestStatusViewing', 1, '', '', 'N;'),
('GuestStatusAdministrating', 1, '', '', 'N;'),
('GuestStatusView', 0, '', '', 'N;'),
('GuestStatusCreate', 0, '', '', 'N;'),
('GuestStatusUpdate', 0, '', '', 'N;'),
('GuestStatusDelete', 0, '', '', 'N;'),
('GuestStatusIndex', 0, '', '', 'N;'),
('GuestStatusAdmin', 0, '', '', 'N;'),
('HmsBranchesViewing', 1, '', '', 'N;'),
('HmsBranchesAdministrating', 1, '', '', 'N;'),
('HmsBranchesView', 0, '', '', 'N;'),
('HmsBranchesCreate', 0, '', '', 'N;'),
('HmsBranchesUpdate', 0, '', '', 'N;'),
('HmsBranchesDelete', 0, '', '', 'N;'),
('HmsBranchesIndex', 0, '', '', 'N;'),
('HmsBranchesAdmin', 0, '', '', 'N;'),
('HmsFloorViewing', 1, '', '', 'N;'),
('HmsFloorAdministrating', 1, '', '', 'N;'),
('HmsFloorView', 0, '', '', 'N;'),
('HmsFloorCreate', 0, '', '', 'N;'),
('HmsFloorUpdate', 0, '', '', 'N;'),
('HmsFloorDelete', 0, '', '', 'N;'),
('HmsFloorIndex', 0, '', '', 'N;'),
('HmsFloorAdmin', 0, '', '', 'N;'),
('HotelTitleViewing', 1, '', '', 'N;'),
('HotelTitleAdministrating', 1, '', '', 'N;'),
('HotelTitleView', 0, '', '', 'N;'),
('HotelTitleCreate', 0, '', '', 'N;'),
('HotelTitleUpdate', 0, '', '', 'N;'),
('HotelTitleDelete', 0, '', '', 'N;'),
('HotelTitleIndex', 0, '', '', 'N;'),
('HotelTitleAdmin', 0, '', '', 'N;'),
('HmsRoomTypeViewing', 1, '', '', 'N;'),
('HmsRoomTypeAdministrating', 1, '', '', 'N;'),
('HmsRoomTypeView', 0, '', '', 'N;'),
('HmsRoomTypeCreate', 0, '', '', 'N;'),
('HmsRoomTypeUpdate', 0, '', '', 'N;'),
('HmsRoomTypeDelete', 0, '', '', 'N;'),
('HmsRoomTypeIndex', 0, '', '', 'N;'),
('HmsRoomTypeAdmin', 0, '', '', 'N;'),
('HmsRoomTypeDynamicPerson', 0, '', '', 'N;'),
('IdentityViewing', 1, '', '', 'N;'),
('IdentityAdministrating', 1, '', '', 'N;'),
('IdentityView', 0, '', '', 'N;'),
('IdentityCreate', 0, '', '', 'N;'),
('IdentityUpdate', 0, '', '', 'N;'),
('IdentityDelete', 0, '', '', 'N;'),
('IdentityIndex', 0, '', '', 'N;'),
('IdentityAdmin', 0, '', '', 'N;'),
('NewspapersViewing', 1, '', '', 'N;'),
('NewspapersAdministrating', 1, '', '', 'N;'),
('NewspapersView', 0, '', '', 'N;'),
('NewspapersCreate', 0, '', '', 'N;'),
('NewspapersUpdate', 0, '', '', 'N;'),
('NewspapersDelete', 0, '', '', 'N;'),
('NewspapersIndex', 0, '', '', 'N;'),
('NewspapersAdmin', 0, '', '', 'N;'),
('RateTypeViewing', 1, '', '', 'N;'),
('RateTypeAdministrating', 1, '', '', 'N;'),
('RateTypeView', 0, '', '', 'N;'),
('RateTypeCreate', 0, '', '', 'N;'),
('RateTypeUpdate', 0, '', '', 'N;'),
('RateTypeDelete', 0, '', '', 'N;'),
('RateTypeIndex', 0, '', '', 'N;'),
('RateTypeAdmin', 0, '', '', 'N;'),
('ReportsViewing', 1, '', '', 'N;'),
('ReportsAdministrating', 1, '', '', 'N;'),
('ReportsPanel', 0, '', '', 'N;'),
('ReportsReport', 0, '', '', 'N;'),
('ReportsView', 0, '', '', 'N;'),
('ReportsIndex', 0, '', '', 'N;'),
('ReportsAdmin', 0, '', '', 'N;'),
('ReservationInfoViewing', 1, '', '', 'N;'),
('ReservationInfoAdministrating', 1, '', '', 'N;'),
('ReservationInfoView', 0, '', '', 'N;'),
('ReservationInfoReport', 0, '', '', 'N;'),
('ServiceGstCreate', 0, '', '', 'N;'),
('ServiceGstView', 0, '', '', 'N;'),
('ReservationInfoCreate', 0, '', '', 'N;'),
('ReservationInfoToday', 0, '', '', 'N;'),
('ReservationInfoUpdate', 0, '', '', 'N;'),
('ReservationInfoDelete', 0, '', '', 'N;'),
('ReservationInfoIndex', 0, '', '', 'N;'),
('ReservationInfoAdmin', 0, '', '', 'N;'),
('ServiceGstAdministrating', 1, '', '', 'N;'),
('GuestLedgerCreateRoomPost', 0, '', '', 'N;'),
('ServiceGstViewing', 1, '', '', 'N;'),
('Auditor', 2, '', '', 's:0:"";'),
('FrontDesk', 2, '', '', 's:0:"";'),
('Manager', 2, '', '', 's:0:"";'),
('ReservationStatusViewing', 1, '', '', 'N;'),
('ReservationStatusAdministrating', 1, '', '', 'N;'),
('ReservationStatusView', 0, '', '', 'N;'),
('ReservationStatusCreate', 0, '', '', 'N;'),
('ReservationStatusUpdate', 0, '', '', 'N;'),
('ReservationStatusDelete', 0, '', '', 'N;'),
('ReservationStatusIndex', 0, '', '', 'N;'),
('ReservationStatusAdmin', 0, '', '', 'N;'),
('RoomMasterViewing', 1, '', '', 'N;'),
('RoomMasterAdministrating', 1, '', '', 'N;'),
('RoomMasterView', 0, '', '', 'N;'),
('RoomMasterCreate', 0, '', '', 'N;'),
('RoomMasterUpdate', 0, '', '', 'N;'),
('RoomMasterDelete', 0, '', '', 'N;'),
('RoomMasterIndex', 0, '', '', 'N;'),
('RoomMasterAdmin', 0, '', '', 'N;'),
('RoomTypeRateViewing', 1, '', '', 'N;'),
('RoomTypeRateAdministrating', 1, '', '', 'N;'),
('RoomTypeRateIndex', 0, '', '', 'N;'),
('RoomTypeRateView', 0, '', '', 'N;'),
('RoomTypeRateCreate', 0, '', '', 'N;'),
('RoomTypeRateUpdate', 0, '', '', 'N;'),
('RoomTypeRateDelete', 0, '', '', 'N;'),
('RoomTypeRateAdmin', 0, '', '', 'N;'),
('SalePersonViewing', 1, '', '', 'N;'),
('SalePersonAdministrating', 1, '', '', 'N;'),
('SalePersonView', 0, '', '', 'N;'),
('SalePersonCreate', 0, '', '', 'N;'),
('SalePersonUpdate', 0, '', '', 'N;'),
('SalePersonDelete', 0, '', '', 'N;'),
('SalePersonIndex', 0, '', '', 'N;'),
('SalePersonAdmin', 0, '', '', 'N;'),
('ServicesViewing', 1, '', '', 'N;'),
('ServicesAdministrating', 1, '', '', 'N;'),
('ServicesView', 0, '', '', 'N;'),
('ServicesCreate', 0, '', '', 'N;'),
('ServicesUpdate', 0, '', '', 'N;'),
('ServicesDelete', 0, '', '', 'N;'),
('ServicesIndex', 0, '', '', 'N;'),
('ServicesAdmin', 0, '', '', 'N;'),
('hmcontrol@HmsbranchesViewing', 1, '', '', 'N;'),
('hmcontrol@HmsbranchesAdministrating', 1, '', '', 'N;'),
('hmcontrol@HmsbranchesView', 0, '', '', 'N;'),
('hmcontrol@HmsbranchesCreate', 0, '', '', 'N;'),
('hmcontrol@HmsbranchesUpdate', 0, '', '', 'N;'),
('hmcontrol@HmsbranchesDelete', 0, '', '', 'N;'),
('hmcontrol@HmsbranchesIndex', 0, '', '', 'N;'),
('hmcontrol@HmsbranchesAdmin', 0, '', '', 'N;'),
('hmcontrol@HoteltitleViewing', 1, '', '', 'N;'),
('hmcontrol@HoteltitleAdministrating', 1, '', '', 'N;'),
('hmcontrol@HoteltitleView', 0, '', '', 'N;'),
('hmcontrol@HoteltitleCreate', 0, '', '', 'N;'),
('hmcontrol@HoteltitleUpdate', 0, '', '', 'N;'),
('hmcontrol@HoteltitleDelete', 0, '', '', 'N;'),
('hmcontrol@HoteltitleIndex', 0, '', '', 'N;'),
('hmcontrol@HoteltitleAdmin', 0, '', '', 'N;'),
('GuestLedgerCharts', 0, '', '', 'N;'),
('GuestLedgerCodewise', 0, '', '', 'N;'),
('GuestLedgerbtc', 0, '', '', 'N;'),
('GuestLedgerpayBTC', 0, '', '', 'N;'),
('GuestLedgerViewBill', 0, '', '', 'N;'),
('GuestLedgerMerge', 0, '', '', 'N;'),
('GuestLedgerMergebills', 0, '', '', 'N;'),
('GuestLedgerSplit', 0, '', '', 'N;'),
('GuestLedgerDothis', 0, '', '', 'N;'),
('GuestLedgerMyprint', 0, '', '', 'N;'),
('GuestLedgerCreateS', 0, '', '', 'N;'),
('GuestLedgerCheckOutPopup', 0, '', '', 'N;'),
('GuestLedgerTransferSelected', 0, '', '', 'N;'),
('GuestLedgerOldfolio', 0, '', '', 'N;'),
('GuestLedgerDayClose', 0, '', '', 'N;'),
('GuestLedgerDayClose2', 0, '', '', 'N;'),
('GuestLedgerUpdate_', 0, '', '', 'N;'),
('GuestLedgerNightpost', 0, '', '', 'N;'),
('GuestLedgerDelete', 0, '', '', 'N;'),
('frontdeskmisc', 1, '', '', 's:0:"";'),
('taxcontroller', 2, '', '', 's:0:"";');

-- --------------------------------------------------------

--
-- Table structure for table `logins`
--

CREATE TABLE IF NOT EXISTS `logins` (
  `id` int(11) NOT NULL AUTO_INCREMENT,
  `name` varchar(100) NOT NULL,
  `username` varchar(100) NOT NULL,
  `password` varchar(100) NOT NULL,
  `date` timestamp NOT NULL DEFAULT CURRENT_TIMESTAMP,
  PRIMARY KEY (`id`)
) ENGINE=InnoDB  DEFAULT CHARSET=utf8 AUTO_INCREMENT=3 ;

--
-- Dumping data for table `logins`
--

INSERT INTO `logins` (`id`, `name`, `username`, `password`, `date`) VALUES
(1, 'rashid ali', 'rashid', '123', '2013-01-01 14:53:26'),
(2, 'Faisal', 'admin', 'admin', '2013-01-26 18:07:52');

-- --------------------------------------------------------

--
-- Table structure for table `settings`
--

CREATE TABLE IF NOT EXISTS `settings` (
  `id` int(11) NOT NULL AUTO_INCREMENT,
  `unit` varchar(50) NOT NULL,
  `description` varchar(100) NOT NULL,
  `value` varchar(50) NOT NULL,
  `fieldtype` varchar(15) DEFAULT NULL,
  `htmlcode` text,
  PRIMARY KEY (`id`),
  UNIQUE KEY `unit` (`unit`)
) ENGINE=InnoDB  DEFAULT CHARSET=utf8 AUTO_INCREMENT=9 ;

--
-- Dumping data for table `settings`
--

INSERT INTO `settings` (`id`, `unit`, `description`, `value`, `fieldtype`, `htmlcode`) VALUES
(1, 'taxcontrol', 'Tax Controll Yes/No', '0', '', ''),
(2, 'lang1', 'Language Selection Through Model', '3', 'dropDownList', '{"data":{"model":"AccountName","condition":"","id":"id","name":"name"},"html_options":[]}'),
(3, 'language', 'Language Selection Through Code', 'en', 'dropDownCode', '{"data":{"ar":"Arabic","en":"English"},"html_options":[]} '),
(4, 'lang3', 'Language Selection Through Text Box', 'ar', 'textField', '{"html_options":{"size":10,"maxlength":2}} '),
(5, 'total_rooms', 'Total rooms of the hotel', '8', '', ''),
(6, 'dashboard', '', '1', NULL, NULL),
(7, 'bill_template', '', '2', NULL, NULL),
(8, 'bed_tax', '', '0', NULL, NULL);

-- --------------------------------------------------------

--
-- Table structure for table `user`
--

CREATE TABLE IF NOT EXISTS `user` (
  `id` int(11) NOT NULL AUTO_INCREMENT,
  `username` varchar(128) NOT NULL,
  `password` varchar(128) NOT NULL,
  `email` varchar(128) NOT NULL,
  `hotel_id` int(11) NOT NULL,
  `hotel_branch_id` int(11) NOT NULL,
  PRIMARY KEY (`id`),
  UNIQUE KEY `username` (`username`),
  KEY `hotel_branch_id` (`hotel_branch_id`),
  KEY `hotel_id` (`hotel_id`)
) ENGINE=InnoDB  DEFAULT CHARSET=utf8 AUTO_INCREMENT=18 ;

--
-- Dumping data for table `user`
--

INSERT INTO `user` (`id`, `username`, `password`, `email`, `hotel_id`, `hotel_branch_id`) VALUES
(1, 'admin', 'admin', 'admin@maaliksoft.com', 1, 1),
(6, 'qasim', 'qasim', 'qasim@maaliksoft.com', 1, 1),
(7, 'ali', '123456', 'ali@yahoo.com', 1, 1),
(12, 'bluelines', '123456', 'bluelines@yahoo.com', 2, 3),
(13, 'branchadmin', '123456', 'faisal@yahoo.com', 5, 7),
(14, 'frontdesk', '123456', 'test@tesd.com', 5, 7),
(15, 'backoffice', '123456', 'adsfsdf@sdfdsf.sdf', 5, 7),
(16, 'auditor', '123456', 'test@tesd.com', 5, 7),
(17, 'secret', 'secret', 'test@gmail.com', 5, 7);

-- --------------------------------------------------------

--
-- Table structure for table `user_admin`
--

CREATE TABLE IF NOT EXISTS `user_admin` (
  `id` int(11) NOT NULL AUTO_INCREMENT,
  `name` varchar(80) NOT NULL,
  `email` varchar(100) NOT NULL,
  `user_name` varchar(100) NOT NULL,
  `password` varchar(100) NOT NULL,
  `created_date` timestamp NOT NULL DEFAULT CURRENT_TIMESTAMP ON UPDATE CURRENT_TIMESTAMP,
  PRIMARY KEY (`id`)
) ENGINE=InnoDB  DEFAULT CHARSET=utf8 AUTO_INCREMENT=2 ;

--
-- Dumping data for table `user_admin`
--

INSERT INTO `user_admin` (`id`, `name`, `email`, `user_name`, `password`, `created_date`) VALUES
(1, 'Faisal', 'faisal@adad.xom', 'faisal', '123', '2013-02-02 12:51:21');

--
-- Constraints for dumped tables
--

--
-- Constraints for table `account_ledger`
--
ALTER TABLE `account_ledger`
  ADD CONSTRAINT `account_ledger_ibfk_5` FOREIGN KEY (`dr`) REFERENCES `account_name` (`id`) ON DELETE CASCADE ON UPDATE CASCADE,
  ADD CONSTRAINT `account_ledger_ibfk_6` FOREIGN KEY (`cr`) REFERENCES `account_name` (`id`) ON DELETE CASCADE ON UPDATE CASCADE;

--
-- Constraints for table `account_name`
--
ALTER TABLE `account_name`
  ADD CONSTRAINT `account_name_ibfk_1` FOREIGN KEY (`account_type_id`) REFERENCES `account_type` (`id`) ON DELETE CASCADE ON UPDATE CASCADE;

--
-- Constraints for table `hms_branches`
--
ALTER TABLE `hms_branches`
  ADD CONSTRAINT `hms_branches_ibfk_1` FOREIGN KEY (`hotel_id`) REFERENCES `hotel_title` (`id`) ON DELETE CASCADE ON UPDATE CASCADE;

--
-- Constraints for table `hms_checkin_info`
--
ALTER TABLE `hms_checkin_info`
  ADD CONSTRAINT `hms_checkin_info_ibfk_1` FOREIGN KEY (`room_id`) REFERENCES `hms_room_master` (`mst_room_id`) ON DELETE CASCADE ON UPDATE CASCADE,
  ADD CONSTRAINT `hms_checkin_info_ibfk_2` FOREIGN KEY (`guest_company_id`) REFERENCES `hms_company_info` (`comp_id`) ON DELETE CASCADE ON UPDATE CASCADE,
  ADD CONSTRAINT `hms_checkin_info_ibfk_3` FOREIGN KEY (`branch_id`) REFERENCES `hms_branches` (`branch_id`);

--
-- Constraints for table `hms_company_info`
--
ALTER TABLE `hms_company_info`
  ADD CONSTRAINT `hms_company_info_ibfk_1` FOREIGN KEY (`country_id`) REFERENCES `country` (`country_id`) ON DELETE CASCADE ON UPDATE CASCADE,
  ADD CONSTRAINT `hms_company_info_ibfk_2` FOREIGN KEY (`user_id`) REFERENCES `user` (`id`) ON DELETE CASCADE ON UPDATE CASCADE,
  ADD CONSTRAINT `hms_company_info_ibfk_3` FOREIGN KEY (`branch_id`) REFERENCES `hms_branches` (`branch_id`) ON DELETE CASCADE ON UPDATE CASCADE;

--
-- Constraints for table `hms_exchange_rate`
--
ALTER TABLE `hms_exchange_rate`
  ADD CONSTRAINT `hms_exchange_rate_ibfk_1` FOREIGN KEY (`country_id`) REFERENCES `country` (`country_id`) ON DELETE CASCADE ON UPDATE CASCADE,
  ADD CONSTRAINT `hms_exchange_rate_ibfk_2` FOREIGN KEY (`user_id`) REFERENCES `user` (`id`) ON DELETE CASCADE ON UPDATE CASCADE,
  ADD CONSTRAINT `hms_exchange_rate_ibfk_3` FOREIGN KEY (`branch_id`) REFERENCES `hms_branches` (`branch_id`) ON DELETE CASCADE ON UPDATE CASCADE,
  ADD CONSTRAINT `hms_exchange_rate_ibfk_4` FOREIGN KEY (`branch_id`) REFERENCES `hms_branches` (`branch_id`) ON DELETE CASCADE ON UPDATE CASCADE;

--
-- Constraints for table `hms_flight_info`
--
ALTER TABLE `hms_flight_info`
  ADD CONSTRAINT `hms_flight_info_ibfk_1` FOREIGN KEY (`branch_id`) REFERENCES `hms_branches` (`branch_id`) ON DELETE CASCADE ON UPDATE CASCADE;

--
-- Constraints for table `hms_floor`
--
ALTER TABLE `hms_floor`
  ADD CONSTRAINT `hms_floor_ibfk_1` FOREIGN KEY (`branch_id`) REFERENCES `hms_branches` (`branch_id`) ON DELETE CASCADE ON UPDATE CASCADE;

--
-- Constraints for table `hms_guest_info`
--
ALTER TABLE `hms_guest_info`
  ADD CONSTRAINT `hms_guest_info_ibfk_1` FOREIGN KEY (`guest_country_id`) REFERENCES `country` (`country_id`) ON DELETE CASCADE ON UPDATE CASCADE,
  ADD CONSTRAINT `hms_guest_info_ibfk_3` FOREIGN KEY (`guest_salutation_id`) REFERENCES `hms_salutation` (`salutation_id`) ON DELETE CASCADE ON UPDATE CASCADE,
  ADD CONSTRAINT `hms_guest_info_ibfk_4` FOREIGN KEY (`user_id`) REFERENCES `user` (`id`) ON DELETE CASCADE ON UPDATE CASCADE,
  ADD CONSTRAINT `hms_guest_info_ibfk_5` FOREIGN KEY (`branch_id`) REFERENCES `hms_branches` (`branch_id`) ON DELETE CASCADE ON UPDATE CASCADE,
  ADD CONSTRAINT `hms_guest_info_ibfk_6` FOREIGN KEY (`guest_identity_id`) REFERENCES `hms_identity` (`identity_id`) ON DELETE CASCADE ON UPDATE CASCADE,
  ADD CONSTRAINT `hms_guest_info_ibfk_7` FOREIGN KEY (`guest_company_id`) REFERENCES `hms_company_info` (`comp_id`) ON DELETE CASCADE ON UPDATE CASCADE;

--
-- Constraints for table `hms_guest_status`
--
ALTER TABLE `hms_guest_status`
  ADD CONSTRAINT `hms_guest_status_ibfk_1` FOREIGN KEY (`branch_id`) REFERENCES `hms_branches` (`branch_id`) ON DELETE CASCADE ON UPDATE CASCADE;

--
-- Constraints for table `hms_identity`
--
ALTER TABLE `hms_identity`
  ADD CONSTRAINT `hms_identity_ibfk_1` FOREIGN KEY (`branch_id`) REFERENCES `hms_branches` (`branch_id`) ON DELETE CASCADE ON UPDATE CASCADE;

--
-- Constraints for table `hms_newspapers`
--
ALTER TABLE `hms_newspapers`
  ADD CONSTRAINT `hms_newspapers_ibfk_1` FOREIGN KEY (`branch_id`) REFERENCES `hms_branches` (`branch_id`) ON DELETE CASCADE ON UPDATE CASCADE;

--
-- Constraints for table `hms_rate_type`
--
ALTER TABLE `hms_rate_type`
  ADD CONSTRAINT `hms_rate_type_ibfk_1` FOREIGN KEY (`branch_id`) REFERENCES `hms_branches` (`branch_id`) ON DELETE CASCADE ON UPDATE CASCADE;

--
-- Constraints for table `hms_reservation_status`
--
ALTER TABLE `hms_reservation_status`
  ADD CONSTRAINT `hms_reservation_status_ibfk_1` FOREIGN KEY (`branch_id`) REFERENCES `hms_branches` (`branch_id`) ON DELETE CASCADE ON UPDATE CASCADE;

--
-- Constraints for table `hms_room_master`
--
ALTER TABLE `hms_room_master`
  ADD CONSTRAINT `hms_room_master_ibfk_1` FOREIGN KEY (`mst_floor_id`) REFERENCES `hms_floor` (`floor_id`) ON DELETE CASCADE ON UPDATE CASCADE,
  ADD CONSTRAINT `hms_room_master_ibfk_2` FOREIGN KEY (`mst_roomtypeid`) REFERENCES `hms_room_type` (`room_type_id`) ON DELETE CASCADE ON UPDATE CASCADE,
  ADD CONSTRAINT `hms_room_master_ibfk_3` FOREIGN KEY (`branch_id`) REFERENCES `hms_branches` (`branch_id`) ON DELETE CASCADE ON UPDATE CASCADE;

--
-- Constraints for table `hms_room_type`
--
ALTER TABLE `hms_room_type`
  ADD CONSTRAINT `hms_room_type_ibfk_1` FOREIGN KEY (`branch_id`) REFERENCES `hms_branches` (`branch_id`) ON DELETE CASCADE ON UPDATE CASCADE;

--
-- Constraints for table `hms_room_type_rate`
--
ALTER TABLE `hms_room_type_rate`
  ADD CONSTRAINT `hms_room_type_rate_ibfk_1` FOREIGN KEY (`rate_type_id`) REFERENCES `hms_rate_type` (`rate_type_id`) ON DELETE CASCADE ON UPDATE CASCADE,
  ADD CONSTRAINT `hms_room_type_rate_ibfk_2` FOREIGN KEY (`room_type_id`) REFERENCES `hms_room_type` (`room_type_id`) ON DELETE CASCADE ON UPDATE CASCADE,
  ADD CONSTRAINT `hms_room_type_rate_ibfk_4` FOREIGN KEY (`branch_id`) REFERENCES `hms_branches` (`branch_id`) ON DELETE CASCADE ON UPDATE CASCADE,
  ADD CONSTRAINT `hms_room_type_rate_ibfk_5` FOREIGN KEY (`user_id`) REFERENCES `user` (`id`) ON DELETE CASCADE ON UPDATE CASCADE,
  ADD CONSTRAINT `hms_room_type_rate_ibfk_6` FOREIGN KEY (`company_id`) REFERENCES `hms_company_info` (`comp_id`) ON DELETE CASCADE ON UPDATE CASCADE;

--
-- Constraints for table `hms_sale_person`
--
ALTER TABLE `hms_sale_person`
  ADD CONSTRAINT `hms_sale_person_ibfk_1` FOREIGN KEY (`branch_id`) REFERENCES `hms_branches` (`branch_id`) ON DELETE CASCADE ON UPDATE CASCADE;

--
-- Constraints for table `hms_salutation`
--
ALTER TABLE `hms_salutation`
  ADD CONSTRAINT `hms_salutation_ibfk_1` FOREIGN KEY (`branch_id`) REFERENCES `hms_branches` (`branch_id`) ON DELETE CASCADE ON UPDATE CASCADE;

--
-- Constraints for table `hms_services`
--
ALTER TABLE `hms_services`
  ADD CONSTRAINT `hms_services_ibfk_1` FOREIGN KEY (`branch_id`) REFERENCES `hms_branches` (`branch_id`) ON DELETE CASCADE ON UPDATE CASCADE;

--
-- Constraints for table `hms_service_gst`
--
ALTER TABLE `hms_service_gst`
  ADD CONSTRAINT `hms_service_gst_ibfk_2` FOREIGN KEY (`branch_id`) REFERENCES `hms_branches` (`branch_id`) ON DELETE CASCADE ON UPDATE CASCADE,
  ADD CONSTRAINT `hms_service_gst_ibfk_3` FOREIGN KEY (`gst_service_id`) REFERENCES `hms_services` (`service_id`) ON DELETE CASCADE ON UPDATE CASCADE;

--
-- Constraints for table `user`
--
ALTER TABLE `user`
  ADD CONSTRAINT `user_ibfk_1` FOREIGN KEY (`hotel_branch_id`) REFERENCES `hms_branches` (`branch_id`) ON DELETE CASCADE ON UPDATE CASCADE,
  ADD CONSTRAINT `user_ibfk_2` FOREIGN KEY (`hotel_id`) REFERENCES `hotel_title` (`id`) ON DELETE CASCADE ON UPDATE CASCADE;

/*!40101 SET CHARACTER_SET_CLIENT=@OLD_CHARACTER_SET_CLIENT */;
/*!40101 SET CHARACTER_SET_RESULTS=@OLD_CHARACTER_SET_RESULTS */;
/*!40101 SET COLLATION_CONNECTION=@OLD_COLLATION_CONNECTION */;
